data,mes,dia_ano,regiao,ra_codigo,ra_nome,lat,lon,pm10_media,pm10_max,pm2_5_media,o3_media,o3_max,no2_media,co_media,so2_media,temp_media,temp_max,temp_min,ur_media,ur_min,chuva_dia,derivada_pm10,derivada_temp,integral_acumulada_pm10,integral_acumulada_pm2_5,ips_2024,ips_dim_necessidades,ips_dim_bem_estar,ips_dim_oportunidades,ips_comp_meio_ambiente,ips_dim_moradia,pct_arborizacao_2022,qtd_domicilios_arborizados,total_domicilios,isa,isa_classe,flag_missing_pm10,flag_outlier_pm10,flag_imputado
2024-01-01,1,1,Centro,II,II — Centro,-22.9068,-43.1812,44.17,68.0,,16.39,28.4,,,,25.29,27.67,24.07,70.42,58.07,0.0,-6.75,1.09,0.0,,57.66,53.76,54.76,64.48,36.66,94.3,56.05,7260.0,12953.0,69.27,Regular,0,1,0
2024-01-02,1,2,Centro,II,II — Centro,-22.9068,-43.1812,37.42,54.0,,19.81,31.85,,,,26.38,30.58,23.38,75.53,60.27,0.0,-1.42,0.96,40.8,,57.66,53.76,54.76,64.48,36.66,94.3,56.05,7260.0,12953.0,69.27,Regular,0,0,0
2024-01-03,1,3,Centro,II,II — Centro,-22.9068,-43.1812,41.33,72.0,,14.2,40.47,,,,27.2,34.0,23.9,84.2,52.62,1.2,-4.33,-0.27,80.17,,57.66,53.76,54.76,64.48,36.66,94.3,56.05,7260.0,12953.0,69.27,Regular,0,1,0
2024-01-04,1,4,Centro,II,II — Centro,-22.9068,-43.1812,28.77,53.0,,16.77,37.61,,,,25.84,30.0,23.58,88.72,65.17,0.6,-9.06,0.37,115.22,,57.66,53.76,54.76,64.48,36.66,94.3,56.05,7260.0,12953.0,69.27,Regular,0,0,0
2024-01-05,1,5,Centro,II,II — Centro,-22.9068,-43.1812,23.21,30.0,,25.68,36.12,,,,27.94,36.37,24.9,77.86,44.28,0.4,-0.3,1.09,141.21,,57.66,53.76,54.76,64.48,36.66,94.3,56.05,7260.0,12953.0,69.27,Regular,0,0,0
2024-01-06,1,6,Centro,II,II — Centro,-22.9068,-43.1812,28.17,42.0,,19.69,33.16,,,,28.01,35.47,23.9,75.06,45.05,1.0,2.88,0.22,166.9,,57.66,53.76,54.76,64.48,36.66,94.3,56.05,7260.0,12953.0,69.27,Regular,0,0,0
2024-01-07,1,7,Centro,II,II — Centro,-22.9068,-43.1812,28.96,42.0,,20.73,43.7,,,,28.39,37.6,23.93,72.58,40.1,0.0,5.33,0.84,195.46,,57.66,53.76,54.76,64.48,36.66,94.3,56.05,7260.0,12953.0,69.27,Regular,0,0,0
2024-01-08,1,8,Centro,II,II — Centro,-22.9068,-43.1812,38.83,104.0,,20.67,46.9,,,,29.7,39.6,25.35,69.82,37.97,0.0,12.36,1.04,229.36,,57.66,53.76,54.76,64.48,36.66,94.3,56.05,7260.0,12953.0,69.27,Regular,0,1,0
2024-01-09,1,9,Centro,II,II — Centro,-22.9068,-43.1812,53.67,121.0,,24.92,50.55,,,,30.46,35.55,27.42,70.57,47.32,0.0,-0.39,0.13,275.61,,57.66,53.76,54.76,64.48,36.66,94.3,56.05,7260.0,12953.0,69.27,Regular,0,1,0
2024-01-10,1,10,Centro,II,II — Centro,-22.9068,-43.1812,38.04,56.0,,45.78,78.0,,,,29.96,37.6,26.2,74.45,42.73,0.0,-6.86,-0.08,321.47,,57.66,53.76,54.76,64.48,36.66,94.3,56.05,7260.0,12953.0,69.27,Regular,0,0,0
2024-01-11,1,11,Centro,II,II — Centro,-22.9068,-43.1812,39.96,57.0,,32.38,70.86,,,,30.3,38.73,26.23,72.65,41.08,0.0,-6.18,-0.23,360.46,,57.66,53.76,54.76,64.48,36.66,94.3,56.05,7260.0,12953.0,69.27,Regular,0,0,0
2024-01-12,1,12,Centro,II,II — Centro,-22.9068,-43.1812,25.67,46.0,,25.23,76.77,,,,29.5,36.97,26.4,76.23,42.02,0.0,-7.12,-1.17,393.28,,57.66,53.76,54.76,64.48,36.66,94.3,56.05,7260.0,12953.0,69.27,Regular,0,0,0
2024-01-13,1,13,Centro,II,II — Centro,-22.9068,-43.1812,25.71,41.0,,26.86,42.26,,,,27.97,34.3,25.52,88.12,58.3,5.2,2.27,-1.05,418.97,,57.66,53.76,54.76,64.48,36.66,94.3,56.05,7260.0,12953.0,69.27,Regular,0,0,0
2024-01-14,1,14,Centro,II,II — Centro,-22.9068,-43.1812,30.21,44.0,,25.21,47.16,,,,27.39,32.42,24.9,87.46,62.7,2.2,3.7,1.5,446.93,,57.66,53.76,54.76,64.48,36.66,94.3,56.05,7260.0,12953.0,69.27,Regular,0,0,0
2024-01-15,1,15,Centro,II,II — Centro,-22.9068,-43.1812,33.12,66.0,,20.4,54.76,,,,30.97,41.48,25.27,68.48,35.78,0.2,5.93,2.32,478.6,,57.66,53.76,54.76,64.48,36.66,94.3,56.05,7260.0,12953.0,69.27,Regular,0,1,0
2024-01-16,1,16,Centro,II,II — Centro,-22.9068,-43.1812,42.08,76.0,,36.6,100.31,,,,32.02,39.8,28.25,66.62,40.72,0.0,6.4,1.04,516.2,,57.66,53.76,54.76,64.48,36.66,94.3,56.05,7260.0,12953.0,69.27,Regular,0,1,0
2024-01-17,1,17,Centro,II,II — Centro,-22.9068,-43.1812,45.92,61.0,,39.32,86.7,,,,33.05,40.92,28.93,63.1,40.1,0.0,-3.83,-0.92,560.2,,57.66,53.76,54.76,64.48,36.66,94.3,56.05,7260.0,12953.0,69.27,Regular,0,0,0
2024-01-18,1,18,Centro,II,II — Centro,-22.9068,-43.1812,34.42,47.0,,39.69,64.9,,,,30.19,33.35,27.75,79.12,64.23,0.0,-4.71,-1.87,600.36,,57.66,53.76,54.76,64.48,36.66,94.3,56.05,7260.0,12953.0,69.27,Regular,0,0,0
2024-01-19,1,19,Centro,II,II — Centro,-22.9068,-43.1812,36.5,59.0,,29.4,85.15,,,,29.3,35.67,25.27,78.64,53.13,0.4,-0.12,1.0,635.83,,57.66,53.76,54.76,64.48,36.66,94.3,56.05,7260.0,12953.0,69.27,Regular,0,0,0
2024-01-20,1,20,Centro,II,II — Centro,-22.9068,-43.1812,34.17,58.0,,38.87,74.44,,,,32.19,40.68,28.05,66.1,35.53,0.0,-8.16,-0.46,671.16,,57.66,53.76,54.76,64.48,36.66,94.3,56.05,7260.0,12953.0,69.27,Regular,0,0,0
2024-01-21,1,21,Centro,II,II — Centro,-22.9068,-43.1812,20.17,36.0,,33.27,56.63,,,,28.37,33.17,24.62,80.2,57.03,0.0,-2.42,-2.44,698.33,,57.66,53.76,54.76,64.48,36.66,94.3,56.05,7260.0,12953.0,69.27,Regular,0,0,0
2024-01-22,1,22,Centro,II,II — Centro,-22.9068,-43.1812,29.33,40.0,,17.41,31.85,,,,27.31,32.03,25.03,81.7,54.58,1.0,2.85,-2.76,723.08,,57.66,53.76,54.76,64.48,36.66,94.3,56.05,7260.0,12953.0,69.27,Regular,0,0,0
2024-01-23,1,23,Centro,II,II — Centro,-22.9068,-43.1812,25.88,39.0,,13.37,29.1,,,,22.85,25.4,20.33,96.99,86.93,1.4,-4.6,-2.27,750.68,,57.66,53.76,54.76,64.48,36.66,94.3,56.05,7260.0,12953.0,69.27,Regular,0,0,0
2024-01-24,1,24,Centro,II,II — Centro,-22.9068,-43.1812,20.12,37.0,,16.0,32.74,,,,22.76,26.4,19.9,92.64,75.08,14.6,-1.19,0.94,773.68,,57.66,53.76,54.76,64.48,36.66,94.3,56.05,7260.0,12953.0,69.27,Regular,0,0,0
2024-01-25,1,25,Centro,II,II — Centro,-22.9068,-43.1812,23.5,43.0,,20.88,38.27,,,,24.74,28.62,22.32,89.67,70.52,5.2,1.06,0.71,795.5,,57.66,53.76,54.76,64.48,36.66,94.3,56.05,7260.0,12953.0,69.27,Regular,0,0,0
2024-01-26,1,26,Centro,II,II — Centro,-22.9068,-43.1812,22.25,38.0,,12.08,21.74,,,,24.18,26.87,22.73,95.03,78.23,9.8,0.71,0.56,818.37,,57.66,53.76,54.76,64.48,36.66,94.3,56.05,7260.0,12953.0,69.27,Regular,0,0,0
2024-01-27,1,27,Centro,II,II — Centro,-22.9068,-43.1812,24.92,34.0,,8.12,20.72,,,,25.85,31.97,23.3,85.68,58.05,0.0,1.62,0.7,841.96,,57.66,53.76,54.76,64.48,36.66,94.3,56.05,7260.0,12953.0,69.27,Regular,0,0,0
2024-01-28,1,28,Centro,II,II — Centro,-22.9068,-43.1812,25.5,38.0,,11.17,35.45,,,,25.57,30.03,22.68,86.18,69.15,15.6,-1.52,0.88,867.17,,57.66,53.76,54.76,64.48,36.66,94.3,56.05,7260.0,12953.0,69.27,Regular,0,0,0
2024-01-29,1,29,Centro,II,II — Centro,-22.9068,-43.1812,21.88,37.0,,25.81,44.32,,,,27.61,37.47,23.18,78.67,41.9,0.0,0.88,1.61,890.86,,57.66,53.76,54.76,64.48,36.66,94.3,56.05,7260.0,12953.0,69.27,Regular,0,0,0
2024-01-30,1,30,Centro,II,II — Centro,-22.9068,-43.1812,27.25,52.0,,19.17,45.88,,,,28.78,35.2,25.55,79.4,55.33,0.0,3.04,0.01,915.42,,57.66,53.76,54.76,64.48,36.66,94.3,56.05,7260.0,12953.0,69.27,Regular,0,0,0
2024-01-31,1,31,Centro,II,II — Centro,-22.9068,-43.1812,27.96,54.0,,33.26,102.29,,,,27.62,32.88,23.35,82.2,60.3,6.2,0.21,-0.67,943.03,,57.66,53.76,54.76,64.48,36.66,94.3,56.05,7260.0,12953.0,69.27,Regular,0,0,0
2024-02-01,2,32,Centro,II,II — Centro,-22.9068,-43.1812,27.67,41.0,,35.5,97.31,,,,27.44,35.48,24.22,75.92,42.48,0.0,0.38,-0.41,970.84,,57.66,53.76,54.76,64.48,36.66,94.3,56.05,7260.0,12953.0,69.5,Regular,0,0,0
2024-02-02,2,33,Centro,II,II — Centro,-22.9068,-43.1812,28.71,52.0,,22.93,34.69,,,,26.81,30.22,24.92,84.75,66.92,0.2,1.27,0.32,999.03,,57.66,53.76,54.76,64.48,36.66,94.3,56.05,7260.0,12953.0,69.5,Regular,0,0,0
2024-02-03,2,34,Centro,II,II — Centro,-22.9068,-43.1812,30.21,52.0,,22.78,57.09,,,,28.08,32.75,24.72,80.73,62.22,0.0,-3.48,0.83,1028.49,,57.66,53.76,54.76,64.48,36.66,94.3,56.05,7260.0,12953.0,69.5,Regular,0,0,0
2024-02-04,2,35,Centro,II,II — Centro,-22.9068,-43.1812,21.75,36.0,,14.71,43.71,,,,28.46,36.1,24.82,80.47,53.27,0.6,-3.04,0.32,1054.47,,57.66,53.76,54.76,64.48,36.66,94.3,56.05,7260.0,12953.0,69.5,Regular,0,0,0
2024-02-05,2,36,Centro,II,II — Centro,-22.9068,-43.1812,24.12,41.0,,19.54,60.99,,,,28.71,37.93,24.9,73.54,43.13,0.0,3.0,0.45,1077.41,,57.66,53.76,54.76,64.48,36.66,94.3,56.05,7260.0,12953.0,69.5,Regular,0,0,0
2024-02-06,2,37,Centro,II,II — Centro,-22.9068,-43.1812,27.75,42.0,,16.26,46.43,,,,29.35,37.92,25.1,73.88,42.08,0.0,3.69,0.5,1103.34,,57.66,53.76,54.76,64.48,36.66,94.3,56.05,7260.0,12953.0,69.5,Regular,0,0,0
2024-02-07,2,38,Centro,II,II — Centro,-22.9068,-43.1812,31.5,56.0,,24.46,71.59,,,,29.71,37.43,26.08,74.03,41.65,0.0,-1.11,0.12,1132.97,,57.66,53.76,54.76,64.48,36.66,94.3,56.05,7260.0,12953.0,69.5,Regular,0,0,0
2024-02-08,2,39,Centro,II,II — Centro,-22.9068,-43.1812,25.54,45.0,,19.93,36.84,,,,29.6,39.58,26.0,73.03,40.88,0.0,-0.25,0.06,1161.49,,57.66,53.76,54.76,64.48,36.66,94.3,56.05,7260.0,12953.0,69.5,Regular,0,0,0
2024-02-09,2,40,Centro,II,II — Centro,-22.9068,-43.1812,31.0,62.0,,18.74,51.47,,,,29.84,41.03,25.93,72.09,39.52,0.0,-1.0,-0.25,1189.76,,57.66,53.76,54.76,64.48,36.66,94.3,56.05,7260.0,12953.0,69.5,Regular,0,0,0
2024-02-10,2,41,Centro,II,II — Centro,-22.9068,-43.1812,23.54,37.0,,18.19,34.98,,,,29.11,35.8,25.9,66.14,43.18,0.0,-0.94,0.04,1217.03,,57.66,53.76,54.76,64.48,36.66,94.3,56.05,7260.0,12953.0,69.5,Regular,0,0,0
2024-02-11,2,42,Centro,II,II — Centro,-22.9068,-43.1812,29.12,54.0,,17.25,38.88,,,,29.91,40.13,25.98,64.43,34.28,0.0,6.27,1.11,1243.36,,57.66,53.76,54.76,64.48,36.66,94.3,56.05,7260.0,12953.0,69.5,Regular,0,0,0
2024-02-12,2,43,Centro,II,II — Centro,-22.9068,-43.1812,36.08,76.0,,17.12,47.38,,,,31.32,41.13,26.85,55.44,29.68,0.0,3.85,0.89,1275.96,,57.66,53.76,54.76,64.48,36.66,94.3,56.05,7260.0,12953.0,69.5,Regular,0,1,0
2024-02-13,2,44,Centro,II,II — Centro,-22.9068,-43.1812,36.83,61.0,,21.43,68.58,,,,31.7,37.27,27.6,56.69,37.93,0.0,-6.64,-0.62,1312.41,,57.66,53.76,54.76,64.48,36.66,94.3,56.05,7260.0,12953.0,69.5,Regular,0,0,0
2024-02-14,2,45,Centro,II,II — Centro,-22.9068,-43.1812,22.79,35.0,,32.46,46.11,,,,30.07,34.3,25.35,62.18,40.32,1.2,-8.11,-3.32,1342.22,,57.66,53.76,54.76,64.48,36.66,94.3,56.05,7260.0,12953.0,69.5,Regular,0,0,0
2024-02-15,2,46,Centro,II,II — Centro,-22.9068,-43.1812,20.6,33.0,,17.37,38.28,,,,25.06,27.42,24.53,98.79,84.57,6.6,2.83,-1.36,1363.92,,57.66,53.76,54.76,64.48,36.66,94.3,56.05,7260.0,12953.0,69.5,Regular,0,0,0
2024-02-16,2,47,Centro,II,II — Centro,-22.9068,-43.1812,28.45,39.0,,11.22,15.8,,,,27.36,30.82,24.28,73.49,53.98,0.0,1.22,1.72,1388.44,,57.66,53.76,54.76,64.48,36.66,94.3,56.05,7260.0,12953.0,69.5,Regular,0,0,0
2024-02-17,2,48,Centro,II,II — Centro,-22.9068,-43.1812,23.04,34.0,,14.38,24.63,,,,28.5,36.33,24.95,66.63,43.4,0.0,-3.35,0.8,1414.18,,57.66,53.76,54.76,64.48,36.66,94.3,56.05,7260.0,12953.0,69.5,Regular,0,0,0
2024-02-18,2,49,Centro,II,II — Centro,-22.9068,-43.1812,21.75,37.0,,15.42,24.67,,,,28.96,35.75,26.05,68.28,46.3,0.0,1.92,-0.11,1436.58,,57.66,53.76,54.76,64.48,36.66,94.3,56.05,7260.0,12953.0,69.5,Regular,0,0,0
2024-02-19,2,50,Centro,II,II — Centro,-22.9068,-43.1812,26.88,43.0,,16.16,44.7,,,,28.28,35.67,25.83,74.7,47.62,0.0,-0.52,-1.13,1460.9,,57.66,53.76,54.76,64.48,36.66,94.3,56.05,7260.0,12953.0,69.5,Regular,0,0,0
2024-02-20,2,51,Centro,II,II — Centro,-22.9068,-43.1812,20.71,53.0,,21.01,62.02,,,,26.69,30.68,24.37,84.73,65.57,0.0,-1.38,-0.58,1484.69,,57.66,53.76,54.76,64.48,36.66,94.3,56.05,7260.0,12953.0,69.5,Regular,0,0,0
2024-02-21,2,52,Centro,II,II — Centro,-22.9068,-43.1812,24.12,41.0,,23.88,55.2,,,,27.12,30.83,24.63,87.32,69.4,3.2,0.46,0.78,1507.1,,57.66,53.76,54.76,64.48,36.66,94.3,56.05,7260.0,12953.0,69.5,Regular,0,0,0
2024-02-22,2,53,Centro,II,II — Centro,-22.9068,-43.1812,21.62,31.0,,10.94,39.38,,,,28.25,34.87,24.53,80.43,47.67,0.2,-0.79,1.54,1529.98,,57.66,53.76,54.76,64.48,36.66,94.3,56.05,7260.0,12953.0,69.5,Regular,0,0,0
2024-02-23,2,54,Centro,II,II — Centro,-22.9068,-43.1812,22.54,32.0,,7.27,29.99,,,,30.21,34.42,26.98,70.43,50.0,0.0,2.94,1.22,1552.05,,57.66,53.76,54.76,64.48,36.66,94.3,56.05,7260.0,12953.0,69.5,Regular,0,0,0
2024-02-24,2,55,Centro,II,II — Centro,-22.9068,-43.1812,27.5,42.0,,25.78,64.23,,,,30.69,40.33,27.22,74.11,43.37,0.0,1.42,0.13,1577.07,,57.66,53.76,54.76,64.48,36.66,94.3,56.05,7260.0,12953.0,69.5,Regular,0,0,0
2024-02-25,2,56,Centro,II,II — Centro,-22.9068,-43.1812,25.38,36.0,,32.27,86.61,,,,30.47,38.0,27.12,76.44,48.67,0.0,-2.19,-0.56,1603.52,,57.66,53.76,54.76,64.48,36.66,94.3,56.05,7260.0,12953.0,69.5,Regular,0,0,0
2024-02-26,2,57,Centro,II,II — Centro,-22.9068,-43.1812,23.12,31.0,,45.63,97.4,,,,29.58,33.2,27.3,75.77,59.22,0.0,-2.65,-0.74,1627.76,,57.66,53.76,54.76,64.48,36.66,94.3,56.05,7260.0,12953.0,69.5,Regular,0,0,0
2024-02-27,2,58,Centro,II,II — Centro,-22.9068,-43.1812,20.08,28.0,,16.91,30.14,,,,28.98,35.53,26.38,76.41,52.35,0.0,0.06,0.3,1649.36,,57.66,53.76,54.76,64.48,36.66,94.3,56.05,7260.0,12953.0,69.5,Regular,0,0,0
2024-02-28,2,59,Centro,II,II — Centro,-22.9068,-43.1812,23.25,41.0,,17.38,42.65,,,,30.18,36.87,26.8,74.24,44.05,1.0,2.84,0.6,1671.03,,57.66,53.76,54.76,64.48,36.66,94.3,56.05,7260.0,12953.0,69.5,Regular,0,0,0
2024-02-29,2,60,Centro,II,II — Centro,-22.9068,-43.1812,25.75,55.0,,20.21,43.14,,,,30.17,38.65,26.87,73.54,43.1,0.0,-1.12,-0.49,1695.53,,57.66,53.76,54.76,64.48,36.66,94.3,56.05,7260.0,12953.0,69.5,Regular,0,0,0
2024-03-01,3,61,Centro,II,II — Centro,-22.9068,-43.1812,21.0,32.0,,19.84,29.41,,,,29.2,34.35,26.62,78.83,58.67,2.4,-1.77,-1.03,1718.9,,57.66,53.76,54.76,64.48,36.66,94.3,56.05,7260.0,12953.0,72.51,Boa,0,0,0
2024-03-02,3,62,Centro,II,II — Centro,-22.9068,-43.1812,22.21,37.0,,24.16,51.52,,,,28.12,34.33,25.15,69.39,44.83,0.0,0.73,-0.8,1740.51,,57.66,53.76,54.76,64.48,36.66,94.3,56.05,7260.0,12953.0,72.51,Boa,0,0,0
2024-03-03,3,63,Centro,II,II — Centro,-22.9068,-43.1812,22.46,32.0,,20.07,33.37,,,,27.6,36.35,23.72,71.46,42.05,0.0,1.06,0.03,1762.84,,57.66,53.76,54.76,64.48,36.66,94.3,56.05,7260.0,12953.0,72.51,Boa,0,0,0
2024-03-04,3,64,Centro,II,II — Centro,-22.9068,-43.1812,24.33,36.0,,20.82,44.62,,,,28.17,37.05,24.02,72.51,44.27,0.0,8.6,0.58,1786.24,,57.66,53.76,54.76,64.48,36.66,94.3,56.05,7260.0,12953.0,72.51,Boa,0,0,0
2024-03-05,3,65,Centro,II,II — Centro,-22.9068,-43.1812,39.67,59.0,,30.25,68.33,,,,28.76,37.03,24.93,78.62,46.8,0.8,3.45,-0.54,1818.24,,57.66,53.76,54.76,64.48,36.66,94.3,56.05,7260.0,12953.0,72.51,Boa,0,0,0
2024-03-06,3,66,Centro,II,II — Centro,-22.9068,-43.1812,31.23,57.0,,35.19,42.98,,,,27.1,32.18,24.6,87.02,64.48,4.4,-5.52,-0.81,1853.69,,57.66,53.76,54.76,64.48,36.66,94.3,56.05,7260.0,12953.0,72.51,Boa,0,0,0
2024-03-07,3,67,Centro,II,II — Centro,-22.9068,-43.1812,28.62,39.0,,27.09,42.79,,,,27.14,31.33,24.35,87.08,68.37,18.0,0.63,0.3,1883.61,,57.66,53.76,54.76,64.48,36.66,94.3,56.05,7260.0,12953.0,72.51,Boa,0,0,0
2024-03-08,3,68,Centro,II,II — Centro,-22.9068,-43.1812,32.5,43.0,,22.84,26.94,,,,27.71,34.53,25.35,84.91,54.35,0.2,2.58,0.25,1914.17,,57.66,53.76,54.76,64.48,36.66,94.3,56.05,7260.0,12953.0,72.51,Boa,0,0,0
2024-03-09,3,69,Centro,II,II — Centro,-22.9068,-43.1812,33.79,80.0,,23.64,29.5,,,,27.65,31.63,25.13,83.37,64.62,1.8,-1.79,0.2,1947.32,,57.66,53.76,54.76,64.48,36.66,94.3,56.05,7260.0,12953.0,72.51,Boa,0,1,0
2024-03-10,3,70,Centro,II,II — Centro,-22.9068,-43.1812,28.92,62.0,,23.38,28.91,,,,28.1,32.6,25.4,83.36,60.82,0.8,-3.54,0.6,1978.67,,57.66,53.76,54.76,64.48,36.66,94.3,56.05,7260.0,12953.0,72.51,Boa,0,0,0
2024-03-11,3,71,Centro,II,II — Centro,-22.9068,-43.1812,26.71,32.0,,22.064999999999998,,,,,28.84,36.77,26.38,73.32,44.92,1.0,2.14,-0.57,2006.49,,57.66,53.76,54.76,64.48,36.66,94.3,56.05,7260.0,12953.0,72.51,Boa,0,0,1
2024-03-12,3,72,Centro,II,II — Centro,-22.9068,-43.1812,33.21,69.0,,20.75,28.75,,,,26.97,29.15,25.52,78.4,69.25,0.2,1.39,-1.04,2036.45,,57.66,53.76,54.76,64.48,36.66,94.3,56.05,7260.0,12953.0,72.51,Boa,0,1,0
2024-03-13,3,73,Centro,II,II — Centro,-22.9068,-43.1812,29.5,47.0,,15.63,26.84,,,,26.77,29.98,25.13,73.71,61.27,0.2,-1.75,0.05,2067.8,,57.66,53.76,54.76,64.48,36.66,94.3,56.05,7260.0,12953.0,72.51,Boa,0,0,0
2024-03-14,3,74,Centro,II,II — Centro,-22.9068,-43.1812,29.71,48.0,,21.695,,,,,27.08,33.48,23.82,76.39,52.0,0.0,-0.69,0.9,2097.41,,57.66,53.76,54.76,64.48,36.66,94.3,56.05,7260.0,12953.0,72.51,Boa,0,0,1
2024-03-15,3,75,Centro,II,II — Centro,-22.9068,-43.1812,28.12,53.0,,27.76,,,,,28.58,37.83,25.98,74.05,39.92,0.0,5.86,1.34,2126.32,,57.66,53.76,54.76,64.48,36.66,94.3,56.05,7260.0,12953.0,72.51,Boa,0,0,1
2024-03-16,3,76,Centro,II,II — Centro,-22.9068,-43.1812,41.42,79.0,,33.825,,,,,29.75,38.4,26.7,71.4,40.03,0.0,7.44,0.87,2161.09,,57.66,53.76,54.76,64.48,36.66,94.3,56.05,7260.0,12953.0,72.51,Boa,0,1,1
2024-03-17,3,77,Centro,II,II — Centro,-22.9068,-43.1812,43.0,73.0,,39.89,,,,,30.32,35.72,26.93,71.28,48.72,0.0,-3.57,0.15,2203.3,,57.66,53.76,54.76,64.48,36.66,94.3,56.05,7260.0,12953.0,72.51,Boa,0,1,1
2024-03-18,3,78,Centro,II,II — Centro,-22.9068,-43.1812,34.29,60.0,,45.955000000000005,66.11,,,,30.06,37.17,26.88,74.3,43.5,0.0,-6.84,-0.82,2241.95,,57.66,53.76,54.76,64.48,36.66,94.3,56.05,7260.0,12953.0,72.51,Boa,0,0,1
2024-03-19,3,79,Centro,II,II — Centro,-22.9068,-43.1812,29.33,48.0,,52.02,81.15,,,,28.68,34.62,27.02,83.32,56.48,0.0,-0.38,-0.08,2273.76,,57.66,53.76,54.76,64.48,36.66,94.3,56.05,7260.0,12953.0,72.51,Boa,0,0,0
2024-03-20,3,80,Centro,II,II — Centro,-22.9068,-43.1812,33.54,56.0,,36.07,77.82,,,,29.89,38.43,26.47,74.74,42.9,0.0,0.98,1.91,2305.19,,57.66,53.76,54.76,64.48,36.66,94.3,56.05,7260.0,12953.0,72.51,Boa,0,0,0
2024-03-21,3,81,Centro,II,II — Centro,-22.9068,-43.1812,31.29,51.0,,33.7,98.67,,,,32.5,42.7,28.12,61.69,29.08,0.0,-3.81,-1.59,2337.61,,57.66,53.76,54.76,64.48,36.66,94.3,56.05,7260.0,12953.0,72.51,Boa,0,0,0
2024-03-22,3,82,Centro,II,II — Centro,-22.9068,-43.1812,25.92,43.0,,40.36,77.12,,,,26.71,30.8,23.88,88.78,63.75,57.6,5.77,-3.7,2366.21,,57.66,53.76,54.76,64.48,36.66,94.3,56.05,7260.0,12953.0,72.51,Boa,0,0,0
2024-03-23,3,83,Centro,II,II — Centro,-22.9068,-43.1812,42.83,55.0,,26.02,36.66,,,,25.11,28.4,22.25,79.29,57.62,3.6,-3.12,-1.45,2400.59,,57.66,53.76,54.76,64.48,36.66,94.3,56.05,7260.0,12953.0,72.51,Boa,0,0,0
2024-03-24,3,84,Centro,II,II — Centro,-22.9068,-43.1812,19.67,31.0,,15.77,23.18,,,,23.82,24.95,22.9,99.8,99.7,30.8,-9.95,0.75,2431.84,,57.66,53.76,54.76,64.48,36.66,94.3,56.05,7260.0,12953.0,72.51,Boa,0,0,0
2024-03-25,3,85,Centro,II,II — Centro,-22.9068,-43.1812,22.92,43.0,,17.6,36.76,,,,26.6,32.85,23.67,79.87,50.07,0.4,-0.55,0.41,2453.13,,57.66,53.76,54.76,64.48,36.66,94.3,56.05,7260.0,12953.0,72.51,Boa,0,0,0
2024-03-26,3,86,Centro,II,II — Centro,-22.9068,-43.1812,18.57,27.0,,7.33,14.53,,,,24.64,27.87,22.57,91.48,72.98,5.4,1.93,-1.12,2473.88,,57.66,53.76,54.76,64.48,36.66,94.3,56.05,7260.0,12953.0,72.51,Boa,0,0,0
2024-03-27,3,87,Centro,II,II — Centro,-22.9068,-43.1812,26.79,42.0,,8.52,22.52,,,,24.37,27.68,22.48,91.24,70.77,0.6,1.61,-0.36,2496.56,,57.66,53.76,54.76,64.48,36.66,94.3,56.05,7260.0,12953.0,72.51,Boa,0,0,0
2024-03-28,3,88,Centro,II,II — Centro,-22.9068,-43.1812,21.79,30.0,,18.65,29.93,,,,23.93,24.87,23.25,99.71,97.78,4.6,1.36,0.58,2520.85,,57.66,53.76,54.76,64.48,36.66,94.3,56.05,7260.0,12953.0,72.51,Boa,0,0,0
2024-03-29,3,89,Centro,II,II — Centro,-22.9068,-43.1812,29.5,69.0,,10.7,28.91,,,,25.54,28.73,23.6,93.66,75.12,0.2,1.61,1.44,2546.49,,57.66,53.76,54.76,64.48,36.66,94.3,56.05,7260.0,12953.0,72.51,Boa,0,1,0
2024-03-30,3,90,Centro,II,II — Centro,-22.9068,-43.1812,25.0,53.0,,22.95,37.7,,,,26.81,30.35,24.75,80.71,56.28,0.0,-4.84,0.75,2573.74,,57.66,53.76,54.76,64.48,36.66,94.3,56.05,7260.0,12953.0,72.51,Boa,0,0,0
2024-03-31,3,91,Centro,II,II — Centro,-22.9068,-43.1812,19.83,34.0,,29.6,42.46,,,,27.03,34.78,23.47,76.47,44.75,0.0,-4.27,-0.1,2596.16,,57.66,53.76,54.76,64.48,36.66,94.3,56.05,7260.0,12953.0,72.51,Boa,0,0,0
2024-04-01,4,92,Centro,II,II — Centro,-22.9068,-43.1812,16.46,27.0,,23.47,45.8,,,,26.61,35.67,23.7,77.36,41.13,0.0,1.21,-0.33,2614.3,,57.66,53.76,54.76,64.48,36.66,94.3,56.05,7260.0,12953.0,81.76,Boa,0,0,0
2024-04-02,4,93,Centro,II,II — Centro,-22.9068,-43.1812,22.25,47.0,,21.14,57.67,,,,26.38,31.11,23.52,73.77,56.73,0.0,7.3,0.33,2633.66,,57.66,53.76,54.76,64.48,36.66,94.3,56.05,7260.0,12953.0,81.76,Boa,0,0,0
2024-04-03,4,94,Centro,II,II — Centro,-22.9068,-43.1812,31.05,53.0,,21.53,52.32,,,,27.27,35.01,24.2,77.25,46.19,0.0,3.16,0.47,2660.31,,57.66,53.76,54.76,64.48,36.66,94.3,56.05,7260.0,12953.0,81.76,Boa,0,0,1
2024-04-04,4,95,Centro,II,II — Centro,-22.9068,-43.1812,28.58,51.0,,21.919999999999998,,,,,27.32,36.23,24.0,78.56,43.87,0.0,-2.56,-0.3,2690.12,,57.66,53.76,54.76,64.48,36.66,94.3,56.05,7260.0,12953.0,81.76,Boa,0,0,1
2024-04-05,4,96,Centro,II,II — Centro,-22.9068,-43.1812,25.92,60.0,,22.31,33.76,,,,26.67,32.42,23.93,79.96,57.8,0.0,-2.58,-0.18,2717.37,,57.66,53.76,54.76,64.48,36.66,94.3,56.05,7260.0,12953.0,81.76,Boa,0,0,0
2024-04-06,4,97,Centro,II,II — Centro,-22.9068,-43.1812,23.42,43.0,,32.79,59.49,,,,26.96,33.03,23.75,74.25,47.62,0.0,-0.77,-0.1,2742.04,,57.66,53.76,54.76,64.48,36.66,94.3,56.05,7260.0,12953.0,81.76,Boa,0,0,0
2024-04-07,4,98,Centro,II,II — Centro,-22.9068,-43.1812,24.38,53.0,,22.35,39.08,,,,26.48,33.85,24.28,78.32,48.92,0.0,1.56,-0.07,2765.94,,57.66,53.76,54.76,64.48,36.66,94.3,56.05,7260.0,12953.0,81.76,Boa,0,0,0
2024-04-08,4,99,Centro,II,II — Centro,-22.9068,-43.1812,26.54,54.0,,22.09,39.63,,,,26.82,33.42,23.78,74.42,45.9,0.0,8.35,0.25,2791.4,,57.66,53.76,54.76,64.48,36.66,94.3,56.05,7260.0,12953.0,81.76,Boa,0,0,0
2024-04-09,4,100,Centro,II,II — Centro,-22.9068,-43.1812,41.08,68.0,,20.74,40.45,,,,26.98,30.62,24.82,78.98,61.05,0.0,7.38,0.07,2825.21,,57.66,53.76,54.76,64.48,36.66,94.3,56.05,7260.0,12953.0,81.76,Boa,0,1,0
2024-04-10,4,101,Centro,II,II — Centro,-22.9068,-43.1812,41.29,70.0,,26.48,81.55,,,,26.96,35.05,24.32,79.65,46.3,0.0,-2.35,0.04,2866.4,,57.66,53.76,54.76,64.48,36.66,94.3,56.05,7260.0,12953.0,81.76,Boa,0,1,0
2024-04-11,4,102,Centro,II,II — Centro,-22.9068,-43.1812,36.38,111.0,,24.08,56.1,,,,27.05,30.3,25.13,82.94,67.7,0.0,-9.86,0.03,2905.23,,57.66,53.76,54.76,64.48,36.66,94.3,56.05,7260.0,12953.0,81.76,Boa,0,1,0
2024-04-12,4,103,Centro,II,II — Centro,-22.9068,-43.1812,21.58,39.0,,20.23,36.93,,,,27.01,32.43,24.47,79.64,50.77,0.0,-4.98,-0.01,2934.21,,57.66,53.76,54.76,64.48,36.66,94.3,56.05,7260.0,12953.0,81.76,Boa,0,0,0
2024-04-13,4,104,Centro,II,II — Centro,-22.9068,-43.1812,26.42,62.0,,21.62,36.22,,,,27.04,34.37,24.3,74.94,46.98,0.0,1.34,-0.59,2958.21,,57.66,53.76,54.76,64.48,36.66,94.3,56.05,7260.0,12953.0,81.76,Boa,0,0,0
2024-04-14,4,105,Centro,II,II — Centro,-22.9068,-43.1812,24.25,44.0,,21.18,31.69,,,,25.84,29.12,23.87,77.86,64.4,0.0,4.2,-0.17,2983.55,,57.66,53.76,54.76,64.48,36.66,94.3,56.05,7260.0,12953.0,81.76,Boa,0,0,0
2024-04-15,4,106,Centro,II,II — Centro,-22.9068,-43.1812,34.83,83.0,,19.79,34.59,,,,26.7,32.7,24.42,70.67,47.6,0.0,4.18,0.51,3013.09,,57.66,53.76,54.76,64.48,36.66,94.3,56.05,7260.0,12953.0,81.76,Boa,0,1,0
2024-04-16,4,107,Centro,II,II — Centro,-22.9068,-43.1812,32.62,66.0,,18.47,31.89,,,,26.86,32.28,24.13,71.89,48.58,0.0,2.12,0.26,3046.81,,57.66,53.76,54.76,64.48,36.66,94.3,56.05,7260.0,12953.0,81.76,Boa,0,1,0
2024-04-17,4,108,Centro,II,II — Centro,-22.9068,-43.1812,39.08,87.0,,13.63,24.84,,,,27.21,30.22,24.67,69.81,54.55,0.0,-1.27,-1.11,3082.66,,57.66,53.76,54.76,64.48,36.66,94.3,56.05,7260.0,12953.0,81.76,Boa,0,1,0
2024-04-18,4,109,Centro,II,II — Centro,-22.9068,-43.1812,30.08,76.0,,25.31,54.88,,,,24.65,27.48,20.78,74.04,55.57,7.0,-6.45,-1.61,3117.24,,57.66,53.76,54.76,64.48,36.66,94.3,56.05,7260.0,12953.0,81.76,Boa,0,1,0
2024-04-19,4,110,Centro,II,II — Centro,-22.9068,-43.1812,26.17,56.0,,20.35,31.38,,,,23.99,27.07,21.73,62.49,45.87,0.0,0.05,-0.32,3145.37,,57.66,53.76,54.76,64.48,36.66,94.3,56.05,7260.0,12953.0,81.76,Boa,0,0,0
2024-04-20,4,111,Centro,II,II — Centro,-22.9068,-43.1812,30.17,59.0,,23.5,48.01,,,,24.0,31.22,20.32,66.64,33.48,0.0,-1.57,0.12,3173.54,,57.66,53.76,54.76,64.48,36.66,94.3,56.05,7260.0,12953.0,81.76,Boa,0,0,0
2024-04-21,4,112,Centro,II,II — Centro,-22.9068,-43.1812,23.04,39.0,,21.84,34.56,,,,24.23,31.98,20.6,65.46,39.62,0.0,-3.42,0.72,3200.14,,57.66,53.76,54.76,64.48,36.66,94.3,56.05,7260.0,12953.0,81.76,Boa,0,0,0
2024-04-22,4,113,Centro,II,II — Centro,-22.9068,-43.1812,23.33,38.0,,19.8,36.06,,,,25.44,32.93,21.98,63.81,34.22,0.0,5.27,1.28,3223.33,,57.66,53.76,54.76,64.48,36.66,94.3,56.05,7260.0,12953.0,81.76,Boa,0,0,0
2024-04-23,4,114,Centro,II,II — Centro,-22.9068,-43.1812,33.58,45.0,,20.18,39.9,,,,26.79,33.17,23.65,67.69,43.12,0.0,15.32,1.38,3251.78,,57.66,53.76,54.76,64.48,36.66,94.3,56.05,7260.0,12953.0,81.76,Boa,0,0,0
2024-04-24,4,115,Centro,II,II — Centro,-22.9068,-43.1812,53.96,98.0,,31.05,86.42,,,,28.19,34.95,24.03,64.22,38.68,0.0,2.94,0.11,3295.55,,57.66,53.76,54.76,64.48,36.66,94.3,56.05,7260.0,12953.0,81.76,Boa,0,1,0
2024-04-25,4,116,Centro,II,II — Centro,-22.9068,-43.1812,39.46,54.0,,34.87,58.35,,,,27.0,31.8,25.17,74.83,55.5,0.0,-6.23,-1.45,3342.26,,57.66,53.76,54.76,64.48,36.66,94.3,56.05,7260.0,12953.0,81.76,Boa,0,0,0
2024-04-26,4,117,Centro,II,II — Centro,-22.9068,-43.1812,41.5,55.0,,23.21,30.09,,,,25.3,27.13,23.9,73.38,61.03,0.0,-1.23,0.05,3382.74,,57.66,53.76,54.76,64.48,36.66,94.3,56.05,7260.0,12953.0,81.76,Boa,0,0,0
2024-04-27,4,118,Centro,II,II — Centro,-22.9068,-43.1812,37.0,59.0,,16.98,31.63,,,,27.1,35.45,22.97,65.99,40.1,0.0,-2.34,1.99,3421.99,,57.66,53.76,54.76,64.48,36.66,94.3,56.05,7260.0,12953.0,81.76,Boa,0,0,0
2024-04-28,4,119,Centro,II,II — Centro,-22.9068,-43.1812,36.83,63.0,,34.31,69.75,,,,29.28,37.4,26.22,58.13,32.18,0.0,0.96,0.19,3458.91,,57.66,53.76,54.76,64.48,36.66,94.3,56.05,7260.0,12953.0,81.76,Boa,0,1,0
2024-04-29,4,120,Centro,II,II — Centro,-22.9068,-43.1812,38.92,59.0,,37.45,66.75,,,,27.48,32.82,25.12,75.64,53.12,0.0,1.96,-0.67,3496.78,,57.66,53.76,54.76,64.48,36.66,94.3,56.05,7260.0,12953.0,81.76,Boa,0,0,0
2024-04-30,4,121,Centro,II,II — Centro,-22.9068,-43.1812,40.75,50.0,,24.61,52.43,,,,27.94,35.08,24.63,71.98,43.83,0.0,-0.27,0.7,3536.62,,57.66,53.76,54.76,64.48,36.66,94.3,56.05,7260.0,12953.0,81.76,Boa,0,0,0
2024-05-01,5,122,Centro,II,II — Centro,-22.9068,-43.1812,38.38,61.0,,20.63,42.84,,,,28.87,34.2,25.93,66.79,44.38,0.0,0.14,1.39,3576.18,,57.66,53.76,54.76,64.48,36.66,94.3,56.05,7260.0,12953.0,69.72,Regular,0,0,0
2024-05-02,5,123,Centro,II,II — Centro,-22.9068,-43.1812,41.04,59.0,,22.95,51.95,,,,30.73,40.38,26.9,56.3,27.72,0.0,-1.34,0.12,3615.89,,57.66,53.76,54.76,64.48,36.66,94.3,56.05,7260.0,12953.0,69.72,Regular,0,0,0
2024-05-03,5,124,Centro,II,II — Centro,-22.9068,-43.1812,35.71,57.0,,18.23,33.67,,,,29.11,34.45,26.32,60.19,37.47,0.0,4.73,-1.73,3654.27,,57.66,53.76,54.76,64.48,36.66,94.3,56.05,7260.0,12953.0,69.72,Regular,0,0,0
2024-05-04,5,125,Centro,II,II — Centro,-22.9068,-43.1812,50.5,76.0,,16.99,39.22,,,,27.27,34.68,24.33,77.32,46.98,0.0,0.23,-0.88,3697.37,,57.66,53.76,54.76,64.48,36.66,94.3,56.05,7260.0,12953.0,69.72,Regular,0,1,0
2024-05-05,5,126,Centro,II,II — Centro,-22.9068,-43.1812,36.17,59.0,,17.69,39.76,,,,27.36,34.33,25.33,71.59,44.1,0.0,-12.38,-0.11,3740.71,,57.66,53.76,54.76,64.48,36.66,94.3,56.05,7260.0,12953.0,69.72,Regular,0,0,0
2024-05-06,5,127,Centro,II,II — Centro,-22.9068,-43.1812,25.74,45.0,,12.88,27.02,,,,27.05,34.23,23.88,69.57,43.15,0.0,-1.82,0.31,3771.66,,57.66,53.76,54.76,64.48,36.66,94.3,56.05,7260.0,12953.0,69.72,Regular,0,0,0
2024-05-07,5,128,Centro,II,II — Centro,-22.9068,-43.1812,32.54,55.0,,14.17,31.36,,,,27.98,35.87,24.4,62.15,36.02,0.0,4.02,0.82,3800.8,,57.66,53.76,54.76,64.48,36.66,94.3,56.05,7260.0,12953.0,69.72,Regular,0,0,0
2024-05-08,5,129,Centro,II,II — Centro,-22.9068,-43.1812,33.77,52.0,,11.59,38.7,,,,28.7,34.58,25.5,57.96,39.08,0.0,1.34,0.7,3833.96,,57.66,53.76,54.76,64.48,36.66,94.3,56.05,7260.0,12953.0,69.72,Regular,0,0,0
2024-05-09,5,130,Centro,II,II — Centro,-22.9068,-43.1812,35.21,50.0,,36.3,87.22,,,,29.39,35.78,26.28,51.68,30.17,0.0,4.76,-0.22,3868.45,,57.66,53.76,54.76,64.48,36.66,94.3,56.05,7260.0,12953.0,69.72,Regular,0,0,0
2024-05-10,5,131,Centro,II,II — Centro,-22.9068,-43.1812,43.295,,,34.599999999999994,,,,,28.25,,,63.644999999999996,,0.0,8.09,-1.14,3907.7,,57.66,53.76,54.76,64.48,36.66,94.3,56.05,7260.0,12953.0,69.72,Regular,1,0,1
2024-05-11,5,132,Centro,II,II — Centro,-22.9068,-43.1812,51.38,78.0,,32.9,95.14,,,,27.11,35.93,23.77,75.61,41.52,0.0,3.46,0.23,3955.04,,57.66,53.76,54.76,64.48,36.66,94.3,56.05,7260.0,12953.0,69.72,Regular,0,1,0
2024-05-12,5,133,Centro,II,II — Centro,-22.9068,-43.1812,50.21,73.0,,48.69,139.58,,,,28.71,37.23,25.45,61.39,34.85,0.0,-1.21,1.2,4005.83,,57.66,53.76,54.76,64.48,36.66,94.3,56.05,7260.0,12953.0,69.72,Regular,0,1,0
2024-05-13,5,134,Centro,II,II — Centro,-22.9068,-43.1812,48.96,78.0,,28.74,92.58,,,,29.51,37.93,25.8,51.68,28.23,0.0,-10.71,-1.0,4055.42,,57.66,53.76,54.76,64.48,36.66,94.3,56.05,7260.0,12953.0,69.72,Regular,0,1,0
2024-05-14,5,135,Centro,II,II — Centro,-22.9068,-43.1812,28.79,52.0,,33.71,69.96,,,,26.71,30.27,23.03,75.44,51.62,2.4,-12.67,-3.49,4094.29,,57.66,53.76,54.76,64.48,36.66,94.3,56.05,7260.0,12953.0,69.72,Regular,0,0,0
2024-05-15,5,136,Centro,II,II — Centro,-22.9068,-43.1812,23.62,66.0,,23.96,38.27,,,,22.54,23.53,21.68,98.58,91.95,16.0,1.5,-1.45,4120.5,,57.66,53.76,54.76,64.48,36.66,94.3,56.05,7260.0,12953.0,69.72,Regular,0,1,0
2024-05-16,5,137,Centro,II,II — Centro,-22.9068,-43.1812,31.79,52.0,,23.99,37.76,,,,23.82,27.2,21.3,91.33,75.62,0.2,14.13,2.57,4148.2,,57.66,53.76,54.76,64.48,36.66,94.3,56.05,7260.0,12953.0,69.72,Regular,0,0,0
2024-05-17,5,138,Centro,II,II — Centro,-22.9068,-43.1812,51.88,98.0,,24.16,56.8,,,,27.68,35.88,24.03,69.63,36.82,0.0,8.9,1.96,4190.04,,57.66,53.76,54.76,64.48,36.66,94.3,56.05,7260.0,12953.0,69.72,Regular,0,1,0
2024-05-18,5,139,Centro,II,II — Centro,-22.9068,-43.1812,49.58,71.0,,34.2,71.96,,,,27.75,32.8,24.72,67.42,48.15,0.0,0.06,-0.73,4240.77,,57.66,53.76,54.76,64.48,36.66,94.3,56.05,7260.0,12953.0,69.72,Regular,0,1,0
2024-05-19,5,140,Centro,II,II — Centro,-22.9068,-43.1812,52.0,109.0,,32.61,66.61,,,,26.21,30.27,24.37,81.52,64.22,0.0,-0.27,-0.68,4291.56,,57.66,53.76,54.76,64.48,36.66,94.3,56.05,7260.0,12953.0,69.72,Regular,0,1,0
2024-05-20,5,141,Centro,II,II — Centro,-22.9068,-43.1812,49.04,106.0,,34.28,89.08,,,,26.39,31.48,23.92,78.65,56.47,0.0,-12.98,-0.83,4342.08,,57.66,53.76,54.76,64.48,36.66,94.3,56.05,7260.0,12953.0,69.72,Regular,0,1,0
2024-05-21,5,142,Centro,II,II — Centro,-22.9068,-43.1812,26.04,44.0,,24.93,40.86,,,,24.55,26.58,22.63,80.41,62.43,6.4,-10.75,-0.8,4379.62,,57.66,53.76,54.76,64.48,36.66,94.3,56.05,7260.0,12953.0,69.72,Regular,0,0,0
2024-05-22,5,143,Centro,II,II — Centro,-22.9068,-43.1812,27.54,44.0,,24.08,52.03,,,,24.8,30.95,21.35,78.05,52.95,0.0,2.09,0.76,4406.41,,57.66,53.76,54.76,64.48,36.66,94.3,56.05,7260.0,12953.0,69.72,Regular,0,0,0
2024-05-23,5,144,Centro,II,II — Centro,-22.9068,-43.1812,30.21,51.0,,22.46,67.53,,,,26.07,34.72,21.95,73.98,37.92,0.0,5.52,0.97,4435.28,,57.66,53.76,54.76,64.48,36.66,94.3,56.05,7260.0,12953.0,69.72,Regular,0,0,0
2024-05-24,5,145,Centro,II,II — Centro,-22.9068,-43.1812,38.58,65.0,,19.16,57.01,,,,26.74,33.07,23.02,68.91,42.6,0.0,-1.42,-1.0,4469.68,,57.66,53.76,54.76,64.48,36.66,94.3,56.05,7260.0,12953.0,69.72,Regular,0,1,0
2024-05-25,5,146,Centro,II,II — Centro,-22.9068,-43.1812,27.38,43.0,,17.27,29.34,,,,24.07,26.9,20.98,80.47,63.98,4.4,-10.35,-3.22,4502.66,,57.66,53.76,54.76,64.48,36.66,94.3,56.05,7260.0,12953.0,69.72,Regular,0,0,0
2024-05-26,5,147,Centro,II,II — Centro,-22.9068,-43.1812,17.88,27.0,,26.65,44.49,,,,20.3,20.87,19.8,99.83,99.78,39.2,-2.33,-0.75,4525.29,,57.66,53.76,54.76,64.48,36.66,94.3,56.05,7260.0,12953.0,69.72,Regular,0,0,0
2024-05-27,5,148,Centro,II,II — Centro,-22.9068,-43.1812,22.71,,,25.195,,,,,22.560000000000002,,,91.845,,0.0,4.83,2.26,4545.58,,57.66,53.76,54.76,64.48,36.66,94.3,56.05,7260.0,12953.0,69.72,Regular,1,0,1
2024-05-28,5,149,Centro,II,II — Centro,-22.9068,-43.1812,27.54,44.0,,23.74,52.72,,,,24.82,31.3,21.98,83.86,57.9,0.0,-0.11,-0.18,4570.71,,57.66,53.76,54.76,64.48,36.66,94.3,56.05,7260.0,12953.0,69.72,Regular,0,0,0
2024-05-29,5,150,Centro,II,II — Centro,-22.9068,-43.1812,22.5,54.0,,27.15,40.94,,,,22.2,23.97,20.6,74.42,57.5,0.0,-2.89,-0.97,4595.73,,57.66,53.76,54.76,64.48,36.66,94.3,56.05,7260.0,12953.0,69.72,Regular,0,0,0
2024-05-30,5,151,Centro,II,II — Centro,-22.9068,-43.1812,21.75,32.0,,38.61,51.05,,,,22.87,28.63,20.85,57.7,37.93,0.0,1.11,-0.5,4617.86,,57.66,53.76,54.76,64.48,36.66,94.3,56.05,7260.0,12953.0,69.72,Regular,0,0,0
2024-05-31,5,152,Centro,II,II — Centro,-22.9068,-43.1812,24.71,48.0,,23.43,48.05,,,,21.19,24.2,18.88,84.15,69.47,2.0,2.09,-0.38,4641.08,,57.66,53.76,54.76,64.48,36.66,94.3,56.05,7260.0,12953.0,69.72,Regular,0,0,0
2024-06-01,6,153,Centro,II,II — Centro,-22.9068,-43.1812,25.933333333333334,,,20.116666666666667,,,,,22.12,,,79.69333333333334,,0.0,1.22,0.93,4666.41,,57.66,53.76,54.76,64.48,36.66,94.3,56.05,7260.0,12953.0,70.96,Boa,1,0,1
2024-06-02,6,154,Centro,II,II — Centro,-22.9068,-43.1812,27.156666666666666,,,16.803333333333335,,,,,23.05,,,75.23666666666666,,0.0,1.22,0.93,4692.95,,57.66,53.76,54.76,64.48,36.66,94.3,56.05,7260.0,12953.0,70.96,Boa,1,0,1
2024-06-03,6,155,Centro,II,II — Centro,-22.9068,-43.1812,28.38,39.0,,13.49,52.12,,,,23.98,29.88,20.68,70.78,43.02,0.0,4.51,0.41,4720.72,,57.66,53.76,54.76,64.48,36.66,94.3,56.05,7260.0,12953.0,70.96,Boa,0,0,0
2024-06-04,6,156,Centro,II,II — Centro,-22.9068,-43.1812,36.18,65.0,,28.02,55.59,,,,23.87,27.83,21.77,84.04,63.47,21.2,-2.4,-0.76,4753.0,,57.66,53.76,54.76,64.48,36.66,94.3,56.05,7260.0,12953.0,70.96,Boa,0,1,0
2024-06-05,6,157,Centro,II,II — Centro,-22.9068,-43.1812,23.58,38.0,,24.79,53.51,,,,22.46,26.15,20.18,87.2,67.15,8.4,-5.55,-0.54,4782.88,,57.66,53.76,54.76,64.48,36.66,94.3,56.05,7260.0,12953.0,70.96,Boa,0,0,0
2024-06-06,6,158,Centro,II,II — Centro,-22.9068,-43.1812,25.08,39.0,,22.33,43.94,,,,22.8,29.72,19.07,82.23,44.57,0.0,13.1,0.55,4807.21,,57.66,53.76,54.76,64.48,36.66,94.3,56.05,7260.0,12953.0,70.96,Boa,0,0,0
2024-06-07,6,159,Centro,II,II — Centro,-22.9068,-43.1812,49.79,81.0,,18.63,78.19,,,,23.56,29.23,21.53,86.01,56.98,0.0,15.86,0.38,4844.65,,57.66,53.76,54.76,64.48,36.66,94.3,56.05,7260.0,12953.0,70.96,Boa,0,1,0
2024-06-08,6,160,Centro,II,II — Centro,-22.9068,-43.1812,56.79,110.0,,23.46,85.53,,,,23.55,27.63,21.63,89.18,69.6,0.0,-12.06,0.02,4897.94,,57.66,53.76,54.76,64.48,36.66,94.3,56.05,7260.0,12953.0,70.96,Boa,0,1,0
2024-06-09,6,161,Centro,II,II — Centro,-22.9068,-43.1812,25.67,37.0,,17.22,53.41,,,,23.59,30.1,21.72,79.5,50.1,0.0,-8.9,0.59,4939.16,,57.66,53.76,54.76,64.48,36.66,94.3,56.05,7260.0,12953.0,70.96,Boa,0,0,0
2024-06-10,6,162,Centro,II,II — Centro,-22.9068,-43.1812,39.0,64.0,,11.91,59.96,,,,24.73,32.7,21.38,72.35,39.73,0.0,10.4,0.46,4971.5,,57.66,53.76,54.76,64.48,36.66,94.3,56.05,7260.0,12953.0,70.96,Boa,0,1,0
2024-06-11,6,163,Centro,II,II — Centro,-22.9068,-43.1812,46.46,81.0,,30.9,73.87,,,,24.52,32.85,21.73,70.88,35.1,0.0,2.91,-0.31,5014.23,,57.66,53.76,54.76,64.48,36.66,94.3,56.05,7260.0,12953.0,70.96,Boa,0,1,0
2024-06-12,6,164,Centro,II,II — Centro,-22.9068,-43.1812,44.83,90.0,,31.8,104.52,,,,24.1,30.42,21.58,75.61,46.38,0.0,-3.04,-0.35,5059.88,,57.66,53.76,54.76,64.48,36.66,94.3,56.05,7260.0,12953.0,70.96,Boa,0,1,0
2024-06-13,6,165,Centro,II,II — Centro,-22.9068,-43.1812,40.38,83.0,,21.25,62.89,,,,23.83,31.0,21.18,74.07,47.0,0.0,-5.93,0.41,5102.48,,57.66,53.76,54.76,64.48,36.66,94.3,56.05,7260.0,12953.0,70.96,Boa,0,1,0
2024-06-14,6,166,Centro,II,II — Centro,-22.9068,-43.1812,32.96,46.0,,12.84,35.57,,,,24.93,34.32,21.25,61.78,27.68,0.0,-0.25,0.64,5139.15,,57.66,53.76,54.76,64.48,36.66,94.3,56.05,7260.0,12953.0,70.96,Boa,0,0,0
2024-06-15,6,167,Centro,II,II — Centro,-22.9068,-43.1812,39.88,88.0,,22.22,120.18,,,,25.1,33.3,21.68,59.62,27.27,0.0,1.27,0.21,5175.57,,57.66,53.76,54.76,64.48,36.66,94.3,56.05,7260.0,12953.0,70.96,Boa,0,1,0
2024-06-16,6,168,Centro,II,II — Centro,-22.9068,-43.1812,35.5,53.0,,24.8,101.33,,,,25.36,34.0,22.17,62.94,32.43,0.0,-4.34,0.36,5213.26,,57.66,53.76,54.76,64.48,36.66,94.3,56.05,7260.0,12953.0,70.96,Boa,0,0,0
2024-06-17,6,169,Centro,II,II — Centro,-22.9068,-43.1812,31.21,44.0,,17.4,65.4,,,,25.83,34.65,21.23,55.32,28.12,0.0,-0.23,0.49,5246.61,,57.66,53.76,54.76,64.48,36.66,94.3,56.05,7260.0,12953.0,70.96,Boa,0,0,0
2024-06-18,6,170,Centro,II,II — Centro,-22.9068,-43.1812,35.04,59.0,,23.94,87.15,,,,26.34,33.43,23.42,48.25,33.27,0.0,9.93,-0.34,5279.74,,57.66,53.76,54.76,64.48,36.66,94.3,56.05,7260.0,12953.0,70.96,Boa,0,0,0
2024-06-19,6,171,Centro,II,II — Centro,-22.9068,-43.1812,51.08,85.0,,24.37,67.36,,,,25.15,31.5,21.93,66.92,34.23,0.0,16.08,-0.98,5322.8,,57.66,53.76,54.76,64.48,36.66,94.3,56.05,7260.0,12953.0,70.96,Boa,0,1,0
2024-06-20,6,172,Centro,II,II — Centro,-22.9068,-43.1812,67.21,107.0,,34.33,94.44,,,,24.37,32.22,21.52,68.57,36.8,0.0,5.02,-0.36,5381.94,,57.66,53.76,54.76,64.48,36.66,94.3,56.05,7260.0,12953.0,70.96,Boa,0,1,0
2024-06-21,6,173,Centro,II,II — Centro,-22.9068,-43.1812,61.12,108.0,,31.56,106.34,,,,24.43,31.2,21.23,71.26,36.53,0.0,-9.39,0.5,5446.11,,57.66,53.76,54.76,64.48,36.66,94.3,56.05,7260.0,12953.0,70.96,Boa,0,1,0
2024-06-22,6,174,Centro,II,II — Centro,-22.9068,-43.1812,48.42,101.0,,16.31,39.26,,,,25.38,32.37,22.03,64.9,40.0,0.0,-17.06,2.15,5500.88,,57.66,53.76,54.76,64.48,36.66,94.3,56.05,7260.0,12953.0,70.96,Boa,0,1,0
2024-06-23,6,175,Centro,II,II — Centro,-22.9068,-43.1812,27.0,49.0,,20.26,40.31,,,,28.73,36.17,24.48,40.54,23.43,0.0,-6.23,1.43,5538.59,,57.66,53.76,54.76,64.48,36.66,94.3,56.05,7260.0,12953.0,70.96,Boa,0,0,0
2024-06-24,6,176,Centro,II,II — Centro,-22.9068,-43.1812,35.96,76.0,,14.79,104.75,,,,28.24,34.82,24.82,48.17,29.53,0.0,3.84,-1.38,5570.07,,57.66,53.76,54.76,64.48,36.66,94.3,56.05,7260.0,12953.0,70.96,Boa,0,1,0
2024-06-25,6,177,Centro,II,II — Centro,-22.9068,-43.1812,34.68,59.0,,48.03,79.13,,,,25.97,29.52,23.73,76.15,54.32,0.4,-0.62,-1.26,5605.39,,57.66,53.76,54.76,64.48,36.66,94.3,56.05,7260.0,12953.0,70.96,Boa,0,0,0
2024-06-26,6,178,Centro,II,II — Centro,-22.9068,-43.1812,34.713157894736845,,,25.14,64.06,,,,25.72,31.97,23.22,77.02,45.92,0.0,0.03,-0.38,5640.09,,57.66,53.76,54.76,64.48,36.66,94.3,56.05,7260.0,12953.0,70.96,Boa,1,0,1
2024-06-27,6,179,Centro,II,II — Centro,-22.9068,-43.1812,34.746315789473684,,,32.83,70.65,,,,25.2,27.63,23.55,75.08,48.4,0.0,0.03,0.04,5674.82,,57.66,53.76,54.76,64.48,36.66,94.3,56.05,7260.0,12953.0,70.96,Boa,1,0,1
2024-06-28,6,180,Centro,II,II — Centro,-22.9068,-43.1812,34.77947368421053,,,30.47,64.97,,,,25.8,31.72,22.77,74.79,50.42,0.0,0.03,0.21,5709.58,,57.66,53.76,54.76,64.48,36.66,94.3,56.05,7260.0,12953.0,70.96,Boa,1,0,1
2024-06-29,6,181,Centro,II,II — Centro,-22.9068,-43.1812,34.81263157894737,,,23.5,62.78,,,,25.63,30.23,21.52,75.0,47.63,3.4,0.03,-3.11,5744.38,,57.66,53.76,54.76,64.48,36.66,94.3,56.05,7260.0,12953.0,70.96,Boa,1,0,1
2024-06-30,6,182,Centro,II,II — Centro,-22.9068,-43.1812,34.84578947368421,,,29.0,47.25,,,,19.59,21.12,18.62,94.56,81.35,12.2,0.03,-3.03,5779.2,,57.66,53.76,54.76,64.48,36.66,94.3,56.05,7260.0,12953.0,70.96,Boa,1,0,1
2024-07-01,7,183,Centro,II,II — Centro,-22.9068,-43.1812,34.87894736842105,,,14.54,40.27,,,,19.57,22.4,18.48,91.08,74.17,4.4,0.03,0.99,5814.07,,57.66,53.76,54.76,64.48,36.66,94.3,56.05,7260.0,12953.0,80.1,Boa,1,0,1
2024-07-02,7,184,Centro,II,II — Centro,-22.9068,-43.1812,34.9121052631579,,,18.2,49.22,,,,21.57,25.97,18.58,87.39,64.87,0.0,0.03,2.04,5848.96,,57.66,53.76,54.76,64.48,36.66,94.3,56.05,7260.0,12953.0,80.1,Boa,1,0,1
2024-07-03,7,185,Centro,II,II — Centro,-22.9068,-43.1812,34.945263157894736,,,16.1,63.75,,,,23.64,29.87,20.58,77.89,50.43,0.0,0.03,1.83,5883.89,,57.66,53.76,54.76,64.48,36.66,94.3,56.05,7260.0,12953.0,80.1,Boa,1,0,1
2024-07-04,7,186,Centro,II,II — Centro,-22.9068,-43.1812,34.97842105263158,,,12.07,39.17,,,,25.23,31.58,22.05,70.76,39.7,0.0,0.03,0.71,5918.85,,57.66,53.76,54.76,64.48,36.66,94.3,56.05,7260.0,12953.0,80.1,Boa,1,0,1
2024-07-05,7,187,Centro,II,II — Centro,-22.9068,-43.1812,35.01157894736842,,,29.4,91.66,,,,25.06,32.62,22.43,75.21,32.2,0.0,0.03,-0.7,5953.85,,57.66,53.76,54.76,64.48,36.66,94.3,56.05,7260.0,12953.0,80.1,Boa,1,0,1
2024-07-06,7,188,Centro,II,II — Centro,-22.9068,-43.1812,35.044736842105266,,,48.99,66.32,,,,23.84,28.05,21.42,74.66,51.97,0.0,0.03,-0.81,5988.88,,57.66,53.76,54.76,64.48,36.66,94.3,56.05,7260.0,12953.0,80.1,Boa,1,0,1
2024-07-07,7,189,Centro,II,II — Centro,-22.9068,-43.1812,35.077894736842104,,,41.42,71.45,,,,23.43,28.0,21.42,80.24,56.9,0.0,0.03,-0.56,6023.94,,57.66,53.76,54.76,64.48,36.66,94.3,56.05,7260.0,12953.0,80.1,Boa,1,0,1
2024-07-08,7,190,Centro,II,II — Centro,-22.9068,-43.1812,35.11105263157895,,,39.62,75.72,,,,22.72,24.13,20.98,79.68,67.27,0.0,0.03,-0.93,6059.03,,57.66,53.76,54.76,64.48,36.66,94.3,56.05,7260.0,12953.0,80.1,Boa,1,0,1
2024-07-09,7,191,Centro,II,II — Centro,-22.9068,-43.1812,35.14421052631579,,,24.55,54.93,,,,21.57,23.28,20.37,89.9,78.13,1.6,0.03,0.18,6094.16,,57.66,53.76,54.76,64.48,36.66,94.3,56.05,7260.0,12953.0,80.1,Boa,1,0,1
2024-07-10,7,192,Centro,II,II — Centro,-22.9068,-43.1812,35.177368421052634,,,20.95,68.24,,,,23.07,29.15,20.62,86.34,49.68,5.8,0.03,0.54,6129.32,,57.66,53.76,54.76,64.48,36.66,94.3,56.05,7260.0,12953.0,80.1,Boa,1,0,1
2024-07-11,7,193,Centro,II,II — Centro,-22.9068,-43.1812,35.21052631578947,,,27.92,41.51,,,,22.66,25.5,20.92,90.13,73.52,0.0,0.03,-0.21,6164.51,,57.66,53.76,54.76,64.48,36.66,94.3,56.05,7260.0,12953.0,80.1,Boa,1,0,1
2024-07-12,7,194,Centro,II,II — Centro,-22.9068,-43.1812,35.24368421052632,,,24.4,44.54,,,,22.64,24.68,21.2,88.96,74.88,0.8,0.03,-0.64,6199.74,,57.66,53.76,54.76,64.48,36.66,94.3,56.05,7260.0,12953.0,80.1,Boa,1,0,1
2024-07-13,7,195,Centro,II,II — Centro,-22.9068,-43.1812,35.27684210526316,,,24.0,43.66,,,,21.37,22.3,20.27,95.88,81.33,17.8,0.03,-0.16,6235.0,,57.66,53.76,54.76,64.48,36.66,94.3,56.05,7260.0,12953.0,80.1,Boa,1,0,1
2024-07-14,7,196,Centro,II,II — Centro,-22.9068,-43.1812,35.31,,,36.47,78.23,,,,22.33,27.82,20.25,87.64,56.3,0.0,0.03,0.18,6270.29,,57.66,53.76,54.76,64.48,36.66,94.3,56.05,7260.0,12953.0,80.1,Boa,1,0,1
2024-07-15,7,197,Centro,II,II — Centro,-22.9068,-43.1812,35.34315789473684,,,28.38,40.16,,,,21.73,23.88,19.52,81.32,67.43,0.0,0.03,-0.36,6305.62,,57.66,53.76,54.76,64.48,36.66,94.3,56.05,7260.0,12953.0,80.1,Boa,1,0,1
2024-07-16,7,198,Centro,II,II — Centro,-22.9068,-43.1812,35.376315789473686,,,26.92,58.91,,,,21.6,26.93,18.62,82.4,58.18,0.0,0.03,0.17,6340.98,,57.66,53.76,54.76,64.48,36.66,94.3,56.05,7260.0,12953.0,80.1,Boa,1,0,1
2024-07-17,7,199,Centro,II,II — Centro,-22.9068,-43.1812,35.409473684210525,,,33.35,54.96,,,,22.07,27.32,19.55,80.94,56.93,0.0,0.03,0.23,6376.37,,57.66,53.76,54.76,64.48,36.66,94.3,56.05,7260.0,12953.0,80.1,Boa,1,0,1
2024-07-18,7,200,Centro,II,II — Centro,-22.9068,-43.1812,35.44263157894737,,,25.1,58.49,,,,22.07,27.05,19.67,81.19,57.8,0.0,0.03,-0.35,6411.8,,57.66,53.76,54.76,64.48,36.66,94.3,56.05,7260.0,12953.0,80.1,Boa,1,0,1
2024-07-19,7,201,Centro,II,II — Centro,-22.9068,-43.1812,35.47578947368421,,,28.8,45.83,,,,21.38,27.67,18.3,76.86,49.13,0.0,0.03,-0.44,6447.26,,57.66,53.76,54.76,64.48,36.66,94.3,56.05,7260.0,12953.0,80.1,Boa,1,0,1
2024-07-20,7,202,Centro,II,II — Centro,-22.9068,-43.1812,35.508947368421055,,,33.49,75.26,,,,21.19,27.32,17.75,75.87,49.48,0.0,0.03,0.07,6482.75,,57.66,53.76,54.76,64.48,36.66,94.3,56.05,7260.0,12953.0,80.1,Boa,1,0,1
2024-07-21,7,203,Centro,II,II — Centro,-22.9068,-43.1812,35.54210526315789,,,40.13,66.6,,,,21.51,28.02,18.42,80.56,49.48,0.0,0.03,0.33,6518.28,,57.66,53.76,54.76,64.48,36.66,94.3,56.05,7260.0,12953.0,80.1,Boa,1,0,1
2024-07-22,7,204,Centro,II,II — Centro,-22.9068,-43.1812,35.57526315789474,,,40.08,84.02,,,,21.85,28.58,18.93,80.84,55.17,0.0,0.03,0.05,6553.84,,57.66,53.76,54.76,64.48,36.66,94.3,56.05,7260.0,12953.0,80.1,Boa,1,0,1
2024-07-23,7,205,Centro,II,II — Centro,-22.9068,-43.1812,35.60842105263158,,,68.47,99.42,,,,21.62,27.65,19.28,75.23,47.87,0.0,0.03,0.04,6589.43,,57.66,53.76,54.76,64.48,36.66,94.3,56.05,7260.0,12953.0,80.1,Boa,1,0,1
2024-07-24,7,206,Centro,II,II — Centro,-22.9068,-43.1812,35.64157894736842,,,54.22,91.39,,,,21.93,29.28,18.37,80.81,40.55,0.0,0.03,0.61,6625.05,,57.66,53.76,54.76,64.48,36.66,94.3,56.05,7260.0,12953.0,80.1,Boa,1,0,1
2024-07-25,7,207,Centro,II,II — Centro,-22.9068,-43.1812,35.67473684210526,,,34.67,104.76,,,,22.84,31.73,19.42,71.39,34.03,0.0,0.03,0.82,6660.71,,57.66,53.76,54.76,64.48,36.66,94.3,56.05,7260.0,12953.0,80.1,Boa,1,0,1
2024-07-26,7,208,Centro,II,II — Centro,-22.9068,-43.1812,35.70789473684211,,,32.03,107.04,,,,23.58,32.2,20.37,67.79,35.35,0.0,0.03,0.48,6696.4,,57.66,53.76,54.76,64.48,36.66,94.3,56.05,7260.0,12953.0,80.1,Boa,1,0,1
2024-07-27,7,209,Centro,II,II — Centro,-22.9068,-43.1812,35.741052631578945,,,40.06,136.71,,,,23.8,29.95,21.1,72.29,43.82,0.0,0.03,0.77,6732.13,,57.66,53.76,54.76,64.48,36.66,94.3,56.05,7260.0,12953.0,80.1,Boa,1,0,1
2024-07-28,7,210,Centro,II,II — Centro,-22.9068,-43.1812,35.77421052631579,,,26.43,80.08,,,,25.11,34.92,21.28,66.57,27.73,0.0,0.03,-0.42,6767.88,,57.66,53.76,54.76,64.48,36.66,94.3,56.05,7260.0,12953.0,80.1,Boa,1,0,1
2024-07-29,7,211,Centro,II,II — Centro,-22.9068,-43.1812,35.80736842105263,,,69.78,91.83,,,,22.96,25.67,21.22,79.69,62.68,0.0,0.03,-2.22,6803.68,,57.66,53.76,54.76,64.48,36.66,94.3,56.05,7260.0,12953.0,80.1,Boa,1,0,1
2024-07-30,7,212,Centro,II,II — Centro,-22.9068,-43.1812,35.840526315789475,,,45.01,90.81,,,,20.66,23.35,18.58,89.75,71.47,20.0,0.03,-0.75,6839.5,,57.66,53.76,54.76,64.48,36.66,94.3,56.05,7260.0,12953.0,80.1,Boa,1,0,1
2024-07-31,7,213,Centro,II,II — Centro,-22.9068,-43.1812,35.873684210526314,,,35.17,55.87,,,,21.46,26.13,18.43,84.43,61.87,0.2,0.03,0.64,6875.36,,57.66,53.76,54.76,64.48,36.66,94.3,56.05,7260.0,12953.0,80.1,Boa,1,0,1
2024-08-01,8,214,Centro,II,II — Centro,-22.9068,-43.1812,35.90684210526316,,,35.08,60.91,,,,21.94,27.6,18.78,76.13,54.42,0.0,0.03,0.44,6911.25,,57.66,53.76,54.76,64.48,36.66,94.3,56.05,7260.0,12953.0,63.37,Regular,1,0,1
2024-08-02,8,215,Centro,II,II — Centro,-22.9068,-43.1812,35.94,,,36.34,60.28,,,,22.34,28.87,18.12,71.85,48.33,0.0,0.03,0.8,6947.17,,57.66,53.76,54.76,64.48,36.66,94.3,56.05,7260.0,12953.0,63.37,Regular,1,0,1
2024-08-03,8,216,Centro,II,II — Centro,-22.9068,-43.1812,35.97315789473684,,,29.78,57.45,,,,23.53,30.95,19.38,76.56,45.37,0.0,0.03,1.24,6983.13,,57.66,53.76,54.76,64.48,36.66,94.3,56.05,7260.0,12953.0,63.37,Regular,1,0,1
2024-08-04,8,217,Centro,II,II — Centro,-22.9068,-43.1812,36.00631578947368,,,18.78,41.59,,,,24.83,33.63,20.35,74.45,40.25,0.0,0.03,1.0,7019.12,,57.66,53.76,54.76,64.48,36.66,94.3,56.05,7260.0,12953.0,63.37,Regular,1,0,1
2024-08-05,8,218,Centro,II,II — Centro,-22.9068,-43.1812,36.03947368421053,,,23.77,65.26,,,,25.54,31.95,23.03,67.28,42.92,0.0,0.03,0.31,7055.14,,57.66,53.76,54.76,64.48,36.66,94.3,56.05,7260.0,12953.0,63.37,Regular,1,0,1
2024-08-06,8,219,Centro,II,II — Centro,-22.9068,-43.1812,36.072631578947366,,,21.16,69.41,,,,25.44,32.23,22.5,73.21,42.0,0.0,0.03,1.35,7091.2,,57.66,53.76,54.76,64.48,36.66,94.3,56.05,7260.0,12953.0,63.37,Regular,1,0,1
2024-08-07,8,220,Centro,II,II — Centro,-22.9068,-43.1812,36.10578947368421,,,23.9,48.7,,,,28.24,36.53,24.08,41.96,17.78,0.0,0.03,1.58,7127.28,,57.66,53.76,54.76,64.48,36.66,94.3,56.05,7260.0,12953.0,63.37,Regular,1,0,1
2024-08-08,8,221,Centro,II,II — Centro,-22.9068,-43.1812,36.13894736842105,,,30.45,62.46,,,,28.6,37.4,23.95,41.6,17.12,0.0,0.03,-1.75,7163.41,,57.66,53.76,54.76,64.48,36.66,94.3,56.05,7260.0,12953.0,63.37,Regular,1,0,1
2024-08-09,8,222,Centro,II,II — Centro,-22.9068,-43.1812,36.172105263157896,,,44.82,68.43,,,,24.73,30.27,21.97,76.33,48.87,0.0,0.03,-5.05,7199.56,,57.66,53.76,54.76,64.48,36.66,94.3,56.05,7260.0,12953.0,63.37,Regular,1,0,1
2024-08-10,8,223,Centro,II,II — Centro,-22.9068,-43.1812,36.205263157894734,,,36.86,50.42,,,,18.5,21.22,17.02,90.6,65.58,0.0,0.03,-2.42,7235.75,,57.66,53.76,54.76,64.48,36.66,94.3,56.05,7260.0,12953.0,63.37,Regular,1,0,1
2024-08-11,8,224,Centro,II,II — Centro,-22.9068,-43.1812,36.23842105263158,,,38.57,61.26,,,,19.9,26.95,16.62,67.52,32.27,0.0,0.03,1.2,7271.97,,57.66,53.76,54.76,64.48,36.66,94.3,56.05,7260.0,12953.0,63.37,Regular,1,0,1
2024-08-12,8,225,Centro,II,II — Centro,-22.9068,-43.1812,36.27157894736842,,,33.52,55.15,,,,20.9,26.08,17.0,57.55,31.77,0.0,0.03,-0.22,7308.23,,57.66,53.76,54.76,64.48,36.66,94.3,56.05,7260.0,12953.0,63.37,Regular,1,0,1
2024-08-13,8,226,Centro,II,II — Centro,-22.9068,-43.1812,36.304736842105264,,,44.19,65.51,,,,19.46,26.63,15.93,48.78,33.13,0.0,0.03,-0.29,7344.52,,57.66,53.76,54.76,64.48,36.66,94.3,56.05,7260.0,12953.0,63.37,Regular,1,0,1
2024-08-14,8,227,Centro,II,II — Centro,-22.9068,-43.1812,36.3378947368421,,,25.75,50.61,,,,20.33,27.63,16.08,66.28,37.72,0.0,0.03,1.46,7380.84,,57.66,53.76,54.76,64.48,36.66,94.3,56.05,7260.0,12953.0,63.37,Regular,1,0,1
2024-08-15,8,228,Centro,II,II — Centro,-22.9068,-43.1812,36.37105263157895,,,28.3,76.52,,,,22.38,29.68,18.47,75.44,48.5,0.0,0.03,1.92,7417.19,,57.66,53.76,54.76,64.48,36.66,94.3,56.05,7260.0,12953.0,63.37,Regular,1,0,1
2024-08-16,8,229,Centro,II,II — Centro,-22.9068,-43.1812,36.40421052631579,,,20.79,64.55,,,,24.16,32.15,20.68,72.94,40.35,0.0,0.03,1.2,7453.58,,57.66,53.76,54.76,64.48,36.66,94.3,56.05,7260.0,12953.0,63.37,Regular,1,0,1
2024-08-17,8,230,Centro,II,II — Centro,-22.9068,-43.1812,36.43736842105263,,,23.03,81.96,,,,24.77,32.62,21.05,76.98,39.87,0.0,0.03,0.62,7490.0,,57.66,53.76,54.76,64.48,36.66,94.3,56.05,7260.0,12953.0,63.37,Regular,1,0,1
2024-08-18,8,231,Centro,II,II — Centro,-22.9068,-43.1812,36.47052631578947,,,31.34,107.43,,,,25.41,33.1,21.77,74.83,35.5,0.0,0.03,0.84,7526.45,,57.66,53.76,54.76,64.48,36.66,94.3,56.05,7260.0,12953.0,63.37,Regular,1,0,1
2024-08-19,8,232,Centro,II,II — Centro,-22.9068,-43.1812,36.503684210526316,,,26.02,79.93,,,,26.44,33.92,22.23,58.83,30.48,0.0,0.03,-0.2,7562.94,,57.66,53.76,54.76,64.48,36.66,94.3,56.05,7260.0,12953.0,63.37,Regular,1,0,1
2024-08-20,8,233,Centro,II,II — Centro,-22.9068,-43.1812,36.53684210526316,,,50.2,102.16,,,,25.02,30.02,22.2,66.04,47.78,0.0,0.03,-0.98,7599.46,,57.66,53.76,54.76,64.48,36.66,94.3,56.05,7260.0,12953.0,63.37,Regular,1,0,1
2024-08-21,8,234,Centro,II,II — Centro,-22.9068,-43.1812,36.57,,,76.27,116.64,,,,24.49,30.62,21.78,74.17,49.1,0.0,0.03,0.55,7636.01,,57.66,53.76,54.76,64.48,36.66,94.3,56.05,7260.0,12953.0,63.37,Regular,1,0,1
2024-08-22,8,235,Centro,II,II — Centro,-22.9068,-43.1812,36.60315789473684,,,34.42,80.46,,,,26.13,34.93,21.27,67.78,35.72,0.0,0.03,2.66,7672.6,,57.66,53.76,54.76,64.48,36.66,94.3,56.05,7260.0,12953.0,63.37,Regular,1,0,1
2024-08-23,8,236,Centro,II,II — Centro,-22.9068,-43.1812,36.636315789473684,,,40.53,80.91,,,,29.81,39.98,23.97,40.36,13.78,0.0,0.03,-0.49,7709.22,,57.66,53.76,54.76,64.48,36.66,94.3,56.05,7260.0,12953.0,63.37,Regular,1,0,1
2024-08-24,8,237,Centro,II,II — Centro,-22.9068,-43.1812,36.66947368421053,,,64.33,92.02,,,,25.14,30.35,21.87,76.77,54.15,1.2,0.03,-4.65,7745.87,,57.66,53.76,54.76,64.48,36.66,94.3,56.05,7260.0,12953.0,63.37,Regular,1,0,1
2024-08-25,8,238,Centro,II,II — Centro,-22.9068,-43.1812,36.70263157894737,,,40.17,52.12,,,,20.51,22.57,17.62,89.83,75.58,14.4,0.03,-3.9,7782.56,,57.66,53.76,54.76,64.48,36.66,94.3,56.05,7260.0,12953.0,63.37,Regular,1,0,1
2024-08-26,8,239,Centro,II,II — Centro,-22.9068,-43.1812,36.735789473684214,,,32.16,59.61,,,,17.34,18.58,15.12,78.07,60.43,11.8,0.03,-0.18,7819.28,,57.66,53.76,54.76,64.48,36.66,94.3,56.05,7260.0,12953.0,63.37,Regular,1,0,1
2024-08-27,8,240,Centro,II,II — Centro,-22.9068,-43.1812,36.76894736842105,,,48.77,67.61,,,,20.15,26.7,15.75,55.25,30.72,0.0,0.03,2.12,7856.03,,57.66,53.76,54.76,64.48,36.66,94.3,56.05,7260.0,12953.0,63.37,Regular,1,0,1
2024-08-28,8,241,Centro,II,II — Centro,-22.9068,-43.1812,36.8021052631579,,,41.63,64.81,,,,21.59,28.27,18.25,64.48,39.38,0.0,0.03,1.14,7892.82,,57.66,53.76,54.76,64.48,36.66,94.3,56.05,7260.0,12953.0,63.37,Regular,1,0,1
2024-08-29,8,242,Centro,II,II — Centro,-22.9068,-43.1812,36.83526315789474,,,35.58,60.13,,,,22.42,30.88,17.85,71.68,41.93,0.0,0.03,0.92,7929.64,,57.66,53.76,54.76,64.48,36.66,94.3,56.05,7260.0,12953.0,63.37,Regular,1,0,1
2024-08-30,8,243,Centro,II,II — Centro,-22.9068,-43.1812,36.86842105263158,,,34.56,100.71,,,,23.42,32.12,19.83,64.09,37.72,0.0,0.03,0.44,7966.49,,57.66,53.76,54.76,64.48,36.66,94.3,56.05,7260.0,12953.0,63.37,Regular,1,0,1
2024-08-31,8,244,Centro,II,II — Centro,-22.9068,-43.1812,36.90157894736842,,,43.12,97.21,,,,23.3,28.57,19.47,78.8,55.48,0.0,0.03,0.83,8003.37,,57.66,53.76,54.76,64.48,36.66,94.3,56.05,7260.0,12953.0,63.37,Regular,1,0,1
2024-09-01,9,245,Centro,II,II — Centro,-22.9068,-43.1812,36.934736842105266,,,32.86,61.12,,,,25.09,33.63,19.92,74.25,42.8,0.0,0.03,0.89,8040.29,,57.66,53.76,54.76,64.48,36.66,94.3,56.05,7260.0,12953.0,65.19,Regular,1,0,1
2024-09-02,9,246,Centro,II,II — Centro,-22.9068,-43.1812,36.967894736842105,,,36.36,63.0,,,,25.08,30.07,22.45,69.83,38.25,0.0,0.03,-0.46,8077.24,,57.66,53.76,54.76,64.48,36.66,94.3,56.05,7260.0,12953.0,65.19,Regular,1,0,1
2024-09-03,9,247,Centro,II,II — Centro,-22.9068,-43.1812,37.00105263157895,,,50.47,65.52,,,,24.16,28.7,21.58,74.08,52.6,0.0,0.03,-0.39,8114.23,,57.66,53.76,54.76,64.48,36.66,94.3,56.05,7260.0,12953.0,65.19,Regular,1,0,1
2024-09-04,9,248,Centro,II,II — Centro,-22.9068,-43.1812,37.03421052631579,,,35.94,77.81,,,,24.3,29.75,20.98,86.75,57.45,0.0,0.03,0.41,8151.24,,57.66,53.76,54.76,64.48,36.66,94.3,56.05,7260.0,12953.0,65.19,Regular,1,0,1
2024-09-05,9,249,Centro,II,II — Centro,-22.9068,-43.1812,37.067368421052635,,,38.8,64.65,,,,24.99,29.85,22.47,78.86,51.02,0.0,0.03,-0.26,8188.3,,57.66,53.76,54.76,64.48,36.66,94.3,56.05,7260.0,12953.0,65.19,Regular,1,0,1
2024-09-06,9,250,Centro,II,II — Centro,-22.9068,-43.1812,37.10052631578947,,,41.22,74.07,,,,23.79,26.27,22.22,93.88,76.03,0.0,0.03,-0.14,8225.38,,57.66,53.76,54.76,64.48,36.66,94.3,56.05,7260.0,12953.0,65.19,Regular,1,0,1
2024-09-07,9,251,Centro,II,II — Centro,-22.9068,-43.1812,37.13368421052632,,,31.54,79.94,,,,24.71,29.0,21.95,88.54,61.78,0.0,0.03,0.93,8262.5,,57.66,53.76,54.76,64.48,36.66,94.3,56.05,7260.0,12953.0,65.19,Regular,1,0,1
2024-09-08,9,252,Centro,II,II — Centro,-22.9068,-43.1812,37.16684210526316,,,23.99,63.27,,,,25.65,32.23,22.05,81.45,48.28,0.0,0.03,0.86,8299.65,,57.66,53.76,54.76,64.48,36.66,94.3,56.05,7260.0,12953.0,65.19,Regular,1,0,1
2024-09-09,9,253,Centro,II,II — Centro,-22.9068,-43.1812,37.2,,,27.98,69.58,,,,26.43,35.33,22.95,76.18,39.07,0.0,0.03,0.64,8336.83,,57.66,53.76,54.76,64.48,36.66,94.3,56.05,7260.0,12953.0,65.19,Regular,1,0,1
2024-09-10,9,254,Centro,II,II — Centro,-22.9068,-43.1812,37.23315789473684,,,33.66,91.5,,,,26.92,35.12,23.22,61.09,32.52,0.0,0.03,1.19,8374.05,,57.66,53.76,54.76,64.48,36.66,94.3,56.05,7260.0,12953.0,65.19,Regular,1,0,1
2024-09-11,9,255,Centro,II,II — Centro,-22.9068,-43.1812,37.26631578947369,,,31.34,112.26,,,,28.81,36.6,23.18,52.1,24.58,0.0,0.03,1.65,8411.3,,57.66,53.76,54.76,64.48,36.66,94.3,56.05,7260.0,12953.0,65.19,Regular,1,0,1
2024-09-12,9,256,Centro,II,II — Centro,-22.9068,-43.1812,37.299473684210525,,,35.23,104.24,,,,30.22,38.57,25.42,40.66,20.48,0.0,0.03,0.35,8448.58,,57.66,53.76,54.76,64.48,36.66,94.3,56.05,7260.0,12953.0,65.19,Regular,1,0,1
2024-09-13,9,257,Centro,II,II — Centro,-22.9068,-43.1812,37.33263157894737,,,51.42999999999999,,,,,29.5,,,43.474999999999994,,0.0,0.03,-0.72,8485.9,,57.66,53.76,54.76,64.48,36.66,94.3,56.05,7260.0,12953.0,65.19,Regular,1,0,1
2024-09-14,9,258,Centro,II,II — Centro,-22.9068,-43.1812,37.36578947368421,,,67.63,87.87,,,,28.78,34.37,23.07,46.29,23.28,0.0,0.03,-2.02,8523.24,,57.66,53.76,54.76,64.48,36.66,94.3,56.05,7260.0,12953.0,65.19,Regular,1,0,1
2024-09-15,9,259,Centro,II,II — Centro,-22.9068,-43.1812,37.398947368421055,,,83.33,98.42,,,,25.46,28.42,23.93,75.62,57.28,0.0,0.03,-2.11,8560.63,,57.66,53.76,54.76,64.48,36.66,94.3,56.05,7260.0,12953.0,65.19,Regular,1,0,1
2024-09-16,9,260,Centro,II,II — Centro,-22.9068,-43.1812,37.432105263157894,,,59.44,82.46,,,,24.57,28.32,21.88,83.7,60.8,0.0,0.03,-1.47,8598.04,,57.66,53.76,54.76,64.48,36.66,94.3,56.05,7260.0,12953.0,65.19,Regular,1,0,1
2024-09-17,9,261,Centro,II,II — Centro,-22.9068,-43.1812,37.46526315789474,,,61.36,83.06,,,,22.51,24.47,20.6,79.36,67.17,2.4,0.03,-0.8,8635.49,,57.66,53.76,54.76,64.48,36.66,94.3,56.05,7260.0,12953.0,65.19,Regular,1,0,1
2024-09-18,9,262,Centro,II,II — Centro,-22.9068,-43.1812,37.49842105263158,,,48.46,66.66,,,,22.98,27.62,19.73,70.91,48.78,0.0,0.03,0.78,8672.97,,57.66,53.76,54.76,64.48,36.66,94.3,56.05,7260.0,12953.0,65.19,Regular,1,0,1
2024-09-19,9,263,Centro,II,II — Centro,-22.9068,-43.1812,37.53157894736842,,,43.47,63.91,,,,24.07,29.43,20.65,65.23,49.67,0.0,0.03,1.48,8710.49,,57.66,53.76,54.76,64.48,36.66,94.3,56.05,7260.0,12953.0,65.19,Regular,1,0,1
2024-09-20,9,264,Centro,II,II — Centro,-22.9068,-43.1812,37.56473684210526,,,33.84,63.1,,,,25.95,32.83,22.43,73.39,46.22,0.0,0.03,1.13,8748.04,,57.66,53.76,54.76,64.48,36.66,94.3,56.05,7260.0,12953.0,65.19,Regular,1,0,1
2024-09-21,9,265,Centro,II,II — Centro,-22.9068,-43.1812,37.59789473684211,,,49.1,74.45,,,,26.33,30.4,24.3,77.99,52.63,0.0,0.03,0.15,8785.62,,57.66,53.76,54.76,64.48,36.66,94.3,56.05,7260.0,12953.0,65.19,Regular,1,0,1
2024-09-22,9,266,Centro,II,II — Centro,-22.9068,-43.1812,37.631052631578946,,,56.9,101.82,,,,26.25,33.68,23.57,83.11,41.08,0.0,0.03,-0.01,8823.23,,57.66,53.76,54.76,64.48,36.66,94.3,56.05,7260.0,12953.0,65.19,Regular,1,0,1
2024-09-23,9,267,Centro,II,II — Centro,-22.9068,-43.1812,37.66421052631579,,,44.61,94.15,,,,26.3,35.57,22.53,82.14,38.48,0.0,0.03,0.09,8860.88,,57.66,53.76,54.76,64.48,36.66,94.3,56.05,7260.0,12953.0,65.19,Regular,1,0,1
2024-09-24,9,268,Centro,II,II — Centro,-22.9068,-43.1812,37.69736842105263,,,32.57,64.99,,,,26.43,35.87,22.83,76.37,34.53,0.0,0.03,0.47,8898.56,,57.66,53.76,54.76,64.48,36.66,94.3,56.05,7260.0,12953.0,65.19,Regular,1,0,1
2024-09-25,9,269,Centro,II,II — Centro,-22.9068,-43.1812,37.730526315789476,,,26.0,71.78,,,,27.25,35.32,23.88,68.89,37.88,0.0,0.03,0.95,8936.27,,57.66,53.76,54.76,64.48,36.66,94.3,56.05,7260.0,12953.0,65.19,Regular,1,0,1
2024-09-26,9,270,Centro,II,II — Centro,-22.9068,-43.1812,37.763684210526314,,,32.57,76.81,,,,28.32,35.73,24.85,63.14,32.15,0.0,0.03,-0.89,8974.02,,57.66,53.76,54.76,64.48,36.66,94.3,56.05,7260.0,12953.0,65.19,Regular,1,0,1
2024-09-27,9,271,Centro,II,II — Centro,-22.9068,-43.1812,37.79684210526316,,,60.64,89.66,,,,25.47,29.63,22.82,86.54,59.02,0.0,0.03,-2.21,9011.8,,57.66,53.76,54.76,64.48,36.66,94.3,56.05,7260.0,12953.0,65.19,Regular,1,0,1
2024-09-28,9,272,Centro,II,II — Centro,-22.9068,-43.1812,37.83,,,57.17,74.09,,,,23.9,25.73,22.77,73.83,62.73,0.0,0.03,-0.53,9049.62,,57.66,53.76,54.76,64.48,36.66,94.3,56.05,7260.0,12953.0,65.19,Regular,1,0,1
2024-09-29,9,273,Centro,II,II — Centro,-22.9068,-43.1812,37.863157894736844,,,62.03,71.83,,,,24.41,29.82,21.95,70.41,45.1,0.0,0.03,0.68,9087.46,,57.66,53.76,54.76,64.48,36.66,94.3,56.05,7260.0,12953.0,65.19,Regular,1,0,1
2024-09-30,9,274,Centro,II,II — Centro,-22.9068,-43.1812,37.89631578947368,,,51.85,79.82,,,,25.25,32.73,21.32,69.79,42.72,0.0,0.03,2.47,9125.34,,57.66,53.76,54.76,64.48,36.66,94.3,56.05,7260.0,12953.0,65.19,Regular,1,0,1
2024-10-01,10,275,Centro,II,II — Centro,-22.9068,-43.1812,37.92947368421053,,,32.87,66.83,,,,29.35,39.25,23.62,50.13,25.7,0.0,0.03,2.13,9163.25,,57.66,53.76,54.76,64.48,36.66,94.3,56.05,7260.0,12953.0,76.44,Boa,1,0,1
2024-10-02,10,276,Centro,II,II — Centro,-22.9068,-43.1812,37.96263157894737,,,52.11,149.9,,,,29.51,35.75,25.55,48.45,22.83,0.0,0.03,-1.66,9201.2,,57.66,53.76,54.76,64.48,36.66,94.3,56.05,7260.0,12953.0,76.44,Boa,1,0,1
2024-10-03,10,277,Centro,II,II — Centro,-22.9068,-43.1812,37.99578947368421,,,66.23,84.73,,,,26.03,28.12,23.92,78.11,60.68,0.0,0.03,-4.05,9239.18,,57.66,53.76,54.76,64.48,36.66,94.3,56.05,7260.0,12953.0,76.44,Boa,1,0,1
2024-10-04,10,278,Centro,II,II — Centro,-22.9068,-43.1812,38.02894736842105,,,46.29,66.61,,,,21.41,23.82,19.85,99.78,99.7,42.0,0.03,-1.81,9277.19,,57.66,53.76,54.76,64.48,36.66,94.3,56.05,7260.0,12953.0,76.44,Boa,1,0,1
2024-10-05,10,279,Centro,II,II — Centro,-22.9068,-43.1812,38.062105263157896,,,42.12,55.29,,,,22.41,27.95,19.52,74.6,42.58,0.8,0.03,0.81,9315.24,,57.66,53.76,54.76,64.48,36.66,94.3,56.05,7260.0,12953.0,76.44,Boa,1,0,1
2024-10-06,10,280,Centro,II,II — Centro,-22.9068,-43.1812,38.095263157894735,,,48.05,61.27,,,,23.04,30.8,18.8,56.37,28.87,0.0,0.03,0.83,9353.32,,57.66,53.76,54.76,64.48,36.66,94.3,56.05,7260.0,12953.0,76.44,Boa,1,0,1
2024-10-07,10,281,Centro,II,II — Centro,-22.9068,-43.1812,38.12842105263158,,,39.16,47.41,,,,24.07,33.27,20.38,57.76,29.28,0.0,0.03,0.45,9391.43,,57.66,53.76,54.76,64.48,36.66,94.3,56.05,7260.0,12953.0,76.44,Boa,1,0,1
2024-10-08,10,282,Centro,II,II — Centro,-22.9068,-43.1812,38.16157894736842,,,41.7,74.58,,,,23.93,29.85,20.38,73.32,49.35,0.0,0.03,0.21,9429.57,,57.66,53.76,54.76,64.48,36.66,94.3,56.05,7260.0,12953.0,76.44,Boa,1,0,1
2024-10-09,10,283,Centro,II,II — Centro,-22.9068,-43.1812,38.194736842105264,,,31.66,45.06,,,,24.49,28.67,22.23,88.37,60.2,0.0,0.03,-0.49,9467.75,,57.66,53.76,54.76,64.48,36.66,94.3,56.05,7260.0,12953.0,76.44,Boa,1,0,1
2024-10-10,10,284,Centro,II,II — Centro,-22.9068,-43.1812,38.2278947368421,,,32.7,48.01,,,,22.94,24.5,21.68,91.62,83.68,0.0,0.03,0.39,9505.96,,57.66,53.76,54.76,64.48,36.66,94.3,56.05,7260.0,12953.0,76.44,Boa,1,0,1
2024-10-11,10,285,Centro,II,II — Centro,-22.9068,-43.1812,38.26105263157895,,,23.22,47.55,,,,25.27,28.42,22.38,78.95,62.37,0.0,0.03,2.77,9544.21,,57.66,53.76,54.76,64.48,36.66,94.3,56.05,7260.0,12953.0,76.44,Boa,1,0,1
2024-10-12,10,286,Centro,II,II — Centro,-22.9068,-43.1812,38.29421052631579,,,54.99,85.44,,,,28.48,33.23,24.8,57.46,34.67,0.0,0.03,0.01,9582.48,,57.66,53.76,54.76,64.48,36.66,94.3,56.05,7260.0,12953.0,76.44,Boa,1,0,1
2024-10-13,10,287,Centro,II,II — Centro,-22.9068,-43.1812,38.32736842105263,,,51.02,63.09,,,,25.28,31.65,22.73,73.04,42.43,0.0,0.03,-2.1,9620.8,,57.66,53.76,54.76,64.48,36.66,94.3,56.05,7260.0,12953.0,76.44,Boa,1,0,1
2024-10-14,10,288,Centro,II,II — Centro,-22.9068,-43.1812,38.36052631578947,,,44.6,52.28,,,,24.28,30.62,22.15,67.94,39.62,0.0,0.03,-0.66,9659.14,,57.66,53.76,54.76,64.48,36.66,94.3,56.05,7260.0,12953.0,76.44,Boa,1,0,1
2024-10-15,10,289,Centro,II,II — Centro,-22.9068,-43.1812,38.39368421052632,,,38.5075,58.16,,,,23.96,30.63,21.13,60.25,36.3,0.0,0.03,0.07,9697.52,,57.66,53.76,54.76,64.48,36.66,94.3,56.05,7260.0,12953.0,76.44,Boa,1,0,1
2024-10-16,10,290,Centro,II,II — Centro,-22.9068,-43.1812,38.42684210526316,68.0,,32.415,69.79,,,,24.42,31.22,21.1,67.24,40.38,0.0,0.03,0.77,9735.93,,57.66,53.76,54.76,64.48,36.66,94.3,56.05,7260.0,12953.0,76.44,Boa,1,1,1
2024-10-17,10,291,Centro,II,II — Centro,-22.9068,-43.1812,38.46,59.0,,26.3225,,,,,25.5,32.78,21.9,67.77,34.42,0.0,0.62,-0.23,9774.37,,57.66,53.76,54.76,64.48,36.66,94.3,56.05,7260.0,12953.0,76.44,Boa,0,0,1
2024-10-18,10,292,Centro,II,II — Centro,-22.9068,-43.1812,39.67,70.0,,20.23,56.38,,,,23.97,27.1,21.68,87.3,67.45,0.0,-7.02,-1.9,9813.44,,57.66,53.76,54.76,64.48,36.66,94.3,56.05,7260.0,12953.0,76.44,Boa,0,1,0
2024-10-19,10,293,Centro,II,II — Centro,-22.9068,-43.1812,24.42,44.0,,27.81,57.38,,,,21.7,23.13,20.6,98.72,90.03,0.0,-9.84,-1.18,9845.48,,57.66,53.76,54.76,64.48,36.66,94.3,56.05,7260.0,12953.0,76.44,Boa,0,0,0
2024-10-20,10,294,Centro,II,II — Centro,-22.9068,-43.1812,20.0,37.0,,16.16,48.2,,,,21.6,23.15,20.5,99.67,98.93,0.0,2.93,0.75,9867.69,,57.66,53.76,54.76,64.48,36.66,94.3,56.05,7260.0,12953.0,76.44,Boa,0,0,0
2024-10-21,10,295,Centro,II,II — Centro,-22.9068,-43.1812,30.29,48.0,,7.65,16.95,,,,23.19,26.55,21.47,94.05,75.15,0.0,7.94,2.1,9892.84,,57.66,53.76,54.76,64.48,36.66,94.3,56.05,7260.0,12953.0,76.44,Boa,0,0,0
2024-10-22,10,296,Centro,II,II — Centro,-22.9068,-43.1812,35.88,57.0,,10.13,36.22,,,,25.81,32.53,21.87,76.16,45.68,0.0,4.96,1.82,9925.92,,57.66,53.76,54.76,64.48,36.66,94.3,56.05,7260.0,12953.0,76.44,Boa,0,0,0
2024-10-23,10,297,Centro,II,II — Centro,-22.9068,-43.1812,40.21,64.0,,12.94,38.13,,,,26.84,35.43,23.28,74.71,39.37,0.0,-5.67,0.35,9963.96,,57.66,53.76,54.76,64.48,36.66,94.3,56.05,7260.0,12953.0,76.44,Boa,0,1,0
2024-10-24,10,298,Centro,II,II — Centro,-22.9068,-43.1812,24.54,46.0,,23.0,43.27,,,,26.51,33.72,23.68,76.8,45.82,0.0,-5.47,0.35,9996.34,,57.66,53.76,54.76,64.48,36.66,94.3,56.05,7260.0,12953.0,76.44,Boa,0,0,0
2024-10-25,10,299,Centro,II,II — Centro,-22.9068,-43.1812,29.27,,,33.065,,,,,27.53,,,70.32,,0.0,4.73,1.02,10023.25,,57.66,53.76,54.76,64.48,36.66,94.3,56.05,7260.0,12953.0,76.44,Boa,1,0,1
2024-10-26,10,300,Centro,II,II — Centro,-22.9068,-43.1812,34.0,56.0,,43.13,81.04,,,,28.55,37.63,24.17,63.84,30.55,0.0,1.2,-1.9,10054.88,,57.66,53.76,54.76,64.48,36.66,94.3,56.05,7260.0,12953.0,76.44,Boa,0,0,0
2024-10-27,10,301,Centro,II,II — Centro,-22.9068,-43.1812,31.67,78.0,,40.6,56.57,,,,23.74,27.92,21.47,75.01,53.27,0.0,-1.06,-3.27,10087.72,,57.66,53.76,54.76,64.48,36.66,94.3,56.05,7260.0,12953.0,76.44,Boa,0,1,0
2024-10-28,10,302,Centro,II,II — Centro,-22.9068,-43.1812,31.88,41.0,,16.78,24.63,,,,22.01,22.88,21.05,90.45,75.03,0.0,-1.09,-0.06,10119.49,,57.66,53.76,54.76,64.48,36.66,94.3,56.05,7260.0,12953.0,76.44,Boa,0,0,0
2024-10-29,10,303,Centro,II,II — Centro,-22.9068,-43.1812,29.5,49.0,,18.41,27.48,,,,23.62,26.85,21.27,79.26,66.8,0.0,-1.07,1.05,10150.18,,57.66,53.76,54.76,64.48,36.66,94.3,56.05,7260.0,12953.0,76.44,Boa,0,0,0
2024-10-30,10,304,Centro,II,II — Centro,-22.9068,-43.1812,29.73,,,19.535,,,,,24.115000000000002,,,77.44,,0.0,0.23,0.49,10179.8,,57.66,53.76,54.76,64.48,36.66,94.3,56.05,7260.0,12953.0,76.44,Boa,1,0,1
2024-10-31,10,305,Centro,II,II — Centro,-22.9068,-43.1812,29.96,45.0,,20.66,37.49,,,,24.61,31.03,21.05,75.62,46.43,0.0,-1.08,0.59,10209.64,,57.66,53.76,54.76,64.48,36.66,94.3,56.05,7260.0,12953.0,76.44,Boa,0,0,0
2024-11-01,11,306,Centro,II,II — Centro,-22.9068,-43.1812,27.58,54.0,,17.77,35.75,,,,25.29,33.85,21.65,75.08,39.57,0.0,0.29,0.46,10238.41,,57.66,53.76,54.76,64.48,36.66,94.3,56.05,7260.0,12953.0,70.47,Boa,0,0,0
2024-11-02,11,307,Centro,II,II — Centro,-22.9068,-43.1812,30.54,61.0,,19.73,45.2,,,,25.52,31.27,23.17,73.59,48.58,0.0,0.15,0.07,10267.47,,57.66,53.76,54.76,64.48,36.66,94.3,56.05,7260.0,12953.0,70.47,Boa,0,0,0
2024-11-03,11,308,Centro,II,II — Centro,-22.9068,-43.1812,27.88,60.0,,17.57,34.19,,,,25.42,31.95,23.08,71.49,43.78,0.0,9.48,-0.65,10296.68,,57.66,53.76,54.76,64.48,36.66,94.3,56.05,7260.0,12953.0,70.47,Boa,0,0,0
2024-11-04,11,309,Centro,II,II — Centro,-22.9068,-43.1812,49.5,105.0,,9.02,24.72,,,,24.22,26.3,22.75,75.72,59.7,0.0,15.37,0.54,10335.37,,57.66,53.76,54.76,64.48,36.66,94.3,56.05,7260.0,12953.0,70.47,Boa,0,1,0
2024-11-05,11,310,Centro,II,II — Centro,-22.9068,-43.1812,58.62,112.0,,7.38,22.03,,,,26.5,37.03,21.47,62.88,29.8,0.0,-0.44,1.55,10389.43,,57.66,53.76,54.76,64.48,36.66,94.3,56.05,7260.0,12953.0,70.47,Boa,0,1,0
2024-11-06,11,311,Centro,II,II — Centro,-22.9068,-43.1812,48.62,93.0,,12.61,37.66,,,,27.32,36.97,22.78,60.11,28.92,0.0,-6.92,1.12,10443.05,,57.66,53.76,54.76,64.48,36.66,94.3,56.05,7260.0,12953.0,70.47,Boa,0,1,0
2024-11-07,11,312,Centro,II,II — Centro,-22.9068,-43.1812,44.78,103.0,,11.58,35.45,,,,28.73,39.82,25.22,55.81,23.7,0.0,-12.6,-0.32,10489.75,,57.66,53.76,54.76,64.48,36.66,94.3,56.05,7260.0,12953.0,70.47,Boa,0,1,0
2024-11-08,11,313,Centro,II,II — Centro,-22.9068,-43.1812,23.42,38.0,,6.91,22.51,,,,26.68,30.62,22.5,71.15,47.93,0.0,-12.3,-2.47,10523.85,,57.66,53.76,54.76,64.48,36.66,94.3,56.05,7260.0,12953.0,70.47,Boa,0,0,0
2024-11-09,11,314,Centro,II,II — Centro,-22.9068,-43.1812,20.17,35.0,,11.54,18.27,,,,23.79,26.38,22.1,81.05,62.07,0.0,-1.84,-1.27,10545.64,,57.66,53.76,54.76,64.48,36.66,94.3,56.05,7260.0,12953.0,70.47,Boa,0,0,0
2024-11-10,11,315,Centro,II,II — Centro,-22.9068,-43.1812,19.75,38.0,,25.55,33.14,,,,24.145,22.98,22.43,61.87,38.9,0.0,2.02,0.36,10565.6,,57.66,53.76,54.76,64.48,36.66,94.3,56.05,7260.0,12953.0,70.47,Boa,0,0,1
2024-11-11,11,316,Centro,II,II — Centro,-22.9068,-43.1812,24.21,37.0,,28.85,49.37,,,,24.5,31.98,21.2,61.65,34.97,0.0,7.12,1.7,10587.58,,57.66,53.76,54.76,64.48,36.66,94.3,56.05,7260.0,12953.0,70.47,Boa,0,0,0
2024-11-12,11,317,Centro,II,II — Centro,-22.9068,-43.1812,34.0,48.0,,39.31,114.93,,,,27.55,38.6,22.85,60.19,26.48,0.0,-2.8,-1.24,10616.69,,57.66,53.76,54.76,64.48,36.66,94.3,56.05,7260.0,12953.0,70.47,Boa,0,0,0
2024-11-13,11,318,Centro,II,II — Centro,-22.9068,-43.1812,18.62,34.0,,31.62,63.52,,,,22.01,24.23,20.02,96.68,86.9,0.0,-5.64,-2.65,10643.0,,57.66,53.76,54.76,64.48,36.66,94.3,56.05,7260.0,12953.0,70.47,Boa,0,0,0
2024-11-14,11,319,Centro,II,II — Centro,-22.9068,-43.1812,22.71,34.0,,34.78,49.87,,,,22.25,26.22,20.13,80.33,61.08,0.0,0.94,0.61,10663.66,,57.66,53.76,54.76,64.48,36.66,94.3,56.05,7260.0,12953.0,70.47,Boa,0,0,0
2024-11-15,11,320,Centro,II,II — Centro,-22.9068,-43.1812,20.5,45.0,,30.37,60.25,,,,23.24,26.82,20.52,92.39,72.13,0.0,-3.71,0.36,10685.27,,57.66,53.76,54.76,64.48,36.66,94.3,56.05,7260.0,12953.0,70.47,Boa,0,0,0
2024-11-16,11,321,Centro,II,II — Centro,-22.9068,-43.1812,15.29,33.0,,8.99,21.85,,,,22.97,23.98,21.85,99.71,99.7,0.0,1.84,0.61,10703.16,,57.66,53.76,54.76,64.48,36.66,94.3,56.05,7260.0,12953.0,70.47,Boa,0,0,0
2024-11-17,11,322,Centro,II,II — Centro,-22.9068,-43.1812,24.17,37.0,,19.53,55.99,,,,24.45,28.35,21.78,83.16,59.92,0.0,4.62,1.41,10722.89,,57.66,53.76,54.76,64.48,36.66,94.3,56.05,7260.0,12953.0,70.47,Boa,0,0,0
2024-11-18,11,323,Centro,II,II — Centro,-22.9068,-43.1812,24.54,39.0,,29.09,68.68,,,,25.79,35.73,21.45,75.61,33.03,0.0,-0.4,1.05,10747.25,,57.66,53.76,54.76,64.48,36.66,94.3,56.05,7260.0,12953.0,70.47,Boa,0,0,0
2024-11-19,11,324,Centro,II,II — Centro,-22.9068,-43.1812,23.38,30.0,,26.56,48.82,,,,26.55,35.55,22.68,71.73,33.8,0.0,-2.02,0.39,10771.21,,57.66,53.76,54.76,64.48,36.66,94.3,56.05,7260.0,12953.0,70.47,Boa,0,0,0
2024-11-20,11,325,Centro,II,II — Centro,-22.9068,-43.1812,20.5,33.0,,34.85,61.86,,,,26.58,32.57,23.7,71.32,44.33,0.0,-3.67,-0.45,10793.15,,57.66,53.76,54.76,64.48,36.66,94.3,56.05,7260.0,12953.0,70.47,Boa,0,0,0
2024-11-21,11,326,Centro,II,II — Centro,-22.9068,-43.1812,16.04,27.0,,30.94,48.33,,,,25.65,33.67,22.45,82.25,40.93,0.0,0.69,-1.82,10811.42,,57.66,53.76,54.76,64.48,36.66,94.3,56.05,7260.0,12953.0,70.47,Boa,0,0,0
2024-11-22,11,327,Centro,II,II — Centro,-22.9068,-43.1812,21.88,60.0,,32.75,44.87,,,,22.93,25.17,21.6,89.89,72.62,0.0,2.11,-2.02,10830.38,,57.66,53.76,54.76,64.48,36.66,94.3,56.05,7260.0,12953.0,70.47,Boa,0,0,0
2024-11-23,11,328,Centro,II,II — Centro,-22.9068,-43.1812,20.25,33.0,,22.46,36.0,,,,21.61,24.38,20.0,87.05,70.28,0.0,-0.98,0.43,10851.44,,57.66,53.76,54.76,64.48,36.66,94.3,56.05,7260.0,12953.0,70.47,Boa,0,0,0
2024-11-24,11,329,Centro,II,II — Centro,-22.9068,-43.1812,19.92,31.0,,27.7,55.55,,,,23.78,33.18,20.37,71.92,33.27,0.0,0.51,1.23,10871.53,,57.66,53.76,54.76,64.48,36.66,94.3,56.05,7260.0,12953.0,70.47,Boa,0,0,0
2024-11-25,11,330,Centro,II,II — Centro,-22.9068,-43.1812,21.26,43.0,,13.9,34.77,,,,24.08,33.05,20.2,61.78,32.17,0.0,5.54,1.32,10892.12,,57.66,53.76,54.76,64.48,36.66,94.3,56.05,7260.0,12953.0,70.47,Boa,0,0,0
2024-11-26,11,331,Centro,II,II — Centro,-22.9068,-43.1812,31.0,51.0,,25.895000000000003,49.78,,,,26.42,38.48,21.15,55.34,21.07,0.0,8.85,2.56,10918.25,,57.66,53.76,54.76,64.48,36.66,94.3,56.05,7260.0,12953.0,70.47,Boa,0,0,1
2024-11-27,11,332,Centro,II,II — Centro,-22.9068,-43.1812,38.96,74.0,,37.89,93.16,,,,29.2,38.22,24.68,47.42,22.7,0.0,6.14,2.8,10953.23,,57.66,53.76,54.76,64.48,36.66,94.3,56.05,7260.0,12953.0,70.47,Boa,0,1,0
2024-11-28,11,333,Centro,II,II — Centro,-22.9068,-43.1812,43.29,62.0,,52.61,121.09,,,,32.02,40.3,27.35,40.66,20.33,0.0,-3.39,-0.86,10994.35,,57.66,53.76,54.76,64.48,36.66,94.3,56.05,7260.0,12953.0,70.47,Boa,0,0,0
2024-11-29,11,334,Centro,II,II — Centro,-22.9068,-43.1812,32.17,54.0,,60.61,97.93,,,,27.48,30.65,25.45,60.8,44.38,0.0,-7.27,-2.45,11032.08,,57.66,53.76,54.76,64.48,36.66,94.3,56.05,7260.0,12953.0,70.47,Boa,0,0,0
2024-11-30,11,335,Centro,II,II — Centro,-22.9068,-43.1812,28.75,50.0,,53.47,97.09,,,,27.13,32.27,24.43,72.35,48.33,0.0,-6.82,-0.09,11062.54,,57.66,53.76,54.76,64.48,36.66,94.3,56.05,7260.0,12953.0,70.47,Boa,0,0,0
2024-12-01,12,336,Centro,II,II — Centro,-22.9068,-43.1812,18.54,31.0,,51.85,81.5,,,,27.31,35.73,25.2,71.11,37.35,0.0,-1.11,1.11,11086.19,,57.66,53.76,54.76,64.48,36.66,94.3,56.05,7260.0,12953.0,72.25,Boa,0,0,0
2024-12-02,12,337,Centro,II,II — Centro,-22.9068,-43.1812,26.54,47.0,,49.43,116.85,,,,29.35,37.1,24.08,60.91,32.77,0.0,1.82,-0.31,11108.73,,57.66,53.76,54.76,64.48,36.66,94.3,56.05,7260.0,12953.0,72.25,Boa,0,0,0
2024-12-03,12,338,Centro,II,II — Centro,-22.9068,-43.1812,22.17,47.0,,60.35,81.57,,,,26.69,29.95,24.35,75.95,54.65,2.0,-5.94,-3.31,11133.08,,57.66,53.76,54.76,64.48,36.66,94.3,56.05,7260.0,12953.0,72.25,Boa,0,0,0
2024-12-04,12,339,Centro,II,II — Centro,-22.9068,-43.1812,14.67,29.0,,33.16,68.99,,,,22.73,24.37,21.38,99.73,99.7,0.0,1.07,-1.65,11151.5,,57.66,53.76,54.76,64.48,36.66,94.3,56.05,7260.0,12953.0,72.25,Boa,0,0,0
2024-12-05,12,340,Centro,II,II — Centro,-22.9068,-43.1812,24.32,45.0,,23.24,37.23,,,,23.39,26.92,21.55,95.11,71.47,1.2,10.93,2.57,11171.0,,57.66,53.76,54.76,64.48,36.66,94.3,56.05,7260.0,12953.0,72.25,Boa,0,0,0
2024-12-06,12,341,Centro,II,II — Centro,-22.9068,-43.1812,36.54,68.0,,31.24,83.55,,,,27.88,36.27,23.1,77.2,41.1,0.2,3.84,3.48,11201.43,,57.66,53.76,54.76,64.48,36.66,94.3,56.05,7260.0,12953.0,72.25,Boa,0,1,0
2024-12-07,12,342,Centro,II,II — Centro,-22.9068,-43.1812,32.0,48.0,,79.53,204.93,,,,30.36,40.18,25.58,47.25,18.28,0.0,-8.48,0.28,11235.7,,57.66,53.76,54.76,64.48,36.66,94.3,56.05,7260.0,12953.0,72.25,Boa,0,0,0
2024-12-08,12,343,Centro,II,II — Centro,-22.9068,-43.1812,19.58,34.0,,62.4,83.92,,,,28.44,34.63,25.93,70.34,43.35,0.0,-7.14,-1.62,11261.49,,57.66,53.76,54.76,64.48,36.66,94.3,56.05,7260.0,12953.0,72.25,Boa,0,0,0
2024-12-09,12,344,Centro,II,II — Centro,-22.9068,-43.1812,17.71,32.0,,41.32,69.98,,,,27.12,31.68,24.75,77.11,51.4,0.0,0.62,-0.76,11280.13,,57.66,53.76,54.76,64.48,36.66,94.3,56.05,7260.0,12953.0,72.25,Boa,0,0,0
2024-12-10,12,345,Centro,II,II — Centro,-22.9068,-43.1812,20.83,47.0,,35.36,95.88,,,,26.93,34.02,23.45,79.23,36.82,0.4,4.36,-0.72,11299.4,,57.66,53.76,54.76,64.48,36.66,94.3,56.05,7260.0,12953.0,72.25,Boa,0,0,0
2024-12-11,12,346,Centro,II,II — Centro,-22.9068,-43.1812,26.42,55.0,,42.75,55.72,,,,25.67,32.78,21.75,69.76,36.6,0.4,0.62,-0.62,11323.03,,57.66,53.76,54.76,64.48,36.66,94.3,56.05,7260.0,12953.0,72.25,Boa,0,0,0
2024-12-12,12,347,Centro,II,II — Centro,-22.9068,-43.1812,22.08,43.0,,40.13,50.38,,,,25.68,32.28,21.9,61.81,37.62,0.0,0.7,-0.04,11347.28,,57.66,53.76,54.76,64.48,36.66,94.3,56.05,7260.0,12953.0,72.25,Boa,0,0,0
2024-12-13,12,348,Centro,II,II — Centro,-22.9068,-43.1812,27.83,52.0,,42.08,64.58,,,,25.59,32.07,21.38,66.82,39.68,0.2,3.88,0.49,11372.23,,57.66,53.76,54.76,64.48,36.66,94.3,56.05,7260.0,12953.0,72.25,Boa,0,0,0
2024-12-14,12,349,Centro,II,II — Centro,-22.9068,-43.1812,29.83,77.0,,30.06,53.37,,,,26.66,33.27,23.95,67.19,39.3,17.6,-5.83,1.46,11401.06,,57.66,53.76,54.76,64.48,36.66,94.3,56.05,7260.0,12953.0,72.25,Boa,0,1,0
2024-12-15,12,350,Centro,II,II — Centro,-22.9068,-43.1812,16.17,32.0,,33.35,80.3,,,,28.5,38.08,24.55,61.06,23.25,0.2,-3.18,1.62,11424.06,,57.66,53.76,54.76,64.48,36.66,94.3,56.05,7260.0,12953.0,72.25,Boa,0,0,0
2024-12-16,12,351,Centro,II,II — Centro,-22.9068,-43.1812,23.46,49.0,,45.65,76.47,,,,29.9,41.0,23.55,51.03,18.83,12.6,5.54,-0.47,11443.88,,57.66,53.76,54.76,64.48,36.66,94.3,56.05,7260.0,12953.0,72.25,Boa,0,0,0
2024-12-17,12,352,Centro,II,II — Centro,-22.9068,-43.1812,27.25,44.0,,28.79,66.39,,,,27.55,36.42,23.65,63.54,32.62,0.0,2.14,-2.15,11469.23,,57.66,53.76,54.76,64.48,36.66,94.3,56.05,7260.0,12953.0,72.25,Boa,0,0,0
2024-12-18,12,353,Centro,II,II — Centro,-22.9068,-43.1812,27.75,51.0,,35.12,85.45,,,,25.6,28.72,24.0,69.73,57.83,0.0,0.06,-0.5,11496.73,,57.66,53.76,54.76,64.48,36.66,94.3,56.05,7260.0,12953.0,72.25,Boa,0,0,0
2024-12-19,12,354,Centro,II,II — Centro,-22.9068,-43.1812,27.38,35.0,,41.45,81.31,,,,26.55,35.8,23.27,64.69,32.02,0.0,-0.86,1.12,11524.3,,57.66,53.76,54.76,64.48,36.66,94.3,56.05,7260.0,12953.0,72.25,Boa,0,0,0
2024-12-20,12,355,Centro,II,II — Centro,-22.9068,-43.1812,26.04,64.0,,28.61,51.57,,,,27.84,40.43,23.32,70.99,24.27,12.8,-3.83,-0.18,11551.01,,57.66,53.76,54.76,64.48,36.66,94.3,56.05,7260.0,12953.0,72.25,Boa,0,1,0
2024-12-21,12,356,Centro,II,II — Centro,-22.9068,-43.1812,19.71,37.0,,22.71,66.12,,,,26.19,29.82,23.4,81.36,54.93,0.2,-3.54,-0.8,11573.88,,57.66,53.76,54.76,64.48,36.66,94.3,56.05,7260.0,12953.0,72.25,Boa,0,0,0
2024-12-22,12,357,Centro,II,II — Centro,-22.9068,-43.1812,18.96,36.0,,44.55,83.73,,,,26.25,28.97,24.3,80.74,64.82,0.0,2.41,-0.65,11593.22,,57.66,53.76,54.76,64.48,36.66,94.3,56.05,7260.0,12953.0,72.25,Boa,0,0,0
2024-12-23,12,358,Centro,II,II — Centro,-22.9068,-43.1812,24.54,49.0,,34.61,61.31,,,,24.89,27.8,22.83,91.37,74.63,0.2,-0.75,-0.52,11614.97,,57.66,53.76,54.76,64.48,36.66,94.3,56.05,7260.0,12953.0,72.25,Boa,0,0,0
2024-12-24,12,359,Centro,II,II — Centro,-22.9068,-43.1812,17.46,35.0,,26.59,49.3,,,,25.21,30.65,22.88,86.05,53.7,0.6,-5.71,1.47,11635.97,,57.66,53.76,54.76,64.48,36.66,94.3,56.05,7260.0,12953.0,72.25,Boa,0,0,0
2024-12-25,12,360,Centro,II,II — Centro,-22.9068,-43.1812,13.12,28.0,,27.79,65.1,,,,27.84,39.17,23.68,76.29,30.48,0.0,-0.32,1.04,11651.26,,57.66,53.76,54.76,64.48,36.66,94.3,56.05,7260.0,12953.0,72.25,Boa,0,0,0
2024-12-26,12,361,Centro,II,II — Centro,-22.9068,-43.1812,16.83,46.0,,15.27,43.87,,,,27.29,32.33,25.07,77.75,44.58,1.0,-1.18,-0.61,11666.23,,57.66,53.76,54.76,64.48,36.66,94.3,56.05,7260.0,12953.0,72.25,Boa,0,0,0
2024-12-27,12,362,Centro,II,II — Centro,-22.9068,-43.1812,10.75,21.0,,18.0,49.22,,,,26.62,29.92,24.42,85.58,62.35,27.2,-2.39,-0.08,11680.02,,57.66,53.76,54.76,64.48,36.66,94.3,56.05,7260.0,12953.0,72.25,Boa,0,0,0
2024-12-28,12,363,Centro,II,II — Centro,-22.9068,-43.1812,12.04,22.0,,40.78,74.77,,,,27.12,33.85,23.73,77.63,44.73,1.0,-1.07,0.06,11691.42,,57.66,53.76,54.76,64.48,36.66,94.3,56.05,7260.0,12953.0,72.25,Boa,0,0,0
2024-12-29,12,364,Centro,II,II — Centro,-22.9068,-43.1812,8.62,17.0,,41.78,73.74,,,,26.75,30.35,24.75,81.29,56.37,0.0,-0.27,0.14,11701.75,,57.66,53.76,54.76,64.48,36.66,94.3,56.05,7260.0,12953.0,72.25,Boa,0,0,0
2024-12-30,12,365,Centro,II,II — Centro,-22.9068,-43.1812,11.5,21.0,,40.86,72.58,,,,27.41,33.4,25.05,75.39,43.92,0.0,2.88,0.72,11711.81,,57.66,53.76,54.76,64.48,36.66,94.3,56.05,7260.0,12953.0,72.25,Boa,0,0,0
2024-12-31,12,366,Centro,II,II — Centro,-22.9068,-43.1812,14.38,21.0,,31.56,60.26,,,,28.19,37.72,24.85,65.73,29.47,0.0,2.88,0.78,11724.75,,57.66,53.76,54.76,64.48,36.66,94.3,56.05,7260.0,12953.0,72.25,Boa,0,0,0
2024-01-01,1,1,São Cristóvão,VII,VII — São Cristóvão,-22.8967,-43.2217,36.04,,,32.4,,,,,31.04,,,25.93,,0.0,0.0,0.0,0.0,,59.13,70.84,42.1,64.45,36.81,78.54,13.98,4475.0,32001.0,87.42,Boa,1,0,1
2024-01-02,1,2,São Cristóvão,VII,VII — São Cristóvão,-22.8967,-43.2217,36.04,,,32.4,,,,,31.04,,,25.93,,0.0,0.0,0.0,36.04,,59.13,70.84,42.1,64.45,36.81,78.54,13.98,4475.0,32001.0,87.42,Boa,1,0,1
2024-01-03,1,3,São Cristóvão,VII,VII — São Cristóvão,-22.8967,-43.2217,36.04,,,32.4,,,,,31.04,,,25.93,,0.0,0.0,0.0,72.08,,59.13,70.84,42.1,64.45,36.81,78.54,13.98,4475.0,32001.0,87.42,Boa,1,0,1
2024-01-04,1,4,São Cristóvão,VII,VII — São Cristóvão,-22.8967,-43.2217,36.04,,,32.4,,,,,31.04,,,25.93,,0.0,0.0,0.0,108.12,,59.13,70.84,42.1,64.45,36.81,78.54,13.98,4475.0,32001.0,87.42,Boa,1,0,1
2024-01-05,1,5,São Cristóvão,VII,VII — São Cristóvão,-22.8967,-43.2217,36.04,,,32.4,,,,,31.04,,,25.93,,0.0,0.0,0.0,144.16,,59.13,70.84,42.1,64.45,36.81,78.54,13.98,4475.0,32001.0,87.42,Boa,1,0,1
2024-01-06,1,6,São Cristóvão,VII,VII — São Cristóvão,-22.8967,-43.2217,36.04,,,32.4,,,,,31.04,,,25.93,,0.0,0.0,0.0,180.2,,59.13,70.84,42.1,64.45,36.81,78.54,13.98,4475.0,32001.0,87.42,Boa,1,0,1
2024-01-07,1,7,São Cristóvão,VII,VII — São Cristóvão,-22.8967,-43.2217,36.04,,,32.4,,,,,31.04,,,25.93,,0.0,0.0,0.0,216.24,,59.13,70.84,42.1,64.45,36.81,78.54,13.98,4475.0,32001.0,87.42,Boa,1,0,1
2024-01-08,1,8,São Cristóvão,VII,VII — São Cristóvão,-22.8967,-43.2217,36.04,,,32.4,,,,,31.04,,,25.93,,0.0,0.0,0.0,252.28,,59.13,70.84,42.1,64.45,36.81,78.54,13.98,4475.0,32001.0,87.42,Boa,1,0,1
2024-01-09,1,9,São Cristóvão,VII,VII — São Cristóvão,-22.8967,-43.2217,36.04,,,32.4,,,,,31.04,,,25.93,,0.0,0.0,0.0,288.32,,59.13,70.84,42.1,64.45,36.81,78.54,13.98,4475.0,32001.0,87.42,Boa,1,0,1
2024-01-10,1,10,São Cristóvão,VII,VII — São Cristóvão,-22.8967,-43.2217,36.04,,,32.4,,,,,31.04,,,25.93,,0.0,0.0,0.0,324.36,,59.13,70.84,42.1,64.45,36.81,78.54,13.98,4475.0,32001.0,87.42,Boa,1,0,1
2024-01-11,1,11,São Cristóvão,VII,VII — São Cristóvão,-22.8967,-43.2217,36.04,,,32.4,,,,,31.04,,,25.93,,0.0,0.0,0.0,360.4,,59.13,70.84,42.1,64.45,36.81,78.54,13.98,4475.0,32001.0,87.42,Boa,1,0,1
2024-01-12,1,12,São Cristóvão,VII,VII — São Cristóvão,-22.8967,-43.2217,36.04,,,32.4,,,,,31.04,,,25.93,,0.0,0.0,0.0,396.44,,59.13,70.84,42.1,64.45,36.81,78.54,13.98,4475.0,32001.0,87.42,Boa,1,0,1
2024-01-13,1,13,São Cristóvão,VII,VII — São Cristóvão,-22.8967,-43.2217,36.04,,,32.4,,,,,31.04,,,25.93,,0.0,0.0,0.0,432.48,,59.13,70.84,42.1,64.45,36.81,78.54,13.98,4475.0,32001.0,87.42,Boa,1,0,1
2024-01-14,1,14,São Cristóvão,VII,VII — São Cristóvão,-22.8967,-43.2217,36.04,,,32.4,,,,,31.04,,,25.93,,0.0,0.0,0.0,468.52,,59.13,70.84,42.1,64.45,36.81,78.54,13.98,4475.0,32001.0,87.42,Boa,1,0,1
2024-01-15,1,15,São Cristóvão,VII,VII — São Cristóvão,-22.8967,-43.2217,36.04,,,32.4,,,,,31.04,,,25.93,,0.0,0.0,0.0,504.56,,59.13,70.84,42.1,64.45,36.81,78.54,13.98,4475.0,32001.0,87.42,Boa,1,0,1
2024-01-16,1,16,São Cristóvão,VII,VII — São Cristóvão,-22.8967,-43.2217,36.04,,,32.4,,,,,31.04,,,25.93,,0.0,0.0,0.0,540.6,,59.13,70.84,42.1,64.45,36.81,78.54,13.98,4475.0,32001.0,87.42,Boa,1,0,1
2024-01-17,1,17,São Cristóvão,VII,VII — São Cristóvão,-22.8967,-43.2217,36.04,,,32.4,,,,,31.04,,,25.93,,0.0,0.0,0.0,576.64,,59.13,70.84,42.1,64.45,36.81,78.54,13.98,4475.0,32001.0,87.42,Boa,1,0,1
2024-01-18,1,18,São Cristóvão,VII,VII — São Cristóvão,-22.8967,-43.2217,36.04,,,32.4,,,,,31.04,,,25.93,,0.0,0.0,0.0,612.68,,59.13,70.84,42.1,64.45,36.81,78.54,13.98,4475.0,32001.0,87.42,Boa,1,0,1
2024-01-19,1,19,São Cristóvão,VII,VII — São Cristóvão,-22.8967,-43.2217,36.04,,,32.4,,,,,31.04,,,25.93,,0.0,0.0,0.0,648.72,,59.13,70.84,42.1,64.45,36.81,78.54,13.98,4475.0,32001.0,87.42,Boa,1,0,1
2024-01-20,1,20,São Cristóvão,VII,VII — São Cristóvão,-22.8967,-43.2217,36.04,,,32.4,,,,,31.04,,,25.93,,0.0,0.0,0.0,684.76,,59.13,70.84,42.1,64.45,36.81,78.54,13.98,4475.0,32001.0,87.42,Boa,1,0,1
2024-01-21,1,21,São Cristóvão,VII,VII — São Cristóvão,-22.8967,-43.2217,36.04,,,32.4,,,,,31.04,,,25.93,,0.0,0.0,0.0,720.8,,59.13,70.84,42.1,64.45,36.81,78.54,13.98,4475.0,32001.0,87.42,Boa,1,0,1
2024-01-22,1,22,São Cristóvão,VII,VII — São Cristóvão,-22.8967,-43.2217,36.04,,,32.4,,,,,31.04,,,25.93,,0.0,0.0,0.0,756.84,,59.13,70.84,42.1,64.45,36.81,78.54,13.98,4475.0,32001.0,87.42,Boa,1,0,1
2024-01-23,1,23,São Cristóvão,VII,VII — São Cristóvão,-22.8967,-43.2217,36.04,,,32.4,,,,,31.04,,,25.93,,0.0,0.0,0.0,792.88,,59.13,70.84,42.1,64.45,36.81,78.54,13.98,4475.0,32001.0,87.42,Boa,1,0,1
2024-01-24,1,24,São Cristóvão,VII,VII — São Cristóvão,-22.8967,-43.2217,36.04,,,32.4,,,,,31.04,,,25.93,,0.0,0.0,0.0,828.92,,59.13,70.84,42.1,64.45,36.81,78.54,13.98,4475.0,32001.0,87.42,Boa,1,0,1
2024-01-25,1,25,São Cristóvão,VII,VII — São Cristóvão,-22.8967,-43.2217,36.04,,,32.4,,,,,31.04,,,25.93,,0.0,0.0,0.0,864.96,,59.13,70.84,42.1,64.45,36.81,78.54,13.98,4475.0,32001.0,87.42,Boa,1,0,1
2024-01-26,1,26,São Cristóvão,VII,VII — São Cristóvão,-22.8967,-43.2217,36.04,,,32.4,,,,,31.04,,,25.93,,0.0,0.0,0.0,901.0,,59.13,70.84,42.1,64.45,36.81,78.54,13.98,4475.0,32001.0,87.42,Boa,1,0,1
2024-01-27,1,27,São Cristóvão,VII,VII — São Cristóvão,-22.8967,-43.2217,36.04,,,32.4,,,,,31.04,,,25.93,,0.0,0.0,0.0,937.04,,59.13,70.84,42.1,64.45,36.81,78.54,13.98,4475.0,32001.0,87.42,Boa,1,0,1
2024-01-28,1,28,São Cristóvão,VII,VII — São Cristóvão,-22.8967,-43.2217,36.04,,,32.4,,,,,31.04,,,25.93,,0.0,0.0,0.0,973.08,,59.13,70.84,42.1,64.45,36.81,78.54,13.98,4475.0,32001.0,87.42,Boa,1,0,1
2024-01-29,1,29,São Cristóvão,VII,VII — São Cristóvão,-22.8967,-43.2217,36.04,,,32.4,,,,,31.04,,,25.93,,0.0,0.0,0.0,1009.12,,59.13,70.84,42.1,64.45,36.81,78.54,13.98,4475.0,32001.0,87.42,Boa,1,0,1
2024-01-30,1,30,São Cristóvão,VII,VII — São Cristóvão,-22.8967,-43.2217,36.04,,,32.4,,,,,31.04,,,25.93,,0.0,0.0,0.0,1045.16,,59.13,70.84,42.1,64.45,36.81,78.54,13.98,4475.0,32001.0,87.42,Boa,1,0,1
2024-01-31,1,31,São Cristóvão,VII,VII — São Cristóvão,-22.8967,-43.2217,36.04,,,32.4,,,,,31.04,,,25.93,,0.0,0.0,0.0,1081.2,,59.13,70.84,42.1,64.45,36.81,78.54,13.98,4475.0,32001.0,87.42,Boa,1,0,1
2024-02-01,2,32,São Cristóvão,VII,VII — São Cristóvão,-22.8967,-43.2217,36.04,,,32.4,,,,,31.04,,,25.93,,0.0,0.0,0.0,1117.24,,59.13,70.84,42.1,64.45,36.81,78.54,13.98,4475.0,32001.0,80.79,Boa,1,0,1
2024-02-02,2,33,São Cristóvão,VII,VII — São Cristóvão,-22.8967,-43.2217,36.04,,,32.4,,,,,31.04,,,25.93,,0.0,0.0,0.0,1153.28,,59.13,70.84,42.1,64.45,36.81,78.54,13.98,4475.0,32001.0,80.79,Boa,1,0,1
2024-02-03,2,34,São Cristóvão,VII,VII — São Cristóvão,-22.8967,-43.2217,36.04,,,32.4,,,,,31.04,,,25.93,,0.0,0.0,0.0,1189.32,,59.13,70.84,42.1,64.45,36.81,78.54,13.98,4475.0,32001.0,80.79,Boa,1,0,1
2024-02-04,2,35,São Cristóvão,VII,VII — São Cristóvão,-22.8967,-43.2217,36.04,,,32.4,,,,,31.04,,,25.93,,0.0,0.0,0.0,1225.36,,59.13,70.84,42.1,64.45,36.81,78.54,13.98,4475.0,32001.0,80.79,Boa,1,0,1
2024-02-05,2,36,São Cristóvão,VII,VII — São Cristóvão,-22.8967,-43.2217,36.04,,,32.4,,,,,31.04,,,25.93,,0.0,0.0,0.0,1261.4,,59.13,70.84,42.1,64.45,36.81,78.54,13.98,4475.0,32001.0,80.79,Boa,1,0,1
2024-02-06,2,37,São Cristóvão,VII,VII — São Cristóvão,-22.8967,-43.2217,36.04,,,32.4,,,,,31.04,,,25.93,,0.0,0.0,0.0,1297.44,,59.13,70.84,42.1,64.45,36.81,78.54,13.98,4475.0,32001.0,80.79,Boa,1,0,1
2024-02-07,2,38,São Cristóvão,VII,VII — São Cristóvão,-22.8967,-43.2217,36.04,,,32.4,,,,,31.04,,,25.93,,0.0,0.0,0.0,1333.48,,59.13,70.84,42.1,64.45,36.81,78.54,13.98,4475.0,32001.0,80.79,Boa,1,0,1
2024-02-08,2,39,São Cristóvão,VII,VII — São Cristóvão,-22.8967,-43.2217,36.04,,,32.4,,,,,31.04,,,25.93,,0.0,0.0,0.0,1369.52,,59.13,70.84,42.1,64.45,36.81,78.54,13.98,4475.0,32001.0,80.79,Boa,1,0,1
2024-02-09,2,40,São Cristóvão,VII,VII — São Cristóvão,-22.8967,-43.2217,36.04,,,32.4,,,,,31.04,,,25.93,,0.0,0.0,0.0,1405.56,,59.13,70.84,42.1,64.45,36.81,78.54,13.98,4475.0,32001.0,80.79,Boa,1,0,1
2024-02-10,2,41,São Cristóvão,VII,VII — São Cristóvão,-22.8967,-43.2217,36.04,,,32.4,,,,,31.04,,,25.93,,0.0,0.0,0.0,1441.6,,59.13,70.84,42.1,64.45,36.81,78.54,13.98,4475.0,32001.0,80.79,Boa,1,0,1
2024-02-11,2,42,São Cristóvão,VII,VII — São Cristóvão,-22.8967,-43.2217,36.04,,,32.4,,,,,31.04,,,25.93,,0.0,0.0,0.0,1477.64,,59.13,70.84,42.1,64.45,36.81,78.54,13.98,4475.0,32001.0,80.79,Boa,1,0,1
2024-02-12,2,43,São Cristóvão,VII,VII — São Cristóvão,-22.8967,-43.2217,36.04,,,32.4,,,,,31.04,,,25.93,,0.0,0.0,0.0,1513.68,,59.13,70.84,42.1,64.45,36.81,78.54,13.98,4475.0,32001.0,80.79,Boa,1,0,1
2024-02-13,2,44,São Cristóvão,VII,VII — São Cristóvão,-22.8967,-43.2217,36.04,,,32.4,,,,,31.04,,,25.93,,0.0,0.0,0.0,1549.72,,59.13,70.84,42.1,64.45,36.81,78.54,13.98,4475.0,32001.0,80.79,Boa,1,0,1
2024-02-14,2,45,São Cristóvão,VII,VII — São Cristóvão,-22.8967,-43.2217,36.04,,,32.4,,,,,31.04,,,25.93,,0.0,0.0,0.0,1585.76,,59.13,70.84,42.1,64.45,36.81,78.54,13.98,4475.0,32001.0,80.79,Boa,1,0,1
2024-02-15,2,46,São Cristóvão,VII,VII — São Cristóvão,-22.8967,-43.2217,36.04,,,32.4,,,,,31.04,,,25.93,,0.0,0.0,0.0,1621.8,,59.13,70.84,42.1,64.45,36.81,78.54,13.98,4475.0,32001.0,80.79,Boa,1,0,1
2024-02-16,2,47,São Cristóvão,VII,VII — São Cristóvão,-22.8967,-43.2217,36.04,,,32.4,,,,,31.04,,,25.93,,0.0,0.0,0.0,1657.84,,59.13,70.84,42.1,64.45,36.81,78.54,13.98,4475.0,32001.0,80.79,Boa,1,0,1
2024-02-17,2,48,São Cristóvão,VII,VII — São Cristóvão,-22.8967,-43.2217,36.04,,,32.4,,,,,31.04,,,25.93,,0.0,0.0,0.0,1693.88,,59.13,70.84,42.1,64.45,36.81,78.54,13.98,4475.0,32001.0,80.79,Boa,1,0,1
2024-02-18,2,49,São Cristóvão,VII,VII — São Cristóvão,-22.8967,-43.2217,36.04,,,32.4,,,,,31.04,,,25.93,,0.0,0.0,0.0,1729.92,,59.13,70.84,42.1,64.45,36.81,78.54,13.98,4475.0,32001.0,80.79,Boa,1,0,1
2024-02-19,2,50,São Cristóvão,VII,VII — São Cristóvão,-22.8967,-43.2217,36.04,,,32.4,,,,,31.04,,,25.93,,0.0,0.0,0.0,1765.96,,59.13,70.84,42.1,64.45,36.81,78.54,13.98,4475.0,32001.0,80.79,Boa,1,0,1
2024-02-20,2,51,São Cristóvão,VII,VII — São Cristóvão,-22.8967,-43.2217,36.04,,,32.4,,,,,31.04,,,25.93,,0.0,0.0,0.0,1802.0,,59.13,70.84,42.1,64.45,36.81,78.54,13.98,4475.0,32001.0,80.79,Boa,1,0,1
2024-02-21,2,52,São Cristóvão,VII,VII — São Cristóvão,-22.8967,-43.2217,36.04,,,32.4,,,,,31.04,,,25.93,,0.0,0.0,0.0,1838.04,,59.13,70.84,42.1,64.45,36.81,78.54,13.98,4475.0,32001.0,80.79,Boa,1,0,1
2024-02-22,2,53,São Cristóvão,VII,VII — São Cristóvão,-22.8967,-43.2217,36.04,,,32.4,,,,,31.04,,,25.93,,0.0,0.0,0.0,1874.08,,59.13,70.84,42.1,64.45,36.81,78.54,13.98,4475.0,32001.0,80.79,Boa,1,0,1
2024-02-23,2,54,São Cristóvão,VII,VII — São Cristóvão,-22.8967,-43.2217,36.04,,,32.4,,,,,31.04,,,25.93,,0.0,0.0,0.0,1910.12,,59.13,70.84,42.1,64.45,36.81,78.54,13.98,4475.0,32001.0,80.79,Boa,1,0,1
2024-02-24,2,55,São Cristóvão,VII,VII — São Cristóvão,-22.8967,-43.2217,36.04,,,32.4,,,,,31.04,,,25.93,,0.0,0.0,0.0,1946.16,,59.13,70.84,42.1,64.45,36.81,78.54,13.98,4475.0,32001.0,80.79,Boa,1,0,1
2024-02-25,2,56,São Cristóvão,VII,VII — São Cristóvão,-22.8967,-43.2217,36.04,,,32.4,,,,,31.04,,,25.93,,0.0,0.0,0.0,1982.2,,59.13,70.84,42.1,64.45,36.81,78.54,13.98,4475.0,32001.0,80.79,Boa,1,0,1
2024-02-26,2,57,São Cristóvão,VII,VII — São Cristóvão,-22.8967,-43.2217,36.04,,,32.4,,,,,31.04,,,25.93,,0.0,0.0,0.0,2018.24,,59.13,70.84,42.1,64.45,36.81,78.54,13.98,4475.0,32001.0,80.79,Boa,1,0,1
2024-02-27,2,58,São Cristóvão,VII,VII — São Cristóvão,-22.8967,-43.2217,36.04,,,32.4,,,,,31.04,,,25.93,,0.0,0.0,0.0,2054.28,,59.13,70.84,42.1,64.45,36.81,78.54,13.98,4475.0,32001.0,80.79,Boa,1,0,1
2024-02-28,2,59,São Cristóvão,VII,VII — São Cristóvão,-22.8967,-43.2217,36.04,,,32.4,,,,,31.04,,,25.93,,0.0,0.0,0.0,2090.32,,59.13,70.84,42.1,64.45,36.81,78.54,13.98,4475.0,32001.0,80.79,Boa,1,0,1
2024-02-29,2,60,São Cristóvão,VII,VII — São Cristóvão,-22.8967,-43.2217,36.04,,,32.4,,,,,31.04,,,25.93,,0.0,0.0,0.0,2126.36,,59.13,70.84,42.1,64.45,36.81,78.54,13.98,4475.0,32001.0,80.79,Boa,1,0,1
2024-03-01,3,61,São Cristóvão,VII,VII — São Cristóvão,-22.8967,-43.2217,36.04,,,32.4,,,,,31.04,,,25.93,,0.0,0.0,0.0,2162.4,,59.13,70.84,42.1,64.45,36.81,78.54,13.98,4475.0,32001.0,80.83,Boa,1,0,1
2024-03-02,3,62,São Cristóvão,VII,VII — São Cristóvão,-22.8967,-43.2217,36.04,,,32.4,,,,,31.04,,,25.93,,0.0,0.0,0.0,2198.44,,59.13,70.84,42.1,64.45,36.81,78.54,13.98,4475.0,32001.0,80.83,Boa,1,0,1
2024-03-03,3,63,São Cristóvão,VII,VII — São Cristóvão,-22.8967,-43.2217,36.04,,,32.4,,,,,31.04,,,25.93,,0.0,0.0,0.0,2234.48,,59.13,70.84,42.1,64.45,36.81,78.54,13.98,4475.0,32001.0,80.83,Boa,1,0,1
2024-03-04,3,64,São Cristóvão,VII,VII — São Cristóvão,-22.8967,-43.2217,36.04,,,32.4,,,,,31.04,,,25.93,,0.0,0.0,0.0,2270.52,,59.13,70.84,42.1,64.45,36.81,78.54,13.98,4475.0,32001.0,80.83,Boa,1,0,1
2024-03-05,3,65,São Cristóvão,VII,VII — São Cristóvão,-22.8967,-43.2217,36.04,,,32.4,,,,,31.04,,,25.93,,0.0,0.0,0.0,2306.56,,59.13,70.84,42.1,64.45,36.81,78.54,13.98,4475.0,32001.0,80.83,Boa,1,0,1
2024-03-06,3,66,São Cristóvão,VII,VII — São Cristóvão,-22.8967,-43.2217,36.04,,,32.4,,,,,31.04,,,25.93,,0.0,0.0,0.0,2342.6,,59.13,70.84,42.1,64.45,36.81,78.54,13.98,4475.0,32001.0,80.83,Boa,1,0,1
2024-03-07,3,67,São Cristóvão,VII,VII — São Cristóvão,-22.8967,-43.2217,36.04,,,32.4,,,,,31.04,,,25.93,,0.0,0.0,0.0,2378.64,,59.13,70.84,42.1,64.45,36.81,78.54,13.98,4475.0,32001.0,80.83,Boa,1,0,1
2024-03-08,3,68,São Cristóvão,VII,VII — São Cristóvão,-22.8967,-43.2217,36.04,,,32.4,,,,,31.04,,,25.93,,0.0,0.0,0.0,2414.68,,59.13,70.84,42.1,64.45,36.81,78.54,13.98,4475.0,32001.0,80.83,Boa,1,0,1
2024-03-09,3,69,São Cristóvão,VII,VII — São Cristóvão,-22.8967,-43.2217,36.04,,,32.4,,,,,31.04,,,25.93,,0.0,0.0,0.0,2450.72,,59.13,70.84,42.1,64.45,36.81,78.54,13.98,4475.0,32001.0,80.83,Boa,1,0,1
2024-03-10,3,70,São Cristóvão,VII,VII — São Cristóvão,-22.8967,-43.2217,36.04,,,32.4,,,,,31.04,,,25.93,,0.0,0.0,0.0,2486.76,,59.13,70.84,42.1,64.45,36.81,78.54,13.98,4475.0,32001.0,80.83,Boa,1,0,1
2024-03-11,3,71,São Cristóvão,VII,VII — São Cristóvão,-22.8967,-43.2217,36.04,,,32.4,,,,,31.04,,,25.93,,0.0,0.0,0.0,2522.8,,59.13,70.84,42.1,64.45,36.81,78.54,13.98,4475.0,32001.0,80.83,Boa,1,0,1
2024-03-12,3,72,São Cristóvão,VII,VII — São Cristóvão,-22.8967,-43.2217,36.04,,,32.4,,,,,31.04,,,25.93,,0.0,0.0,0.0,2558.84,,59.13,70.84,42.1,64.45,36.81,78.54,13.98,4475.0,32001.0,80.83,Boa,1,0,1
2024-03-13,3,73,São Cristóvão,VII,VII — São Cristóvão,-22.8967,-43.2217,36.04,,,32.4,,,,,31.04,,,25.93,,0.0,0.0,0.0,2594.88,,59.13,70.84,42.1,64.45,36.81,78.54,13.98,4475.0,32001.0,80.83,Boa,1,0,1
2024-03-14,3,74,São Cristóvão,VII,VII — São Cristóvão,-22.8967,-43.2217,36.04,,,32.4,,,,,31.04,,,25.93,,0.0,0.0,0.0,2630.92,,59.13,70.84,42.1,64.45,36.81,78.54,13.98,4475.0,32001.0,80.83,Boa,1,0,1
2024-03-15,3,75,São Cristóvão,VII,VII — São Cristóvão,-22.8967,-43.2217,36.04,,,32.4,,,,,31.04,,,25.93,,0.0,0.0,0.0,2666.96,,59.13,70.84,42.1,64.45,36.81,78.54,13.98,4475.0,32001.0,80.83,Boa,1,0,1
2024-03-16,3,76,São Cristóvão,VII,VII — São Cristóvão,-22.8967,-43.2217,36.04,,,32.4,,,,,31.04,,,25.93,,0.0,0.0,0.0,2703.0,,59.13,70.84,42.1,64.45,36.81,78.54,13.98,4475.0,32001.0,80.83,Boa,1,0,1
2024-03-17,3,77,São Cristóvão,VII,VII — São Cristóvão,-22.8967,-43.2217,36.04,,,32.4,,,,,31.04,,,25.93,,0.0,0.0,0.0,2739.04,,59.13,70.84,42.1,64.45,36.81,78.54,13.98,4475.0,32001.0,80.83,Boa,1,0,1
2024-03-18,3,78,São Cristóvão,VII,VII — São Cristóvão,-22.8967,-43.2217,36.04,,,32.4,,,,,31.04,,,25.93,,0.0,0.0,0.0,2775.08,,59.13,70.84,42.1,64.45,36.81,78.54,13.98,4475.0,32001.0,80.83,Boa,1,0,1
2024-03-19,3,79,São Cristóvão,VII,VII — São Cristóvão,-22.8967,-43.2217,36.04,,,32.4,,,,,31.04,,,25.93,,0.0,0.0,0.0,2811.12,,59.13,70.84,42.1,64.45,36.81,78.54,13.98,4475.0,32001.0,80.83,Boa,1,0,1
2024-03-20,3,80,São Cristóvão,VII,VII — São Cristóvão,-22.8967,-43.2217,36.04,,,32.4,,,,,31.04,,,25.93,,0.0,0.0,0.0,2847.16,,59.13,70.84,42.1,64.45,36.81,78.54,13.98,4475.0,32001.0,80.83,Boa,1,0,1
2024-03-21,3,81,São Cristóvão,VII,VII — São Cristóvão,-22.8967,-43.2217,36.04,,,32.4,,,,,31.04,,,25.93,,0.0,0.0,0.0,2883.2,,59.13,70.84,42.1,64.45,36.81,78.54,13.98,4475.0,32001.0,80.83,Boa,1,0,1
2024-03-22,3,82,São Cristóvão,VII,VII — São Cristóvão,-22.8967,-43.2217,36.04,,,32.4,,,,,31.04,,,25.93,,0.0,0.0,0.0,2919.24,,59.13,70.84,42.1,64.45,36.81,78.54,13.98,4475.0,32001.0,80.83,Boa,1,0,1
2024-03-23,3,83,São Cristóvão,VII,VII — São Cristóvão,-22.8967,-43.2217,36.04,,,32.4,,,,,31.04,,,25.93,,0.0,0.0,0.0,2955.28,,59.13,70.84,42.1,64.45,36.81,78.54,13.98,4475.0,32001.0,80.83,Boa,1,0,1
2024-03-24,3,84,São Cristóvão,VII,VII — São Cristóvão,-22.8967,-43.2217,36.04,,,32.4,,,,,31.04,,,25.93,,0.0,0.0,0.0,2991.32,,59.13,70.84,42.1,64.45,36.81,78.54,13.98,4475.0,32001.0,80.83,Boa,1,0,1
2024-03-25,3,85,São Cristóvão,VII,VII — São Cristóvão,-22.8967,-43.2217,36.04,,,32.4,,,,,31.04,,,25.93,,0.0,0.0,0.0,3027.36,,59.13,70.84,42.1,64.45,36.81,78.54,13.98,4475.0,32001.0,80.83,Boa,1,0,1
2024-03-26,3,86,São Cristóvão,VII,VII — São Cristóvão,-22.8967,-43.2217,36.04,,,32.4,,,,,31.04,,,25.93,,0.0,0.0,0.0,3063.4,,59.13,70.84,42.1,64.45,36.81,78.54,13.98,4475.0,32001.0,80.83,Boa,1,0,1
2024-03-27,3,87,São Cristóvão,VII,VII — São Cristóvão,-22.8967,-43.2217,36.04,,,32.4,,,,,31.04,,,25.93,,0.0,0.0,0.0,3099.44,,59.13,70.84,42.1,64.45,36.81,78.54,13.98,4475.0,32001.0,80.83,Boa,1,0,1
2024-03-28,3,88,São Cristóvão,VII,VII — São Cristóvão,-22.8967,-43.2217,36.04,,,32.4,,,,,31.04,,,25.93,,0.0,0.0,0.0,3135.48,,59.13,70.84,42.1,64.45,36.81,78.54,13.98,4475.0,32001.0,80.83,Boa,1,0,1
2024-03-29,3,89,São Cristóvão,VII,VII — São Cristóvão,-22.8967,-43.2217,36.04,,,32.4,,,,,31.04,,,25.93,,0.0,0.0,0.0,3171.52,,59.13,70.84,42.1,64.45,36.81,78.54,13.98,4475.0,32001.0,80.83,Boa,1,0,1
2024-03-30,3,90,São Cristóvão,VII,VII — São Cristóvão,-22.8967,-43.2217,36.04,,,32.4,,,,,31.04,,,25.93,,0.0,0.0,0.0,3207.56,,59.13,70.84,42.1,64.45,36.81,78.54,13.98,4475.0,32001.0,80.83,Boa,1,0,1
2024-03-31,3,91,São Cristóvão,VII,VII — São Cristóvão,-22.8967,-43.2217,36.04,,,32.4,,,,,31.04,,,25.93,,0.0,0.0,0.0,3243.6,,59.13,70.84,42.1,64.45,36.81,78.54,13.98,4475.0,32001.0,80.83,Boa,1,0,1
2024-04-01,4,92,São Cristóvão,VII,VII — São Cristóvão,-22.8967,-43.2217,36.04,,,32.4,,,,,31.04,,,25.93,,0.0,0.0,0.0,3279.64,,59.13,70.84,42.1,64.45,36.81,78.54,13.98,4475.0,32001.0,79.41,Boa,1,0,1
2024-04-02,4,93,São Cristóvão,VII,VII — São Cristóvão,-22.8967,-43.2217,36.04,,,32.4,,,,,31.04,,,25.93,,0.0,0.0,0.0,3315.68,,59.13,70.84,42.1,64.45,36.81,78.54,13.98,4475.0,32001.0,79.41,Boa,1,0,1
2024-04-03,4,94,São Cristóvão,VII,VII — São Cristóvão,-22.8967,-43.2217,36.04,,,32.4,,,,,31.04,,,25.93,,0.0,0.0,0.0,3351.72,,59.13,70.84,42.1,64.45,36.81,78.54,13.98,4475.0,32001.0,79.41,Boa,1,0,1
2024-04-04,4,95,São Cristóvão,VII,VII — São Cristóvão,-22.8967,-43.2217,36.04,,,32.4,,,,,31.04,,,25.93,,0.0,0.0,0.0,3387.76,,59.13,70.84,42.1,64.45,36.81,78.54,13.98,4475.0,32001.0,79.41,Boa,1,0,1
2024-04-05,4,96,São Cristóvão,VII,VII — São Cristóvão,-22.8967,-43.2217,36.04,,,32.4,,,,,31.04,,,25.93,,0.0,0.0,0.0,3423.8,,59.13,70.84,42.1,64.45,36.81,78.54,13.98,4475.0,32001.0,79.41,Boa,1,0,1
2024-04-06,4,97,São Cristóvão,VII,VII — São Cristóvão,-22.8967,-43.2217,36.04,,,32.4,,,,,31.04,,,25.93,,0.0,0.0,0.0,3459.84,,59.13,70.84,42.1,64.45,36.81,78.54,13.98,4475.0,32001.0,79.41,Boa,1,0,1
2024-04-07,4,98,São Cristóvão,VII,VII — São Cristóvão,-22.8967,-43.2217,36.04,,,32.4,,,,,31.04,,,25.93,,0.0,0.0,0.0,3495.88,,59.13,70.84,42.1,64.45,36.81,78.54,13.98,4475.0,32001.0,79.41,Boa,1,0,1
2024-04-08,4,99,São Cristóvão,VII,VII — São Cristóvão,-22.8967,-43.2217,36.04,,,32.4,,,,,31.04,,,25.93,,0.0,0.0,0.0,3531.92,,59.13,70.84,42.1,64.45,36.81,78.54,13.98,4475.0,32001.0,79.41,Boa,1,0,1
2024-04-09,4,100,São Cristóvão,VII,VII — São Cristóvão,-22.8967,-43.2217,36.04,,,32.4,,,,,31.04,,,25.93,,0.0,0.0,0.0,3567.96,,59.13,70.84,42.1,64.45,36.81,78.54,13.98,4475.0,32001.0,79.41,Boa,1,0,1
2024-04-10,4,101,São Cristóvão,VII,VII — São Cristóvão,-22.8967,-43.2217,36.04,,,32.4,,,,,31.04,,,25.93,,0.0,0.0,0.0,3604.0,,59.13,70.84,42.1,64.45,36.81,78.54,13.98,4475.0,32001.0,79.41,Boa,1,0,1
2024-04-11,4,102,São Cristóvão,VII,VII — São Cristóvão,-22.8967,-43.2217,36.04,,,32.4,,,,,31.04,,,25.93,,0.0,0.0,0.0,3640.04,,59.13,70.84,42.1,64.45,36.81,78.54,13.98,4475.0,32001.0,79.41,Boa,1,0,1
2024-04-12,4,103,São Cristóvão,VII,VII — São Cristóvão,-22.8967,-43.2217,36.04,,,32.4,,,,,31.04,,,25.93,,0.0,0.0,0.0,3676.08,,59.13,70.84,42.1,64.45,36.81,78.54,13.98,4475.0,32001.0,79.41,Boa,1,0,1
2024-04-13,4,104,São Cristóvão,VII,VII — São Cristóvão,-22.8967,-43.2217,36.04,,,32.4,,,,,31.04,,,25.93,,0.0,0.0,0.0,3712.12,,59.13,70.84,42.1,64.45,36.81,78.54,13.98,4475.0,32001.0,79.41,Boa,1,0,1
2024-04-14,4,105,São Cristóvão,VII,VII — São Cristóvão,-22.8967,-43.2217,36.04,,,32.4,,,,,31.04,,,25.93,,0.0,0.0,0.0,3748.16,,59.13,70.84,42.1,64.45,36.81,78.54,13.98,4475.0,32001.0,79.41,Boa,1,0,1
2024-04-15,4,106,São Cristóvão,VII,VII — São Cristóvão,-22.8967,-43.2217,36.04,,,32.4,,,,,31.04,,,25.93,,0.0,0.0,0.0,3784.2,,59.13,70.84,42.1,64.45,36.81,78.54,13.98,4475.0,32001.0,79.41,Boa,1,0,1
2024-04-16,4,107,São Cristóvão,VII,VII — São Cristóvão,-22.8967,-43.2217,36.04,,,32.4,,,,,31.04,,,25.93,,0.0,0.0,0.0,3820.24,,59.13,70.84,42.1,64.45,36.81,78.54,13.98,4475.0,32001.0,79.41,Boa,1,0,1
2024-04-17,4,108,São Cristóvão,VII,VII — São Cristóvão,-22.8967,-43.2217,36.04,,,32.4,,,,,31.04,,,25.93,,0.0,0.0,0.0,3856.28,,59.13,70.84,42.1,64.45,36.81,78.54,13.98,4475.0,32001.0,79.41,Boa,1,0,1
2024-04-18,4,109,São Cristóvão,VII,VII — São Cristóvão,-22.8967,-43.2217,36.04,,,32.4,,,,,31.04,,,25.93,,0.0,0.0,0.0,3892.32,,59.13,70.84,42.1,64.45,36.81,78.54,13.98,4475.0,32001.0,79.41,Boa,1,0,1
2024-04-19,4,110,São Cristóvão,VII,VII — São Cristóvão,-22.8967,-43.2217,36.04,,,32.4,,,,,31.04,,,25.93,,0.0,0.0,0.0,3928.36,,59.13,70.84,42.1,64.45,36.81,78.54,13.98,4475.0,32001.0,79.41,Boa,1,0,1
2024-04-20,4,111,São Cristóvão,VII,VII — São Cristóvão,-22.8967,-43.2217,36.04,,,32.4,,,,,31.04,,,25.93,,0.0,0.0,0.0,3964.4,,59.13,70.84,42.1,64.45,36.81,78.54,13.98,4475.0,32001.0,79.41,Boa,1,0,1
2024-04-21,4,112,São Cristóvão,VII,VII — São Cristóvão,-22.8967,-43.2217,36.04,,,32.4,,,,,31.04,,,25.93,,0.0,0.0,0.0,4000.44,,59.13,70.84,42.1,64.45,36.81,78.54,13.98,4475.0,32001.0,79.41,Boa,1,0,1
2024-04-22,4,113,São Cristóvão,VII,VII — São Cristóvão,-22.8967,-43.2217,36.04,,,32.4,,,,,31.04,,,25.93,,0.0,0.0,0.0,4036.48,,59.13,70.84,42.1,64.45,36.81,78.54,13.98,4475.0,32001.0,79.41,Boa,1,0,1
2024-04-23,4,114,São Cristóvão,VII,VII — São Cristóvão,-22.8967,-43.2217,36.04,,,32.4,,,,,31.04,,,25.93,,0.0,0.0,0.0,4072.52,,59.13,70.84,42.1,64.45,36.81,78.54,13.98,4475.0,32001.0,79.41,Boa,1,0,1
2024-04-24,4,115,São Cristóvão,VII,VII — São Cristóvão,-22.8967,-43.2217,36.04,,,32.4,,,,,31.04,,,25.93,,0.0,0.0,0.0,4108.56,,59.13,70.84,42.1,64.45,36.81,78.54,13.98,4475.0,32001.0,79.41,Boa,1,0,1
2024-04-25,4,116,São Cristóvão,VII,VII — São Cristóvão,-22.8967,-43.2217,36.04,,,32.4,,,,,31.04,,,25.93,,0.0,0.0,0.0,4144.6,,59.13,70.84,42.1,64.45,36.81,78.54,13.98,4475.0,32001.0,79.41,Boa,1,0,1
2024-04-26,4,117,São Cristóvão,VII,VII — São Cristóvão,-22.8967,-43.2217,36.04,,,32.4,,,,,31.04,,,25.93,,0.0,0.0,0.0,4180.64,,59.13,70.84,42.1,64.45,36.81,78.54,13.98,4475.0,32001.0,79.41,Boa,1,0,1
2024-04-27,4,118,São Cristóvão,VII,VII — São Cristóvão,-22.8967,-43.2217,36.04,,,32.4,,,,,31.04,,,25.93,,0.0,0.0,0.0,4216.68,,59.13,70.84,42.1,64.45,36.81,78.54,13.98,4475.0,32001.0,79.41,Boa,1,0,1
2024-04-28,4,119,São Cristóvão,VII,VII — São Cristóvão,-22.8967,-43.2217,36.04,,,32.4,,,,,31.04,,,25.93,,0.0,0.0,0.0,4252.72,,59.13,70.84,42.1,64.45,36.81,78.54,13.98,4475.0,32001.0,79.41,Boa,1,0,1
2024-04-29,4,120,São Cristóvão,VII,VII — São Cristóvão,-22.8967,-43.2217,36.04,,,32.4,,,,,31.04,,,25.93,,0.0,0.0,0.0,4288.76,,59.13,70.84,42.1,64.45,36.81,78.54,13.98,4475.0,32001.0,79.41,Boa,1,0,1
2024-04-30,4,121,São Cristóvão,VII,VII — São Cristóvão,-22.8967,-43.2217,36.04,,,32.4,,,,,31.04,,,25.93,,0.0,0.0,0.0,4324.8,,59.13,70.84,42.1,64.45,36.81,78.54,13.98,4475.0,32001.0,79.41,Boa,1,0,1
2024-05-01,5,122,São Cristóvão,VII,VII — São Cristóvão,-22.8967,-43.2217,36.04,,,32.4,,,,,31.04,,,25.93,,0.0,0.0,0.0,4360.84,,59.13,70.84,42.1,64.45,36.81,78.54,13.98,4475.0,32001.0,75.04,Boa,1,0,1
2024-05-02,5,123,São Cristóvão,VII,VII — São Cristóvão,-22.8967,-43.2217,36.04,,,32.4,,,,,31.04,,,25.93,,0.0,0.0,0.0,4396.88,,59.13,70.84,42.1,64.45,36.81,78.54,13.98,4475.0,32001.0,75.04,Boa,1,0,1
2024-05-03,5,124,São Cristóvão,VII,VII — São Cristóvão,-22.8967,-43.2217,36.04,,,32.4,,,,,31.04,,,25.93,,0.0,0.0,0.0,4432.92,,59.13,70.84,42.1,64.45,36.81,78.54,13.98,4475.0,32001.0,75.04,Boa,1,0,1
2024-05-04,5,125,São Cristóvão,VII,VII — São Cristóvão,-22.8967,-43.2217,36.04,,,32.4,,,,,31.04,,,25.93,,0.0,0.0,0.0,4468.96,,59.13,70.84,42.1,64.45,36.81,78.54,13.98,4475.0,32001.0,75.04,Boa,1,0,1
2024-05-05,5,126,São Cristóvão,VII,VII — São Cristóvão,-22.8967,-43.2217,36.04,,,32.4,,,,,31.04,,,25.93,,0.0,0.0,0.0,4505.0,,59.13,70.84,42.1,64.45,36.81,78.54,13.98,4475.0,32001.0,75.04,Boa,1,0,1
2024-05-06,5,127,São Cristóvão,VII,VII — São Cristóvão,-22.8967,-43.2217,36.04,,,32.4,,,,,31.04,,,25.93,,0.0,0.0,0.0,4541.04,,59.13,70.84,42.1,64.45,36.81,78.54,13.98,4475.0,32001.0,75.04,Boa,1,0,1
2024-05-07,5,128,São Cristóvão,VII,VII — São Cristóvão,-22.8967,-43.2217,36.04,,,32.4,,,,,31.04,,,25.93,,0.0,0.0,0.0,4577.08,,59.13,70.84,42.1,64.45,36.81,78.54,13.98,4475.0,32001.0,75.04,Boa,1,0,1
2024-05-08,5,129,São Cristóvão,VII,VII — São Cristóvão,-22.8967,-43.2217,36.04,,,32.4,,,,,31.04,,,25.93,,0.0,0.0,0.0,4613.12,,59.13,70.84,42.1,64.45,36.81,78.54,13.98,4475.0,32001.0,75.04,Boa,1,0,1
2024-05-09,5,130,São Cristóvão,VII,VII — São Cristóvão,-22.8967,-43.2217,36.04,,,32.4,,,,,31.04,,,25.93,,0.0,0.0,0.0,4649.16,,59.13,70.84,42.1,64.45,36.81,78.54,13.98,4475.0,32001.0,75.04,Boa,1,0,1
2024-05-10,5,131,São Cristóvão,VII,VII — São Cristóvão,-22.8967,-43.2217,36.04,,,32.4,,,,,31.04,,,25.93,,0.0,0.0,0.0,4685.2,,59.13,70.84,42.1,64.45,36.81,78.54,13.98,4475.0,32001.0,75.04,Boa,1,0,1
2024-05-11,5,132,São Cristóvão,VII,VII — São Cristóvão,-22.8967,-43.2217,36.04,,,32.4,,,,,31.04,,,25.93,,0.0,0.0,0.0,4721.24,,59.13,70.84,42.1,64.45,36.81,78.54,13.98,4475.0,32001.0,75.04,Boa,1,0,1
2024-05-12,5,133,São Cristóvão,VII,VII — São Cristóvão,-22.8967,-43.2217,36.04,,,32.4,,,,,31.04,,,25.93,,0.0,0.0,0.0,4757.28,,59.13,70.84,42.1,64.45,36.81,78.54,13.98,4475.0,32001.0,75.04,Boa,1,0,1
2024-05-13,5,134,São Cristóvão,VII,VII — São Cristóvão,-22.8967,-43.2217,36.04,,,32.4,,,,,31.04,,,25.93,,0.0,0.0,0.0,4793.32,,59.13,70.84,42.1,64.45,36.81,78.54,13.98,4475.0,32001.0,75.04,Boa,1,0,1
2024-05-14,5,135,São Cristóvão,VII,VII — São Cristóvão,-22.8967,-43.2217,36.04,,,32.4,,,,,31.04,,,25.93,,0.0,0.0,0.0,4829.36,,59.13,70.84,42.1,64.45,36.81,78.54,13.98,4475.0,32001.0,75.04,Boa,1,0,1
2024-05-15,5,136,São Cristóvão,VII,VII — São Cristóvão,-22.8967,-43.2217,36.04,,,32.4,,,,,31.04,,,25.93,,0.0,0.0,0.0,4865.4,,59.13,70.84,42.1,64.45,36.81,78.54,13.98,4475.0,32001.0,75.04,Boa,1,0,1
2024-05-16,5,137,São Cristóvão,VII,VII — São Cristóvão,-22.8967,-43.2217,36.04,,,32.4,,,,,31.04,,,25.93,,0.0,0.0,0.0,4901.44,,59.13,70.84,42.1,64.45,36.81,78.54,13.98,4475.0,32001.0,75.04,Boa,1,0,1
2024-05-17,5,138,São Cristóvão,VII,VII — São Cristóvão,-22.8967,-43.2217,36.04,,,32.4,,,,,31.04,,,25.93,,0.0,0.0,0.0,4937.48,,59.13,70.84,42.1,64.45,36.81,78.54,13.98,4475.0,32001.0,75.04,Boa,1,0,1
2024-05-18,5,139,São Cristóvão,VII,VII — São Cristóvão,-22.8967,-43.2217,36.04,,,32.4,,,,,31.04,,,25.93,,0.0,0.0,0.0,4973.52,,59.13,70.84,42.1,64.45,36.81,78.54,13.98,4475.0,32001.0,75.04,Boa,1,0,1
2024-05-19,5,140,São Cristóvão,VII,VII — São Cristóvão,-22.8967,-43.2217,36.04,,,32.4,,,,,31.04,,,25.93,,0.0,0.0,0.0,5009.56,,59.13,70.84,42.1,64.45,36.81,78.54,13.98,4475.0,32001.0,75.04,Boa,1,0,1
2024-05-20,5,141,São Cristóvão,VII,VII — São Cristóvão,-22.8967,-43.2217,36.04,,,32.4,,,,,31.04,,,25.93,,0.0,0.0,0.0,5045.6,,59.13,70.84,42.1,64.45,36.81,78.54,13.98,4475.0,32001.0,75.04,Boa,1,0,1
2024-05-21,5,142,São Cristóvão,VII,VII — São Cristóvão,-22.8967,-43.2217,36.04,,,32.4,,,,,31.04,,,25.93,,0.2,0.0,0.0,5081.64,,59.13,70.84,42.1,64.45,36.81,78.54,13.98,4475.0,32001.0,75.04,Boa,1,0,1
2024-05-22,5,143,São Cristóvão,VII,VII — São Cristóvão,-22.8967,-43.2217,36.04,,,32.4,,,,,31.04,,,25.93,,0.0,0.0,0.0,5117.68,,59.13,70.84,42.1,64.45,36.81,78.54,13.98,4475.0,32001.0,75.04,Boa,1,0,1
2024-05-23,5,144,São Cristóvão,VII,VII — São Cristóvão,-22.8967,-43.2217,36.04,,,32.4,,,,,31.04,,,25.93,,0.0,0.0,0.0,5153.72,,59.13,70.84,42.1,64.45,36.81,78.54,13.98,4475.0,32001.0,75.04,Boa,1,0,1
2024-05-24,5,145,São Cristóvão,VII,VII — São Cristóvão,-22.8967,-43.2217,36.04,,,32.4,,,,,31.04,,,25.93,,0.0,0.0,0.0,5189.76,,59.13,70.84,42.1,64.45,36.81,78.54,13.98,4475.0,32001.0,75.04,Boa,1,0,1
2024-05-25,5,146,São Cristóvão,VII,VII — São Cristóvão,-22.8967,-43.2217,36.04,,,32.4,,,,,31.04,,,25.93,,0.6,0.0,0.0,5225.8,,59.13,70.84,42.1,64.45,36.81,78.54,13.98,4475.0,32001.0,75.04,Boa,1,0,1
2024-05-26,5,147,São Cristóvão,VII,VII — São Cristóvão,-22.8967,-43.2217,36.04,,,32.4,,,,,31.04,,,25.93,,2.0,0.0,0.0,5261.84,,59.13,70.84,42.1,64.45,36.81,78.54,13.98,4475.0,32001.0,75.04,Boa,1,0,1
2024-05-27,5,148,São Cristóvão,VII,VII — São Cristóvão,-22.8967,-43.2217,36.04,,,32.4,,,,,31.04,,,25.93,,0.0,0.0,0.0,5297.88,,59.13,70.84,42.1,64.45,36.81,78.54,13.98,4475.0,32001.0,75.04,Boa,1,0,1
2024-05-28,5,149,São Cristóvão,VII,VII — São Cristóvão,-22.8967,-43.2217,36.04,,,32.4,,,,,31.04,,,25.93,,0.0,0.0,0.0,5333.92,,59.13,70.84,42.1,64.45,36.81,78.54,13.98,4475.0,32001.0,75.04,Boa,1,0,1
2024-05-29,5,150,São Cristóvão,VII,VII — São Cristóvão,-22.8967,-43.2217,36.04,,,32.4,,,,,31.04,,,25.93,,0.0,0.0,0.0,5369.96,,59.13,70.84,42.1,64.45,36.81,78.54,13.98,4475.0,32001.0,75.04,Boa,1,0,1
2024-05-30,5,151,São Cristóvão,VII,VII — São Cristóvão,-22.8967,-43.2217,36.04,,,32.4,,,,,31.04,,,25.93,,0.0,0.0,0.0,5406.0,,59.13,70.84,42.1,64.45,36.81,78.54,13.98,4475.0,32001.0,75.04,Boa,1,0,1
2024-05-31,5,152,São Cristóvão,VII,VII — São Cristóvão,-22.8967,-43.2217,36.04,,,32.4,,,,,31.04,,,25.93,,0.0,0.0,0.0,5442.04,,59.13,70.84,42.1,64.45,36.81,78.54,13.98,4475.0,32001.0,75.04,Boa,1,0,1
2024-06-01,6,153,São Cristóvão,VII,VII — São Cristóvão,-22.8967,-43.2217,36.04,,,32.4,,,,,31.04,,,25.93,,0.0,0.0,0.0,5478.08,,59.13,70.84,42.1,64.45,36.81,78.54,13.98,4475.0,32001.0,71.98,Boa,1,0,1
2024-06-02,6,154,São Cristóvão,VII,VII — São Cristóvão,-22.8967,-43.2217,36.04,,,32.4,,,,,31.04,,,25.93,,0.0,0.0,0.0,5514.12,,59.13,70.84,42.1,64.45,36.81,78.54,13.98,4475.0,32001.0,71.98,Boa,1,0,1
2024-06-03,6,155,São Cristóvão,VII,VII — São Cristóvão,-22.8967,-43.2217,36.04,,,32.4,,,,,31.04,,,25.93,,0.0,0.0,0.0,5550.16,,59.13,70.84,42.1,64.45,36.81,78.54,13.98,4475.0,32001.0,71.98,Boa,1,0,1
2024-06-04,6,156,São Cristóvão,VII,VII — São Cristóvão,-22.8967,-43.2217,36.04,,,32.4,,,,,31.04,,,25.93,,37.2,0.0,0.0,5586.2,,59.13,70.84,42.1,64.45,36.81,78.54,13.98,4475.0,32001.0,71.98,Boa,1,0,1
2024-06-05,6,157,São Cristóvão,VII,VII — São Cristóvão,-22.8967,-43.2217,36.04,,,32.4,,,,,31.04,,,25.93,,4.4,0.0,0.0,5622.24,,59.13,70.84,42.1,64.45,36.81,78.54,13.98,4475.0,32001.0,71.98,Boa,1,0,1
2024-06-06,6,158,São Cristóvão,VII,VII — São Cristóvão,-22.8967,-43.2217,36.04,,,32.4,,,,,31.04,,,25.93,,0.0,0.0,0.0,5658.28,,59.13,70.84,42.1,64.45,36.81,78.54,13.98,4475.0,32001.0,71.98,Boa,1,0,1
2024-06-07,6,159,São Cristóvão,VII,VII — São Cristóvão,-22.8967,-43.2217,36.04,,,32.4,,,,,31.04,,,25.93,,0.0,0.0,0.0,5694.32,,59.13,70.84,42.1,64.45,36.81,78.54,13.98,4475.0,32001.0,71.98,Boa,1,0,1
2024-06-08,6,160,São Cristóvão,VII,VII — São Cristóvão,-22.8967,-43.2217,36.04,,,32.4,,,,,31.04,,,25.93,,0.0,0.0,0.0,5730.36,,59.13,70.84,42.1,64.45,36.81,78.54,13.98,4475.0,32001.0,71.98,Boa,1,0,1
2024-06-09,6,161,São Cristóvão,VII,VII — São Cristóvão,-22.8967,-43.2217,36.04,,,32.4,,,,,31.04,,,25.93,,0.0,0.0,0.0,5766.4,,59.13,70.84,42.1,64.45,36.81,78.54,13.98,4475.0,32001.0,71.98,Boa,1,0,1
2024-06-10,6,162,São Cristóvão,VII,VII — São Cristóvão,-22.8967,-43.2217,36.04,,,32.4,,,,,31.04,,,25.93,,0.0,0.0,0.0,5802.44,,59.13,70.84,42.1,64.45,36.81,78.54,13.98,4475.0,32001.0,71.98,Boa,1,0,1
2024-06-11,6,163,São Cristóvão,VII,VII — São Cristóvão,-22.8967,-43.2217,36.04,,,32.4,,,,,31.04,,,25.93,,0.0,0.0,0.0,5838.48,,59.13,70.84,42.1,64.45,36.81,78.54,13.98,4475.0,32001.0,71.98,Boa,1,0,1
2024-06-12,6,164,São Cristóvão,VII,VII — São Cristóvão,-22.8967,-43.2217,36.04,,,32.4,,,,,31.04,,,25.93,,0.0,0.0,0.0,5874.52,,59.13,70.84,42.1,64.45,36.81,78.54,13.98,4475.0,32001.0,71.98,Boa,1,0,1
2024-06-13,6,165,São Cristóvão,VII,VII — São Cristóvão,-22.8967,-43.2217,36.04,,,32.4,,,,,31.04,,,25.93,,0.0,0.0,0.0,5910.56,,59.13,70.84,42.1,64.45,36.81,78.54,13.98,4475.0,32001.0,71.98,Boa,1,0,1
2024-06-14,6,166,São Cristóvão,VII,VII — São Cristóvão,-22.8967,-43.2217,36.04,,,32.4,,,,,31.04,,,25.93,,0.0,0.0,0.0,5946.6,,59.13,70.84,42.1,64.45,36.81,78.54,13.98,4475.0,32001.0,71.98,Boa,1,0,1
2024-06-15,6,167,São Cristóvão,VII,VII — São Cristóvão,-22.8967,-43.2217,36.04,,,32.4,,,,,31.04,,,25.93,25.8,0.0,0.0,0.0,5982.64,,59.13,70.84,42.1,64.45,36.81,78.54,13.98,4475.0,32001.0,71.98,Boa,1,0,1
2024-06-16,6,168,São Cristóvão,VII,VII — São Cristóvão,-22.8967,-43.2217,36.04,,,32.4,,,,,31.04,,,26.303564356435643,,0.0,0.0,0.0,6018.68,,59.13,70.84,42.1,64.45,36.81,78.54,13.98,4475.0,32001.0,71.98,Boa,1,0,1
2024-06-17,6,169,São Cristóvão,VII,VII — São Cristóvão,-22.8967,-43.2217,36.04,,,32.4,,,,,31.04,,,26.677128712871287,,0.0,0.0,0.0,6054.72,,59.13,70.84,42.1,64.45,36.81,78.54,13.98,4475.0,32001.0,71.98,Boa,1,0,1
2024-06-18,6,170,São Cristóvão,VII,VII — São Cristóvão,-22.8967,-43.2217,36.04,,,32.4,,,,,31.04,,,27.05069306930693,,0.0,0.0,0.0,6090.76,,59.13,70.84,42.1,64.45,36.81,78.54,13.98,4475.0,32001.0,71.98,Boa,1,0,1
2024-06-19,6,171,São Cristóvão,VII,VII — São Cristóvão,-22.8967,-43.2217,36.04,,,32.4,,,,,31.04,,,27.424257425742574,,0.0,0.0,0.0,6126.8,,59.13,70.84,42.1,64.45,36.81,78.54,13.98,4475.0,32001.0,71.98,Boa,1,0,1
2024-06-20,6,172,São Cristóvão,VII,VII — São Cristóvão,-22.8967,-43.2217,36.04,,,32.4,,,,,31.04,,,27.797821782178218,,0.0,0.0,0.0,6162.84,,59.13,70.84,42.1,64.45,36.81,78.54,13.98,4475.0,32001.0,71.98,Boa,1,0,1
2024-06-21,6,173,São Cristóvão,VII,VII — São Cristóvão,-22.8967,-43.2217,36.04,,,32.4,,,,,31.04,,,28.17138613861386,,0.0,0.0,0.0,6198.88,,59.13,70.84,42.1,64.45,36.81,78.54,13.98,4475.0,32001.0,71.98,Boa,1,0,1
2024-06-22,6,174,São Cristóvão,VII,VII — São Cristóvão,-22.8967,-43.2217,36.04,,,32.4,,,,,31.04,,,28.544950495049505,,0.0,0.0,0.0,6234.92,,59.13,70.84,42.1,64.45,36.81,78.54,13.98,4475.0,32001.0,71.98,Boa,1,0,1
2024-06-23,6,175,São Cristóvão,VII,VII — São Cristóvão,-22.8967,-43.2217,36.04,,,32.4,,,,,31.04,,,28.91851485148515,,0.0,0.0,0.0,6270.96,,59.13,70.84,42.1,64.45,36.81,78.54,13.98,4475.0,32001.0,71.98,Boa,1,0,1
2024-06-24,6,176,São Cristóvão,VII,VII — São Cristóvão,-22.8967,-43.2217,36.04,,,32.4,,,,,31.04,,,29.292079207920793,,0.0,0.0,0.0,6307.0,,59.13,70.84,42.1,64.45,36.81,78.54,13.98,4475.0,32001.0,71.98,Boa,1,0,1
2024-06-25,6,177,São Cristóvão,VII,VII — São Cristóvão,-22.8967,-43.2217,36.04,,,32.4,,,,,31.04,,,29.665643564356436,,0.0,0.0,0.0,6343.04,,59.13,70.84,42.1,64.45,36.81,78.54,13.98,4475.0,32001.0,71.98,Boa,1,0,1
2024-06-26,6,178,São Cristóvão,VII,VII — São Cristóvão,-22.8967,-43.2217,36.04,,,32.4,,,,,31.04,,,30.03920792079208,,0.0,0.0,0.0,6379.08,,59.13,70.84,42.1,64.45,36.81,78.54,13.98,4475.0,32001.0,71.98,Boa,1,0,1
2024-06-27,6,179,São Cristóvão,VII,VII — São Cristóvão,-22.8967,-43.2217,36.04,,,32.4,,,,,31.04,,,30.412772277227724,,0.0,0.0,0.0,6415.12,,59.13,70.84,42.1,64.45,36.81,78.54,13.98,4475.0,32001.0,71.98,Boa,1,0,1
2024-06-28,6,180,São Cristóvão,VII,VII — São Cristóvão,-22.8967,-43.2217,36.04,,,32.4,,,,,31.04,,,30.786336633663367,,0.0,0.0,0.0,6451.16,,59.13,70.84,42.1,64.45,36.81,78.54,13.98,4475.0,32001.0,71.98,Boa,1,0,1
2024-06-29,6,181,São Cristóvão,VII,VII — São Cristóvão,-22.8967,-43.2217,36.04,,,32.4,,,,,31.04,,,31.159900990099008,,0.0,0.0,0.0,6487.2,,59.13,70.84,42.1,64.45,36.81,78.54,13.98,4475.0,32001.0,71.98,Boa,1,0,1
2024-06-30,6,182,São Cristóvão,VII,VII — São Cristóvão,-22.8967,-43.2217,36.04,,,32.4,,,,,31.04,,,31.53346534653465,,1.4,0.0,0.0,6523.24,,59.13,70.84,42.1,64.45,36.81,78.54,13.98,4475.0,32001.0,71.98,Boa,1,0,1
2024-07-01,7,183,São Cristóvão,VII,VII — São Cristóvão,-22.8967,-43.2217,36.04,,,32.4,,,,,31.04,,,31.907029702970295,,14.4,0.0,0.0,6559.28,,59.13,70.84,42.1,64.45,36.81,78.54,13.98,4475.0,32001.0,74.43,Boa,1,0,1
2024-07-02,7,184,São Cristóvão,VII,VII — São Cristóvão,-22.8967,-43.2217,36.04,,,32.4,,,,,31.04,,,32.28059405940594,,0.0,0.0,0.0,6595.32,,59.13,70.84,42.1,64.45,36.81,78.54,13.98,4475.0,32001.0,74.43,Boa,1,0,1
2024-07-03,7,185,São Cristóvão,VII,VII — São Cristóvão,-22.8967,-43.2217,36.04,,,32.4,,,,,31.04,,,32.654158415841586,,0.0,0.0,0.0,6631.36,,59.13,70.84,42.1,64.45,36.81,78.54,13.98,4475.0,32001.0,74.43,Boa,1,0,1
2024-07-04,7,186,São Cristóvão,VII,VII — São Cristóvão,-22.8967,-43.2217,36.04,,,32.4,,,,,31.04,,,33.02772277227723,,0.0,0.0,0.0,6667.4,,59.13,70.84,42.1,64.45,36.81,78.54,13.98,4475.0,32001.0,74.43,Boa,1,0,1
2024-07-05,7,187,São Cristóvão,VII,VII — São Cristóvão,-22.8967,-43.2217,36.04,,,32.4,,,,,31.04,,,33.401287128712866,,0.0,0.0,0.0,6703.44,,59.13,70.84,42.1,64.45,36.81,78.54,13.98,4475.0,32001.0,74.43,Boa,1,0,1
2024-07-06,7,188,São Cristóvão,VII,VII — São Cristóvão,-22.8967,-43.2217,36.04,,,32.4,,,,,31.04,,,33.77485148514852,,0.0,0.0,0.0,6739.48,,59.13,70.84,42.1,64.45,36.81,78.54,13.98,4475.0,32001.0,74.43,Boa,1,0,1
2024-07-07,7,189,São Cristóvão,VII,VII — São Cristóvão,-22.8967,-43.2217,36.04,,,32.4,,,,,31.04,,,34.14841584158415,,0.0,0.0,0.0,6775.52,,59.13,70.84,42.1,64.45,36.81,78.54,13.98,4475.0,32001.0,74.43,Boa,1,0,1
2024-07-08,7,190,São Cristóvão,VII,VII — São Cristóvão,-22.8967,-43.2217,36.04,,,32.4,,,,,31.04,,,34.521980198019804,,0.0,0.0,0.0,6811.56,,59.13,70.84,42.1,64.45,36.81,78.54,13.98,4475.0,32001.0,74.43,Boa,1,0,1
2024-07-09,7,191,São Cristóvão,VII,VII — São Cristóvão,-22.8967,-43.2217,36.04,,,32.4,,,,,31.04,,,34.89554455445544,,0.0,0.0,0.0,6847.6,,59.13,70.84,42.1,64.45,36.81,78.54,13.98,4475.0,32001.0,74.43,Boa,1,0,1
2024-07-10,7,192,São Cristóvão,VII,VII — São Cristóvão,-22.8967,-43.2217,36.04,,,32.4,,,,,31.04,,,35.26910891089109,,8.4,0.0,0.0,6883.64,,59.13,70.84,42.1,64.45,36.81,78.54,13.98,4475.0,32001.0,74.43,Boa,1,0,1
2024-07-11,7,193,São Cristóvão,VII,VII — São Cristóvão,-22.8967,-43.2217,36.04,,,32.4,,,,,31.04,,,35.64267326732673,,0.0,0.0,0.0,6919.68,,59.13,70.84,42.1,64.45,36.81,78.54,13.98,4475.0,32001.0,74.43,Boa,1,0,1
2024-07-12,7,194,São Cristóvão,VII,VII — São Cristóvão,-22.8967,-43.2217,36.04,,,32.4,,,,,31.04,,,36.01623762376237,,0.0,0.0,0.0,6955.72,,59.13,70.84,42.1,64.45,36.81,78.54,13.98,4475.0,32001.0,74.43,Boa,1,0,1
2024-07-13,7,195,São Cristóvão,VII,VII — São Cristóvão,-22.8967,-43.2217,36.04,,,32.4,,,,,31.04,,,36.389801980198015,,2.4,0.0,0.0,6991.76,,59.13,70.84,42.1,64.45,36.81,78.54,13.98,4475.0,32001.0,74.43,Boa,1,0,1
2024-07-14,7,196,São Cristóvão,VII,VII — São Cristóvão,-22.8967,-43.2217,36.04,,,32.4,,,,,31.04,,,36.76336633663366,,0.0,0.0,0.0,7027.8,,59.13,70.84,42.1,64.45,36.81,78.54,13.98,4475.0,32001.0,74.43,Boa,1,0,1
2024-07-15,7,197,São Cristóvão,VII,VII — São Cristóvão,-22.8967,-43.2217,36.04,,,32.4,,,,,31.04,,,37.1369306930693,,0.0,0.0,0.0,7063.84,,59.13,70.84,42.1,64.45,36.81,78.54,13.98,4475.0,32001.0,74.43,Boa,1,0,1
2024-07-16,7,198,São Cristóvão,VII,VII — São Cristóvão,-22.8967,-43.2217,36.04,,,32.4,,,,,31.04,,,37.51049504950495,,0.0,0.0,0.0,7099.88,,59.13,70.84,42.1,64.45,36.81,78.54,13.98,4475.0,32001.0,74.43,Boa,1,0,1
2024-07-17,7,199,São Cristóvão,VII,VII — São Cristóvão,-22.8967,-43.2217,36.04,,,32.4,,,,,31.04,,,37.88405940594059,,0.0,0.0,0.0,7135.92,,59.13,70.84,42.1,64.45,36.81,78.54,13.98,4475.0,32001.0,74.43,Boa,1,0,1
2024-07-18,7,200,São Cristóvão,VII,VII — São Cristóvão,-22.8967,-43.2217,36.04,,,32.4,,,,,31.04,,,38.257623762376234,,0.0,0.0,0.0,7171.96,,59.13,70.84,42.1,64.45,36.81,78.54,13.98,4475.0,32001.0,74.43,Boa,1,0,1
2024-07-19,7,201,São Cristóvão,VII,VII — São Cristóvão,-22.8967,-43.2217,36.04,,,32.4,,,,,31.04,,,38.63118811881188,,0.0,0.0,0.0,7208.0,,59.13,70.84,42.1,64.45,36.81,78.54,13.98,4475.0,32001.0,74.43,Boa,1,0,1
2024-07-20,7,202,São Cristóvão,VII,VII — São Cristóvão,-22.8967,-43.2217,36.04,,,32.4,,,,,31.04,,,39.00475247524752,,0.0,0.0,0.0,7244.04,,59.13,70.84,42.1,64.45,36.81,78.54,13.98,4475.0,32001.0,74.43,Boa,1,0,1
2024-07-21,7,203,São Cristóvão,VII,VII — São Cristóvão,-22.8967,-43.2217,36.04,,,32.4,,,,,31.04,,,39.378316831683165,,0.0,0.0,0.0,7280.08,,59.13,70.84,42.1,64.45,36.81,78.54,13.98,4475.0,32001.0,74.43,Boa,1,0,1
2024-07-22,7,204,São Cristóvão,VII,VII — São Cristóvão,-22.8967,-43.2217,36.04,,,32.4,,,,,31.04,,,39.75188118811881,,0.0,0.0,0.0,7316.12,,59.13,70.84,42.1,64.45,36.81,78.54,13.98,4475.0,32001.0,74.43,Boa,1,0,1
2024-07-23,7,205,São Cristóvão,VII,VII — São Cristóvão,-22.8967,-43.2217,36.04,,,32.4,,,,,31.04,,,40.12544554455445,,0.0,0.0,0.0,7352.16,,59.13,70.84,42.1,64.45,36.81,78.54,13.98,4475.0,32001.0,74.43,Boa,1,0,1
2024-07-24,7,206,São Cristóvão,VII,VII — São Cristóvão,-22.8967,-43.2217,36.04,,,32.4,,,,,31.04,,,40.499009900990096,,0.0,0.0,0.0,7388.2,,59.13,70.84,42.1,64.45,36.81,78.54,13.98,4475.0,32001.0,74.43,Boa,1,0,1
2024-07-25,7,207,São Cristóvão,VII,VII — São Cristóvão,-22.8967,-43.2217,36.04,,,32.4,,,,,31.04,,,40.87257425742574,,0.0,0.0,0.0,7424.24,,59.13,70.84,42.1,64.45,36.81,78.54,13.98,4475.0,32001.0,74.43,Boa,1,0,1
2024-07-26,7,208,São Cristóvão,VII,VII — São Cristóvão,-22.8967,-43.2217,36.04,,,32.4,,,,,31.04,,,41.24613861386138,,0.0,0.0,0.0,7460.28,,59.13,70.84,42.1,64.45,36.81,78.54,13.98,4475.0,32001.0,74.43,Boa,1,0,1
2024-07-27,7,209,São Cristóvão,VII,VII — São Cristóvão,-22.8967,-43.2217,36.04,,,32.4,,,,,31.04,,,41.61970297029703,,0.0,0.0,0.0,7496.32,,59.13,70.84,42.1,64.45,36.81,78.54,13.98,4475.0,32001.0,74.43,Boa,1,0,1
2024-07-28,7,210,São Cristóvão,VII,VII — São Cristóvão,-22.8967,-43.2217,36.04,,,32.4,,,,,31.04,,,41.99326732673267,,0.0,0.0,0.0,7532.36,,59.13,70.84,42.1,64.45,36.81,78.54,13.98,4475.0,32001.0,74.43,Boa,1,0,1
2024-07-29,7,211,São Cristóvão,VII,VII — São Cristóvão,-22.8967,-43.2217,36.04,,,32.4,,,,,31.04,,,42.366831683168314,,0.0,0.0,0.0,7568.4,,59.13,70.84,42.1,64.45,36.81,78.54,13.98,4475.0,32001.0,74.43,Boa,1,0,1
2024-07-30,7,212,São Cristóvão,VII,VII — São Cristóvão,-22.8967,-43.2217,36.04,,,32.4,,,,,31.04,,,42.74039603960396,,5.6,0.0,0.0,7604.44,,59.13,70.84,42.1,64.45,36.81,78.54,13.98,4475.0,32001.0,74.43,Boa,1,0,1
2024-07-31,7,213,São Cristóvão,VII,VII — São Cristóvão,-22.8967,-43.2217,36.04,,,32.4,,,,,31.04,,,43.1139603960396,,0.0,0.0,0.0,7640.48,,59.13,70.84,42.1,64.45,36.81,78.54,13.98,4475.0,32001.0,74.43,Boa,1,0,1
2024-08-01,8,214,São Cristóvão,VII,VII — São Cristóvão,-22.8967,-43.2217,36.04,,,32.4,,,,,31.04,,,43.487524752475245,,0.0,0.0,0.0,7676.52,,59.13,70.84,42.1,64.45,36.81,78.54,13.98,4475.0,32001.0,71.2,Boa,1,0,1
2024-08-02,8,215,São Cristóvão,VII,VII — São Cristóvão,-22.8967,-43.2217,36.04,,,32.4,,,,,31.04,,,43.86108910891089,,0.0,0.0,0.0,7712.56,,59.13,70.84,42.1,64.45,36.81,78.54,13.98,4475.0,32001.0,71.2,Boa,1,0,1
2024-08-03,8,216,São Cristóvão,VII,VII — São Cristóvão,-22.8967,-43.2217,36.04,,,32.4,,,,,31.04,,,44.23465346534653,,0.0,0.0,0.0,7748.6,,59.13,70.84,42.1,64.45,36.81,78.54,13.98,4475.0,32001.0,71.2,Boa,1,0,1
2024-08-04,8,217,São Cristóvão,VII,VII — São Cristóvão,-22.8967,-43.2217,36.04,,,32.4,,,,,31.04,,,44.608217821782176,,0.0,0.0,0.0,7784.64,,59.13,70.84,42.1,64.45,36.81,78.54,13.98,4475.0,32001.0,71.2,Boa,1,0,1
2024-08-05,8,218,São Cristóvão,VII,VII — São Cristóvão,-22.8967,-43.2217,36.04,,,32.4,,,,,31.04,,,44.98178217821782,,0.0,0.0,0.0,7820.68,,59.13,70.84,42.1,64.45,36.81,78.54,13.98,4475.0,32001.0,71.2,Boa,1,0,1
2024-08-06,8,219,São Cristóvão,VII,VII — São Cristóvão,-22.8967,-43.2217,36.04,,,32.4,,,,,31.04,,,45.355346534653464,,0.0,0.0,0.0,7856.72,,59.13,70.84,42.1,64.45,36.81,78.54,13.98,4475.0,32001.0,71.2,Boa,1,0,1
2024-08-07,8,220,São Cristóvão,VII,VII — São Cristóvão,-22.8967,-43.2217,36.04,,,32.4,,,,,31.04,,,45.72891089108911,,0.0,0.0,0.0,7892.76,,59.13,70.84,42.1,64.45,36.81,78.54,13.98,4475.0,32001.0,71.2,Boa,1,0,1
2024-08-08,8,221,São Cristóvão,VII,VII — São Cristóvão,-22.8967,-43.2217,36.04,,,32.4,,,,,31.04,,,46.10247524752475,,0.0,0.0,0.0,7928.8,,59.13,70.84,42.1,64.45,36.81,78.54,13.98,4475.0,32001.0,71.2,Boa,1,0,1
2024-08-09,8,222,São Cristóvão,VII,VII — São Cristóvão,-22.8967,-43.2217,36.04,,,32.4,,,,,31.04,,,46.47603960396039,,1.0,0.0,0.0,7964.84,,59.13,70.84,42.1,64.45,36.81,78.54,13.98,4475.0,32001.0,71.2,Boa,1,0,1
2024-08-10,8,223,São Cristóvão,VII,VII — São Cristóvão,-22.8967,-43.2217,36.04,,,32.4,,,,,31.04,,,46.84960396039604,,16.4,0.0,0.0,8000.88,,59.13,70.84,42.1,64.45,36.81,78.54,13.98,4475.0,32001.0,71.2,Boa,1,0,1
2024-08-11,8,224,São Cristóvão,VII,VII — São Cristóvão,-22.8967,-43.2217,36.04,,,32.4,,,,,31.04,,,47.223168316831675,,0.0,0.0,0.0,8036.92,,59.13,70.84,42.1,64.45,36.81,78.54,13.98,4475.0,32001.0,71.2,Boa,1,0,1
2024-08-12,8,225,São Cristóvão,VII,VII — São Cristóvão,-22.8967,-43.2217,36.04,,,32.4,,,,,31.04,,,47.596732673267326,,0.0,0.0,0.0,8072.96,,59.13,70.84,42.1,64.45,36.81,78.54,13.98,4475.0,32001.0,71.2,Boa,1,0,1
2024-08-13,8,226,São Cristóvão,VII,VII — São Cristóvão,-22.8967,-43.2217,36.04,,,32.4,,,,,31.04,,,47.97029702970296,,0.0,0.0,0.0,8109.0,,59.13,70.84,42.1,64.45,36.81,78.54,13.98,4475.0,32001.0,71.2,Boa,1,0,1
2024-08-14,8,227,São Cristóvão,VII,VII — São Cristóvão,-22.8967,-43.2217,36.04,,,32.4,,,,,31.04,,,48.34386138613861,,0.0,0.0,0.0,8145.04,,59.13,70.84,42.1,64.45,36.81,78.54,13.98,4475.0,32001.0,71.2,Boa,1,0,1
2024-08-15,8,228,São Cristóvão,VII,VII — São Cristóvão,-22.8967,-43.2217,36.04,,,32.4,,,,,31.04,,,48.71742574257425,,0.0,0.0,0.0,8181.08,,59.13,70.84,42.1,64.45,36.81,78.54,13.98,4475.0,32001.0,71.2,Boa,1,0,1
2024-08-16,8,229,São Cristóvão,VII,VII — São Cristóvão,-22.8967,-43.2217,36.04,,,32.4,,,,,31.04,,,49.0909900990099,,0.0,0.0,0.0,8217.12,,59.13,70.84,42.1,64.45,36.81,78.54,13.98,4475.0,32001.0,71.2,Boa,1,0,1
2024-08-17,8,230,São Cristóvão,VII,VII — São Cristóvão,-22.8967,-43.2217,36.04,,,32.4,,,,,31.04,,,49.46455445544554,,0.0,0.0,0.0,8253.16,,59.13,70.84,42.1,64.45,36.81,78.54,13.98,4475.0,32001.0,71.2,Boa,1,0,1
2024-08-18,8,231,São Cristóvão,VII,VII — São Cristóvão,-22.8967,-43.2217,36.04,,,32.4,,,,,31.04,,,49.83811881188119,,0.0,0.0,0.0,8289.2,,59.13,70.84,42.1,64.45,36.81,78.54,13.98,4475.0,32001.0,71.2,Boa,1,0,1
2024-08-19,8,232,São Cristóvão,VII,VII — São Cristóvão,-22.8967,-43.2217,36.04,,,32.4,,,,,31.04,,,50.211683168316824,,0.0,0.0,0.0,8325.24,,59.13,70.84,42.1,64.45,36.81,78.54,13.98,4475.0,32001.0,71.2,Boa,1,0,1
2024-08-20,8,233,São Cristóvão,VII,VII — São Cristóvão,-22.8967,-43.2217,36.04,,,32.4,,,,,31.04,,,50.585247524752475,,0.0,0.0,0.0,8361.28,,59.13,70.84,42.1,64.45,36.81,78.54,13.98,4475.0,32001.0,71.2,Boa,1,0,1
2024-08-21,8,234,São Cristóvão,VII,VII — São Cristóvão,-22.8967,-43.2217,36.04,,,32.4,,,,,31.04,,,50.95881188118811,,0.0,0.0,0.0,8397.32,,59.13,70.84,42.1,64.45,36.81,78.54,13.98,4475.0,32001.0,71.2,Boa,1,0,1
2024-08-22,8,235,São Cristóvão,VII,VII — São Cristóvão,-22.8967,-43.2217,36.04,,,32.4,,,,,31.04,,,51.33237623762376,,0.0,0.0,0.0,8433.36,,59.13,70.84,42.1,64.45,36.81,78.54,13.98,4475.0,32001.0,71.2,Boa,1,0,1
2024-08-23,8,236,São Cristóvão,VII,VII — São Cristóvão,-22.8967,-43.2217,36.04,,,32.4,,,,,31.04,,,51.7059405940594,,0.0,0.0,0.0,8469.4,,59.13,70.84,42.1,64.45,36.81,78.54,13.98,4475.0,32001.0,71.2,Boa,1,0,1
2024-08-24,8,237,São Cristóvão,VII,VII — São Cristóvão,-22.8967,-43.2217,36.04,,,32.4,,,,,31.04,,,52.07950495049505,,0.0,0.0,0.0,8505.44,,59.13,70.84,42.1,64.45,36.81,78.54,13.98,4475.0,32001.0,71.2,Boa,1,0,1
2024-08-25,8,238,São Cristóvão,VII,VII — São Cristóvão,-22.8967,-43.2217,36.04,,,32.4,,,,,31.04,,,52.453069306930686,,8.6,0.0,0.0,8541.48,,59.13,70.84,42.1,64.45,36.81,78.54,13.98,4475.0,32001.0,71.2,Boa,1,0,1
2024-08-26,8,239,São Cristóvão,VII,VII — São Cristóvão,-22.8967,-43.2217,36.04,,,32.4,,,,,31.04,,,52.82663366336634,,5.6,0.0,0.0,8577.52,,59.13,70.84,42.1,64.45,36.81,78.54,13.98,4475.0,32001.0,71.2,Boa,1,0,1
2024-08-27,8,240,São Cristóvão,VII,VII — São Cristóvão,-22.8967,-43.2217,36.04,,,32.4,,,,,31.04,,,53.200198019801974,,0.0,0.0,0.0,8613.56,,59.13,70.84,42.1,64.45,36.81,78.54,13.98,4475.0,32001.0,71.2,Boa,1,0,1
2024-08-28,8,241,São Cristóvão,VII,VII — São Cristóvão,-22.8967,-43.2217,36.04,,,32.4,,,,,31.04,,,53.573762376237624,,0.0,0.0,0.0,8649.6,,59.13,70.84,42.1,64.45,36.81,78.54,13.98,4475.0,32001.0,71.2,Boa,1,0,1
2024-08-29,8,242,São Cristóvão,VII,VII — São Cristóvão,-22.8967,-43.2217,36.04,,,32.4,,,,,31.04,,,53.94732673267326,,0.0,0.0,0.0,8685.64,,59.13,70.84,42.1,64.45,36.81,78.54,13.98,4475.0,32001.0,71.2,Boa,1,0,1
2024-08-30,8,243,São Cristóvão,VII,VII — São Cristóvão,-22.8967,-43.2217,36.04,,,32.4,,,,,31.04,,,54.320891089108905,,0.0,0.0,0.0,8721.68,,59.13,70.84,42.1,64.45,36.81,78.54,13.98,4475.0,32001.0,71.2,Boa,1,0,1
2024-08-31,8,244,São Cristóvão,VII,VII — São Cristóvão,-22.8967,-43.2217,36.04,,,32.4,,,,,31.04,,,54.69445544554455,,0.0,0.0,0.0,8757.72,,59.13,70.84,42.1,64.45,36.81,78.54,13.98,4475.0,32001.0,71.2,Boa,1,0,1
2024-09-01,9,245,São Cristóvão,VII,VII — São Cristóvão,-22.8967,-43.2217,36.04,,,32.4,,,,,31.04,,,55.06801980198019,,0.0,0.0,0.0,8793.76,,59.13,70.84,42.1,64.45,36.81,78.54,13.98,4475.0,32001.0,81.59,Boa,1,0,1
2024-09-02,9,246,São Cristóvão,VII,VII — São Cristóvão,-22.8967,-43.2217,36.04,,,32.4,,,,,31.04,,,55.441584158415836,,0.0,0.0,0.0,8829.8,,59.13,70.84,42.1,64.45,36.81,78.54,13.98,4475.0,32001.0,81.59,Boa,1,0,1
2024-09-03,9,247,São Cristóvão,VII,VII — São Cristóvão,-22.8967,-43.2217,36.04,,,32.4,,,,,31.04,,,55.81514851485148,,0.0,0.0,0.0,8865.84,,59.13,70.84,42.1,64.45,36.81,78.54,13.98,4475.0,32001.0,81.59,Boa,1,0,1
2024-09-04,9,248,São Cristóvão,VII,VII — São Cristóvão,-22.8967,-43.2217,36.04,,,32.4,,,,,31.04,,,56.18871287128712,,0.0,0.0,0.0,8901.88,,59.13,70.84,42.1,64.45,36.81,78.54,13.98,4475.0,32001.0,81.59,Boa,1,0,1
2024-09-05,9,249,São Cristóvão,VII,VII — São Cristóvão,-22.8967,-43.2217,36.04,,,32.4,,,,,31.04,,,56.56227722772277,,0.0,0.0,0.0,8937.92,,59.13,70.84,42.1,64.45,36.81,78.54,13.98,4475.0,32001.0,81.59,Boa,1,0,1
2024-09-06,9,250,São Cristóvão,VII,VII — São Cristóvão,-22.8967,-43.2217,36.04,,,32.4,,,,,31.04,,,56.93584158415841,,0.0,0.0,0.0,8973.96,,59.13,70.84,42.1,64.45,36.81,78.54,13.98,4475.0,32001.0,81.59,Boa,1,0,1
2024-09-07,9,251,São Cristóvão,VII,VII — São Cristóvão,-22.8967,-43.2217,36.04,,,32.4,,,,,31.04,,,57.309405940594054,,0.0,0.0,0.0,9010.0,,59.13,70.84,42.1,64.45,36.81,78.54,13.98,4475.0,32001.0,81.59,Boa,1,0,1
2024-09-08,9,252,São Cristóvão,VII,VII — São Cristóvão,-22.8967,-43.2217,36.04,,,32.4,,,,,31.04,,,57.6829702970297,,0.0,0.0,0.0,9046.04,,59.13,70.84,42.1,64.45,36.81,78.54,13.98,4475.0,32001.0,81.59,Boa,1,0,1
2024-09-09,9,253,São Cristóvão,VII,VII — São Cristóvão,-22.8967,-43.2217,36.04,,,32.4,,,,,31.04,,,58.05653465346534,,0.0,0.0,0.0,9082.08,,59.13,70.84,42.1,64.45,36.81,78.54,13.98,4475.0,32001.0,81.59,Boa,1,0,1
2024-09-10,9,254,São Cristóvão,VII,VII — São Cristóvão,-22.8967,-43.2217,36.04,,,32.4,,,,,31.04,,,58.430099009900985,,0.0,0.0,0.0,9118.12,,59.13,70.84,42.1,64.45,36.81,78.54,13.98,4475.0,32001.0,81.59,Boa,1,0,1
2024-09-11,9,255,São Cristóvão,VII,VII — São Cristóvão,-22.8967,-43.2217,36.04,,,32.4,,,,,31.04,,,58.80366336633663,,0.0,0.0,0.0,9154.16,,59.13,70.84,42.1,64.45,36.81,78.54,13.98,4475.0,32001.0,81.59,Boa,1,0,1
2024-09-12,9,256,São Cristóvão,VII,VII — São Cristóvão,-22.8967,-43.2217,36.04,,,32.4,,,,,31.04,,,59.17722772277227,,0.0,0.0,0.0,9190.2,,59.13,70.84,42.1,64.45,36.81,78.54,13.98,4475.0,32001.0,81.59,Boa,1,0,1
2024-09-13,9,257,São Cristóvão,VII,VII — São Cristóvão,-22.8967,-43.2217,36.04,,,32.4,,,,,31.04,,,59.550792079207916,,0.0,0.0,0.0,9226.24,,59.13,70.84,42.1,64.45,36.81,78.54,13.98,4475.0,32001.0,81.59,Boa,1,0,1
2024-09-14,9,258,São Cristóvão,VII,VII — São Cristóvão,-22.8967,-43.2217,36.04,,,32.4,,,,,31.04,,,59.92435643564356,,0.0,0.0,0.0,9262.28,,59.13,70.84,42.1,64.45,36.81,78.54,13.98,4475.0,32001.0,81.59,Boa,1,0,1
2024-09-15,9,259,São Cristóvão,VII,VII — São Cristóvão,-22.8967,-43.2217,36.04,,,32.4,,,,,31.04,,,60.2979207920792,,0.0,0.0,0.0,9298.32,,59.13,70.84,42.1,64.45,36.81,78.54,13.98,4475.0,32001.0,81.59,Boa,1,0,1
2024-09-16,9,260,São Cristóvão,VII,VII — São Cristóvão,-22.8967,-43.2217,36.04,,,32.4,,,,,31.04,,,60.67148514851485,,0.0,0.0,0.0,9334.36,,59.13,70.84,42.1,64.45,36.81,78.54,13.98,4475.0,32001.0,81.59,Boa,1,0,1
2024-09-17,9,261,São Cristóvão,VII,VII — São Cristóvão,-22.8967,-43.2217,36.04,,,32.4,,,,,31.04,,,61.04504950495049,,0.0,0.0,0.0,9370.4,,59.13,70.84,42.1,64.45,36.81,78.54,13.98,4475.0,32001.0,81.59,Boa,1,0,1
2024-09-18,9,262,São Cristóvão,VII,VII — São Cristóvão,-22.8967,-43.2217,36.04,,,32.4,,,,,31.04,,,61.418613861386135,,0.0,0.0,0.0,9406.44,,59.13,70.84,42.1,64.45,36.81,78.54,13.98,4475.0,32001.0,81.59,Boa,1,0,1
2024-09-19,9,263,São Cristóvão,VII,VII — São Cristóvão,-22.8967,-43.2217,36.04,,,32.4,,,,,31.04,,,61.79217821782178,,0.0,0.0,0.0,9442.48,,59.13,70.84,42.1,64.45,36.81,78.54,13.98,4475.0,32001.0,81.59,Boa,1,0,1
2024-09-20,9,264,São Cristóvão,VII,VII — São Cristóvão,-22.8967,-43.2217,36.04,,,32.4,,,,,31.04,,,62.16574257425742,,0.0,0.0,0.0,9478.52,,59.13,70.84,42.1,64.45,36.81,78.54,13.98,4475.0,32001.0,81.59,Boa,1,0,1
2024-09-21,9,265,São Cristóvão,VII,VII — São Cristóvão,-22.8967,-43.2217,36.04,,,32.4,,,,,31.04,,,62.539306930693066,,0.0,0.0,0.0,9514.56,,59.13,70.84,42.1,64.45,36.81,78.54,13.98,4475.0,32001.0,81.59,Boa,1,0,1
2024-09-22,9,266,São Cristóvão,VII,VII — São Cristóvão,-22.8967,-43.2217,36.04,,,32.4,,,,,31.04,,,62.91287128712871,,0.0,0.0,0.0,9550.6,,59.13,70.84,42.1,64.45,36.81,78.54,13.98,4475.0,32001.0,81.59,Boa,1,0,1
2024-09-23,9,267,São Cristóvão,VII,VII — São Cristóvão,-22.8967,-43.2217,36.04,,,32.4,,,,,31.04,,,63.28643564356435,,0.0,0.0,0.0,9586.64,,59.13,70.84,42.1,64.45,36.81,78.54,13.98,4475.0,32001.0,81.59,Boa,1,0,1
2024-09-24,9,268,São Cristóvão,VII,VII — São Cristóvão,-22.8967,-43.2217,36.04,,,32.4,,,,,31.04,32.27,29.92,63.66,53.83,0.0,0.0,-0.01,9622.68,,59.13,70.84,42.1,64.45,36.81,78.54,13.98,4475.0,32001.0,81.59,Boa,1,0,1
2024-09-25,9,269,São Cristóvão,VII,VII — São Cristóvão,-22.8967,-43.2217,36.04,,,32.4,,,,,31.027142857142856,,,61.22,,0.0,0.0,-0.01,9658.72,,59.13,70.84,42.1,64.45,36.81,78.54,13.98,4475.0,32001.0,81.59,Boa,1,0,1
2024-09-26,9,270,São Cristóvão,VII,VII — São Cristóvão,-22.8967,-43.2217,36.04,,,32.4,,,,,31.014285714285712,,,58.779999999999994,,0.0,0.0,-0.01,9694.76,,59.13,70.84,42.1,64.45,36.81,78.54,13.98,4475.0,32001.0,81.59,Boa,1,0,1
2024-09-27,9,271,São Cristóvão,VII,VII — São Cristóvão,-22.8967,-43.2217,36.04,,,32.4,,,,,31.00142857142857,,,56.339999999999996,,0.0,0.0,-0.01,9730.8,,59.13,70.84,42.1,64.45,36.81,78.54,13.98,4475.0,32001.0,81.59,Boa,1,0,1
2024-09-28,9,272,São Cristóvão,VII,VII — São Cristóvão,-22.8967,-43.2217,36.04,,,32.4,,,,,30.98857142857143,,,53.9,,0.0,0.0,-0.01,9766.84,,59.13,70.84,42.1,64.45,36.81,78.54,13.98,4475.0,32001.0,81.59,Boa,1,0,1
2024-09-29,9,273,São Cristóvão,VII,VII — São Cristóvão,-22.8967,-43.2217,36.04,,,32.4,,,,,30.975714285714286,,,51.459999999999994,,0.0,0.0,-0.01,9802.88,,59.13,70.84,42.1,64.45,36.81,78.54,13.98,4475.0,32001.0,81.59,Boa,1,0,1
2024-09-30,9,274,São Cristóvão,VII,VII — São Cristóvão,-22.8967,-43.2217,36.04,,,32.4,,,,,30.962857142857143,26.43,26.4,49.019999999999996,69.13,0.0,0.0,-0.01,9838.92,,59.13,70.84,42.1,64.45,36.81,78.54,13.98,4475.0,32001.0,81.59,Boa,1,0,1
2024-10-01,10,275,São Cristóvão,VII,VII — São Cristóvão,-22.8967,-43.2217,36.04,,,32.4,,,,,30.95,33.83,28.5,46.58,35.03,0.0,0.0,0.02,9874.96,,59.13,70.84,42.1,64.45,36.81,78.54,13.98,4475.0,32001.0,80.73,Boa,1,0,1
2024-10-02,10,276,São Cristóvão,VII,VII — São Cristóvão,-22.8967,-43.2217,36.04,,,32.4,,,,,31.0,34.63,29.03,61.04,37.87,0.0,0.0,-0.62,9911.0,,59.13,70.84,42.1,64.45,36.81,78.54,13.98,4475.0,32001.0,80.73,Boa,1,0,1
2024-10-03,10,277,São Cristóvão,VII,VII — São Cristóvão,-22.8967,-43.2217,36.04,,,32.4,,,,,29.72,30.58,28.75,76.77,70.38,0.0,0.0,-1.47,9947.04,,59.13,70.84,42.1,64.45,36.81,78.54,13.98,4475.0,32001.0,80.73,Boa,1,0,1
2024-10-04,10,278,São Cristóvão,VII,VII — São Cristóvão,-22.8967,-43.2217,36.04,,,32.4,,,,,28.06,28.8,27.27,75.05,,0.0,0.0,-0.79,9983.08,,59.13,70.84,42.1,64.45,36.81,78.54,13.98,4475.0,32001.0,80.73,Boa,1,0,1
2024-10-05,10,279,São Cristóvão,VII,VII — São Cristóvão,-22.8967,-43.2217,36.04,,,32.4,,,,,28.14,29.53,27.08,73.33,62.65,0.0,0.0,-0.07,10019.12,,59.13,70.84,42.1,64.45,36.81,78.54,13.98,4475.0,32001.0,80.73,Boa,1,0,1
2024-10-06,10,280,São Cristóvão,VII,VII — São Cristóvão,-22.8967,-43.2217,36.04,,,32.4,,,,,27.92,29.25,27.0,66.14,57.77,0.0,0.0,0.19,10055.16,,59.13,70.84,42.1,64.45,36.81,78.54,13.98,4475.0,32001.0,80.73,Boa,1,0,1
2024-10-07,10,281,São Cristóvão,VII,VII — São Cristóvão,-22.8967,-43.2217,36.04,,,32.4,,,,,28.52,30.37,27.32,66.61,52.38,0.0,0.0,0.51,10091.2,,59.13,70.84,42.1,64.45,36.81,78.54,13.98,4475.0,32001.0,80.73,Boa,1,0,1
2024-10-08,10,282,São Cristóvão,VII,VII — São Cristóvão,-22.8967,-43.2217,36.04,,,32.4,,,,,28.945999999999998,,,67.238,,0.0,0.0,0.43,10127.24,,59.13,70.84,42.1,64.45,36.81,78.54,13.98,4475.0,32001.0,80.73,Boa,1,0,1
2024-10-09,10,283,São Cristóvão,VII,VII — São Cristóvão,-22.8967,-43.2217,36.04,,,32.4,,,,,29.372,,,67.866,,0.0,0.0,0.43,10163.28,,59.13,70.84,42.1,64.45,36.81,78.54,13.98,4475.0,32001.0,80.73,Boa,1,0,1
2024-10-10,10,284,São Cristóvão,VII,VII — São Cristóvão,-22.8967,-43.2217,36.04,,,32.4,,,,,29.798,,,68.494,,0.0,0.0,0.43,10199.32,,59.13,70.84,42.1,64.45,36.81,78.54,13.98,4475.0,32001.0,80.73,Boa,1,0,1
2024-10-11,10,285,São Cristóvão,VII,VII — São Cristóvão,-22.8967,-43.2217,36.04,,,32.4,,,,,30.224,,,69.122,,0.0,0.0,0.43,10235.36,,59.13,70.84,42.1,64.45,36.81,78.54,13.98,4475.0,32001.0,80.73,Boa,1,0,1
2024-10-12,10,286,São Cristóvão,VII,VII — São Cristóvão,-22.8967,-43.2217,36.04,,,32.4,,,,,30.65,33.43,29.52,69.75,51.32,0.0,0.0,-0.25,10271.4,,59.13,70.84,42.1,64.45,36.81,78.54,13.98,4475.0,32001.0,80.73,Boa,1,0,1
2024-10-13,10,287,São Cristóvão,VII,VII — São Cristóvão,-22.8967,-43.2217,36.04,,,32.4,,,,,29.72,31.08,29.12,74.28,64.6,0.0,0.0,-0.71,10307.44,,59.13,70.84,42.1,64.45,36.81,78.54,13.98,4475.0,32001.0,80.73,Boa,1,0,1
2024-10-14,10,288,São Cristóvão,VII,VII — São Cristóvão,-22.8967,-43.2217,36.04,,,32.4,,,,,29.22,,,71.17,,0.0,0.0,-0.5,10343.48,,59.13,70.84,42.1,64.45,36.81,78.54,13.98,4475.0,32001.0,80.73,Boa,1,0,1
2024-10-15,10,289,São Cristóvão,VII,VII — São Cristóvão,-22.8967,-43.2217,36.04,,,32.4,,,,,28.72,30.15,27.8,68.06,58.75,0.0,0.0,0.12,10379.52,,59.13,70.84,42.1,64.45,36.81,78.54,13.98,4475.0,32001.0,80.73,Boa,1,0,1
2024-10-16,10,290,São Cristóvão,VII,VII — São Cristóvão,-22.8967,-43.2217,36.04,,,32.4,,,,,29.45,31.95,27.58,68.65,52.17,0.0,0.0,0.42,10415.56,,59.13,70.84,42.1,64.45,36.81,78.54,13.98,4475.0,32001.0,80.73,Boa,1,0,1
2024-10-17,10,291,São Cristóvão,VII,VII — São Cristóvão,-22.8967,-43.2217,36.04,,,32.4,,,,,29.56,30.82,28.55,72.25,62.25,0.0,0.0,0.04,10451.6,,59.13,70.84,42.1,64.45,36.81,78.54,13.98,4475.0,32001.0,80.73,Boa,1,0,1
2024-10-18,10,292,São Cristóvão,VII,VII — São Cristóvão,-22.8967,-43.2217,36.04,,,32.4,,,,,29.535,,,72.09,,0.0,0.0,-0.03,10487.64,,59.13,70.84,42.1,64.45,36.81,78.54,13.98,4475.0,32001.0,80.73,Boa,1,0,1
2024-10-19,10,293,São Cristóvão,VII,VII — São Cristóvão,-22.8967,-43.2217,36.04,,,32.4,,,,,29.509999999999998,,,71.93,,0.0,0.0,-0.03,10523.68,,59.13,70.84,42.1,64.45,36.81,78.54,13.98,4475.0,32001.0,80.73,Boa,1,0,1
2024-10-20,10,294,São Cristóvão,VII,VII — São Cristóvão,-22.8967,-43.2217,36.04,,,32.4,,,,,29.485,,,71.77,,1.2,0.0,-0.02,10559.72,,59.13,70.84,42.1,64.45,36.81,78.54,13.98,4475.0,32001.0,80.73,Boa,1,0,1
2024-10-21,10,295,São Cristóvão,VII,VII — São Cristóvão,-22.8967,-43.2217,36.04,,,32.4,,,,,29.46,,,71.61,,0.0,0.0,-0.03,10595.76,,59.13,70.84,42.1,64.45,36.81,78.54,13.98,4475.0,32001.0,80.73,Boa,1,0,1
2024-10-22,10,296,São Cristóvão,VII,VII — São Cristóvão,-22.8967,-43.2217,36.04,,,32.4,,,,,29.435,,,71.45,,0.0,0.0,-0.03,10631.8,,59.13,70.84,42.1,64.45,36.81,78.54,13.98,4475.0,32001.0,80.73,Boa,1,0,1
2024-10-23,10,297,São Cristóvão,VII,VII — São Cristóvão,-22.8967,-43.2217,36.04,,,32.4,111.23,,,,29.41,,,71.29,,1.0,0.0,-0.02,10667.84,,59.13,70.84,42.1,64.45,36.81,78.54,13.98,4475.0,32001.0,80.73,Boa,1,0,1
2024-10-24,10,298,São Cristóvão,VII,VII — São Cristóvão,-22.8967,-43.2217,36.04,,,27.9,75.9,,,,29.385,,,71.13,,0.0,0.0,-0.03,10703.88,,59.13,70.84,42.1,64.45,36.81,78.54,13.98,4475.0,32001.0,80.73,Boa,1,0,1
2024-10-25,10,299,São Cristóvão,VII,VII — São Cristóvão,-22.8967,-43.2217,36.04,,,46.974999999999994,,,,,29.36,,,70.97,,0.0,0.0,-0.03,10739.92,,59.13,70.84,42.1,64.45,36.81,78.54,13.98,4475.0,32001.0,80.73,Boa,1,0,1
2024-10-26,10,300,São Cristóvão,VII,VII — São Cristóvão,-22.8967,-43.2217,36.04,,,66.05,122.37,,,,29.335,,,70.81,49.85,0.0,0.0,-0.02,10775.96,,59.13,70.84,42.1,64.45,36.81,78.54,13.98,4475.0,32001.0,80.73,Boa,1,0,1
2024-10-27,10,301,São Cristóvão,VII,VII — São Cristóvão,-22.8967,-43.2217,36.04,,,41.18,66.09,,,,29.310000000000002,,,78.11,74.55,0.0,0.0,-0.03,10812.0,,59.13,70.84,42.1,64.45,36.81,78.54,13.98,4475.0,32001.0,80.73,Boa,1,0,1
2024-10-28,10,302,São Cristóvão,VII,VII — São Cristóvão,-22.8967,-43.2217,36.04,,,15.41,32.05,,,,29.285,,,79.77,79.68,0.0,0.0,-0.03,10848.04,,59.13,70.84,42.1,64.45,36.81,78.54,13.98,4475.0,32001.0,80.73,Boa,1,0,1
2024-10-29,10,303,São Cristóvão,VII,VII — São Cristóvão,-22.8967,-43.2217,36.04,,,22.34,52.02,,,,29.26,30.7,28.28,79.34,75.5,0.0,0.0,0.07,10884.08,,59.13,70.84,42.1,64.45,36.81,78.54,13.98,4475.0,32001.0,80.73,Boa,1,0,1
2024-10-30,10,304,São Cristóvão,VII,VII — São Cristóvão,-22.8967,-43.2217,36.04,,,25.064999999999998,,,,,29.43,,,77.935,,0.0,0.0,0.17,10920.12,,59.13,70.84,42.1,64.45,36.81,78.54,13.98,4475.0,32001.0,80.73,Boa,1,0,1
2024-10-31,10,305,São Cristóvão,VII,VII — São Cristóvão,-22.8967,-43.2217,36.04,,,27.79,47.08,,,,29.6,,,76.53,65.98,0.0,0.0,0.17,10956.16,,59.13,70.84,42.1,64.45,36.81,78.54,13.98,4475.0,32001.0,80.73,Boa,1,0,1
2024-11-01,11,306,São Cristóvão,VII,VII — São Cristóvão,-22.8967,-43.2217,36.04,,,23.89,52.8,,,,29.77,31.6,28.23,77.22,64.82,0.0,0.0,0.38,10992.2,,59.13,70.84,42.1,64.45,36.81,78.54,13.98,4475.0,32001.0,69.65,Regular,1,0,1
2024-11-02,11,307,São Cristóvão,VII,VII — São Cristóvão,-22.8967,-43.2217,36.04,,,25.25,58.24,,,,30.37,31.83,28.93,77.62,71.1,0.0,0.0,0.43,11028.24,,59.13,70.84,42.1,64.45,36.81,78.54,13.98,4475.0,32001.0,69.65,Regular,1,0,1
2024-11-03,11,308,São Cristóvão,VII,VII — São Cristóvão,-22.8967,-43.2217,36.04,,,22.83,55.25,,,,30.63,32.45,29.38,76.05,64.55,0.0,0.0,0.06,11064.28,,59.13,70.84,42.1,64.45,36.81,78.54,13.98,4475.0,32001.0,69.65,Regular,1,0,1
2024-11-04,11,309,São Cristóvão,VII,VII — São Cristóvão,-22.8967,-43.2217,36.04,,,13.5,40.79,,,,30.5,31.53,29.82,77.41,69.52,0.0,0.0,0.12,11100.32,,59.13,70.84,42.1,64.45,36.81,78.54,13.98,4475.0,32001.0,69.65,Regular,1,0,1
2024-11-05,11,310,São Cristóvão,VII,VII — São Cristóvão,-22.8967,-43.2217,36.04,,,16.82,44.39,,,,30.869999999999997,,,72.64,63.63,0.0,0.0,0.37,11136.36,,59.13,70.84,42.1,64.45,36.81,78.54,13.98,4475.0,32001.0,69.65,Regular,1,0,1
2024-11-06,11,311,São Cristóvão,VII,VII — São Cristóvão,-22.8967,-43.2217,36.04,,,19.61,45.7,,,,31.24,33.33,29.67,66.75,51.85,0.0,0.0,-1.42,11172.4,,59.13,70.84,42.1,64.45,36.81,78.54,13.98,4475.0,32001.0,69.65,Regular,1,0,1
2024-11-07,11,312,São Cristóvão,VII,VII — São Cristóvão,-22.8967,-43.2217,36.04,,,15.31,34.99,,,,28.025,,,69.475,,0.0,0.0,-3.22,11208.44,,59.13,70.84,42.1,64.45,36.81,78.54,13.98,4475.0,32001.0,69.65,Regular,1,0,1
2024-11-08,11,313,São Cristóvão,VII,VII — São Cristóvão,-22.8967,-43.2217,36.04,,,19.27,50.58,,,,24.81,24.95,24.75,72.2,64.87,0.0,0.0,-0.61,11244.48,,59.13,70.84,42.1,64.45,36.81,78.54,13.98,4475.0,32001.0,69.65,Regular,1,0,1
2024-11-09,11,314,São Cristóvão,VII,VII — São Cristóvão,-22.8967,-43.2217,36.04,,,26.73,36.17,,,,26.814999999999998,,,73.38499999999999,,0.0,0.0,2.01,11280.52,,59.13,70.84,42.1,64.45,36.81,78.54,13.98,4475.0,32001.0,69.65,Regular,1,0,1
2024-11-10,11,315,São Cristóvão,VII,VII — São Cristóvão,-22.8967,-43.2217,36.04,,,30.39,48.02,,,,28.82,29.82,27.93,74.57,65.75,0.0,0.0,0.57,11316.56,,59.13,70.84,42.1,64.45,36.81,78.54,13.98,4475.0,32001.0,69.65,Regular,1,0,1
2024-11-11,11,316,São Cristóvão,VII,VII — São Cristóvão,-22.8967,-43.2217,36.04,,,25.65,58.42,,,,27.96,34.96,23.43,73.52,60.57,0.0,0.0,-1.38,11352.6,,59.13,70.84,42.1,64.45,36.81,78.54,13.98,4475.0,32001.0,69.65,Regular,1,0,1
2024-11-12,11,317,São Cristóvão,VII,VII — São Cristóvão,-22.8967,-43.2217,36.04,57.0,,38.9,121.13,,,,26.05,34.35,22.3,88.34,54.27,0.0,0.0,-2.8,11388.64,,59.13,70.84,42.1,64.45,36.81,78.54,13.98,4475.0,32001.0,69.65,Regular,1,0,1
2024-11-13,11,318,São Cristóvão,VII,VII — São Cristóvão,-22.8967,-43.2217,36.04,22.0,,20.61,50.12,,,,22.35,23.98,20.57,98.84,98.7,0.0,0.0,-1.63,11424.68,,59.13,70.84,42.1,64.45,36.81,78.54,13.98,4475.0,32001.0,69.65,Regular,1,0,1
2024-11-14,11,319,São Cristóvão,VII,VII — São Cristóvão,-22.8967,-43.2217,36.04,63.0,,16.5,37.38,,,,22.78,25.37,20.88,96.28,89.38,0.0,-6.83,1.05,11460.72,,59.13,70.84,42.1,64.45,36.81,78.54,13.98,4475.0,32001.0,69.65,Regular,0,0,0
2024-11-15,11,320,São Cristóvão,VII,VII — São Cristóvão,-22.8967,-43.2217,22.38,30.0,,21.01,54.21,,,,24.45,28.32,21.12,98.86,96.44,0.0,-5.88,0.48,11489.93,,59.13,70.84,42.1,64.45,36.81,78.54,13.98,4475.0,32001.0,69.65,Regular,0,0,0
2024-11-16,11,321,São Cristóvão,VII,VII — São Cristóvão,-22.8967,-43.2217,24.29,50.0,,20.28,11.7,,,,23.75,24.6,22.9,99.31,99.1,0.0,5.52,0.5,11513.27,,59.13,70.84,42.1,64.45,36.81,78.54,13.98,4475.0,32001.0,69.65,Regular,0,0,1
2024-11-17,11,322,São Cristóvão,VII,VII — São Cristóvão,-22.8967,-43.2217,33.42,48.0,,19.55,48.95,,,,25.45,28.9,22.6,98.2,93.6,0.0,1.61,1.63,11542.12,,59.13,70.84,42.1,64.45,36.81,78.54,13.98,4475.0,32001.0,69.65,Regular,0,0,0
2024-11-18,11,323,São Cristóvão,VII,VII — São Cristóvão,-22.8967,-43.2217,27.5,54.0,,27.12,50.74,,,,27.02,32.75,22.65,87.17,61.76,0.0,3.58,0.56,11572.58,,59.13,70.84,42.1,64.45,36.81,78.54,13.98,4475.0,32001.0,69.65,Regular,0,0,0
2024-11-19,11,324,São Cristóvão,VII,VII — São Cristóvão,-22.8967,-43.2217,40.58,66.0,,31.99,104.29,,,,26.58,30.43,23.92,79.24,56.57,0.0,2.61,0.06,11606.62,,59.13,70.84,42.1,64.45,36.81,78.54,13.98,4475.0,32001.0,69.65,Regular,0,0,0
2024-11-20,11,325,São Cristóvão,VII,VII — São Cristóvão,-22.8967,-43.2217,32.71,49.0,,36.27,84.79,,,,27.15,31.42,25.08,69.92,55.65,0.0,-8.88,-0.57,11643.27,,59.13,70.84,42.1,64.45,36.81,78.54,13.98,4475.0,32001.0,69.65,Regular,0,0,0
2024-11-21,11,326,São Cristóvão,VII,VII — São Cristóvão,-22.8967,-43.2217,22.83,32.0,,26.64,38.7,,,,25.43,27.77,23.03,74.03,70.2,0.0,-5.64,-1.8,11671.04,,59.13,70.84,42.1,64.45,36.81,78.54,13.98,4475.0,32001.0,69.65,Regular,0,0,0
2024-11-22,11,327,São Cristóvão,VII,VII — São Cristóvão,-22.8967,-43.2217,21.42,31.0,,26.29,39.62,,,,23.56,25.98,22.18,74.79,74.1,0.0,1.4,-1.66,11693.16,,59.13,70.84,42.1,64.45,36.81,78.54,13.98,4475.0,32001.0,69.65,Regular,0,0,0
2024-11-23,11,328,São Cristóvão,VII,VII — São Cristóvão,-22.8967,-43.2217,25.62,41.0,,19.78,32.56,,,,22.1,24.82,21.15,74.63,74.1,0.0,3.73,-0.02,11716.68,,59.13,70.84,42.1,64.45,36.81,78.54,13.98,4475.0,32001.0,69.65,Regular,0,0,0
2024-11-24,11,329,São Cristóvão,VII,VII — São Cristóvão,-22.8967,-43.2217,28.88,49.0,,22.87,46.74,,,,23.51,27.3,20.58,68.87,51.05,0.0,1.94,1.13,11743.93,,59.13,70.84,42.1,64.45,36.81,78.54,13.98,4475.0,32001.0,69.65,Regular,0,0,0
2024-11-25,11,330,São Cristóvão,VII,VII — São Cristóvão,-22.8967,-43.2217,29.5,45.0,,26.23,47.37,,,,24.36,28.12,21.0,62.2,48.3,0.0,5.98,2.03,11773.12,,59.13,70.84,42.1,64.45,36.81,78.54,13.98,4475.0,32001.0,69.65,Regular,0,0,0
2024-11-26,11,331,São Cristóvão,VII,VII — São Cristóvão,-22.8967,-43.2217,40.83,66.0,,29.67,76.6,,,,27.58,34.62,21.25,52.47,22.28,0.0,8.67,5.62,11808.29,,59.13,70.84,42.1,64.45,36.81,78.54,13.98,4475.0,32001.0,69.65,Regular,0,0,0
2024-11-27,11,332,São Cristóvão,VII,VII — São Cristóvão,-22.8967,-43.2217,46.84,67.0,,36.63,103.69,,,,35.59,45.67,24.2,53.77,28.48,0.0,4.53,5.8,11852.12,,59.13,70.84,42.1,64.45,36.81,78.54,13.98,4475.0,32001.0,69.65,Regular,0,0,0
2024-11-28,11,333,São Cristóvão,VII,VII — São Cristóvão,-22.8967,-43.2217,49.88,66.0,,54.03,123.66,,,,39.19,46.22,34.07,65.11,33.35,0.0,-0.86,0.98,11900.48,,59.13,70.84,42.1,64.45,36.81,78.54,13.98,4475.0,32001.0,69.65,Regular,0,0,0
2024-11-29,11,334,São Cristóvão,VII,VII — São Cristóvão,-22.8967,-43.2217,45.12,78.0,,43.0,97.24,,,,37.555,,,88.66,73.8,0.0,-0.19,-1.63,11947.98,,59.13,70.84,42.1,64.45,36.81,78.54,13.98,4475.0,32001.0,69.65,Regular,0,1,1
2024-11-30,11,335,São Cristóvão,VII,VII — São Cristóvão,-22.8967,-43.2217,49.5,75.0,,46.94,113.77,,,,35.92,40.0,33.35,92.17,72.83,0.0,-5.97,-0.22,11995.29,,59.13,70.84,42.1,64.45,36.81,78.54,13.98,4475.0,32001.0,69.65,Regular,0,1,0
2024-12-01,12,336,São Cristóvão,VII,VII — São Cristóvão,-22.8967,-43.2217,33.17,45.0,,33.38,83.54,,,,37.115,,,86.61,,0.0,-7.44,1.2,12036.63,,59.13,70.84,42.1,64.45,36.81,78.54,13.98,4475.0,32001.0,75.88,Boa,0,0,1
2024-12-02,12,337,São Cristóvão,VII,VII — São Cristóvão,-22.8967,-43.2217,34.62,57.0,,43.73,99.59,,,,38.31,44.52,33.0,81.05,54.22,0.0,0.75,0.71,12070.52,,59.13,70.84,42.1,64.45,36.81,78.54,13.98,4475.0,32001.0,75.88,Boa,0,0,0
2024-12-03,12,338,São Cristóvão,VII,VII — São Cristóvão,-22.8967,-43.2217,34.67,60.0,,40.0,71.85,,,,38.545,,,77.875,,0.0,-10.43,0.23,12105.17,,59.13,70.84,42.1,64.45,36.81,78.54,13.98,4475.0,32001.0,75.88,Boa,0,0,1
2024-12-04,12,339,São Cristóvão,VII,VII — São Cristóvão,-22.8967,-43.2217,13.75,28.0,,27.15,61.56,,,,38.78,,,74.69999999999999,,0.0,-7.34,0.23,12129.38,,59.13,70.84,42.1,64.45,36.81,78.54,13.98,4475.0,32001.0,75.88,Boa,0,0,1
2024-12-05,12,340,São Cristóvão,VII,VII — São Cristóvão,-22.8967,-43.2217,20.0,49.0,,20.84,36.88,,,,39.015,,,71.52499999999999,,0.0,11.75,0.23,12146.25,,59.13,70.84,42.1,64.45,36.81,78.54,13.98,4475.0,32001.0,75.88,Boa,0,0,1
2024-12-06,12,341,São Cristóvão,VII,VII — São Cristóvão,-22.8967,-43.2217,37.25,90.0,,43.25,146.43,,,,39.25,42.85,35.1,68.35,49.42,0.0,17.25,0.12,12174.88,,59.13,70.84,42.1,64.45,36.81,78.54,13.98,4475.0,32001.0,75.88,Boa,1,1,1
2024-12-07,12,342,São Cristóvão,VII,VII — São Cristóvão,-22.8967,-43.2217,54.5,75.0,,43.25,,,,,39.25,,,68.35,,0.0,8.62,0.0,12220.75,,59.13,70.84,42.1,64.45,36.81,78.54,13.98,4475.0,32001.0,75.88,Boa,0,1,1
2024-12-08,12,343,São Cristóvão,VII,VII — São Cristóvão,-22.8967,-43.2217,54.5,,,43.25,,,,,39.25,,,68.35,,0.0,0.0,0.0,12275.25,,59.13,70.84,42.1,64.45,36.81,78.54,13.98,4475.0,32001.0,75.88,Boa,1,0,1
2024-12-09,12,344,São Cristóvão,VII,VII — São Cristóvão,-22.8967,-43.2217,54.5,,,43.25,,,,,39.25,,,68.35,,0.0,0.0,0.0,12329.75,,59.13,70.84,42.1,64.45,36.81,78.54,13.98,4475.0,32001.0,75.88,Boa,1,0,1
2024-12-10,12,345,São Cristóvão,VII,VII — São Cristóvão,-22.8967,-43.2217,54.5,,,43.25,,,,,39.25,,,68.35,,0.0,0.0,0.0,12384.25,,59.13,70.84,42.1,64.45,36.81,78.54,13.98,4475.0,32001.0,75.88,Boa,1,0,1
2024-12-11,12,346,São Cristóvão,VII,VII — São Cristóvão,-22.8967,-43.2217,54.5,,,43.25,,,,,39.25,,,68.35,,0.0,0.0,0.0,12438.75,,59.13,70.84,42.1,64.45,36.81,78.54,13.98,4475.0,32001.0,75.88,Boa,1,0,1
2024-12-12,12,347,São Cristóvão,VII,VII — São Cristóvão,-22.8967,-43.2217,54.5,,,43.25,,,,,39.25,,,68.35,,0.0,0.0,0.0,12493.25,,59.13,70.84,42.1,64.45,36.81,78.54,13.98,4475.0,32001.0,75.88,Boa,1,0,1
2024-12-13,12,348,São Cristóvão,VII,VII — São Cristóvão,-22.8967,-43.2217,54.5,,,43.25,,,,,39.25,,,68.35,,0.0,0.0,0.0,12547.75,,59.13,70.84,42.1,64.45,36.81,78.54,13.98,4475.0,32001.0,75.88,Boa,1,0,1
2024-12-14,12,349,São Cristóvão,VII,VII — São Cristóvão,-22.8967,-43.2217,54.5,,,43.25,,,,,39.25,,,68.35,,0.0,0.0,0.0,12602.25,,59.13,70.84,42.1,64.45,36.81,78.54,13.98,4475.0,32001.0,75.88,Boa,1,0,1
2024-12-15,12,350,São Cristóvão,VII,VII — São Cristóvão,-22.8967,-43.2217,54.5,,,43.25,,,,,39.25,,,68.35,,0.0,0.0,0.0,12656.75,,59.13,70.84,42.1,64.45,36.81,78.54,13.98,4475.0,32001.0,75.88,Boa,1,0,1
2024-12-16,12,351,São Cristóvão,VII,VII — São Cristóvão,-22.8967,-43.2217,54.5,,,43.25,,,,,39.25,,,68.35,,0.0,0.0,0.0,12711.25,,59.13,70.84,42.1,64.45,36.81,78.54,13.98,4475.0,32001.0,75.88,Boa,1,0,1
2024-12-17,12,352,São Cristóvão,VII,VII — São Cristóvão,-22.8967,-43.2217,54.5,,,43.25,,,,,39.25,,,68.35,,0.0,0.0,0.0,12765.75,,59.13,70.84,42.1,64.45,36.81,78.54,13.98,4475.0,32001.0,75.88,Boa,1,0,1
2024-12-18,12,353,São Cristóvão,VII,VII — São Cristóvão,-22.8967,-43.2217,54.5,,,43.25,,,,,39.25,,,68.35,,0.0,0.0,0.0,12820.25,,59.13,70.84,42.1,64.45,36.81,78.54,13.98,4475.0,32001.0,75.88,Boa,1,0,1
2024-12-19,12,354,São Cristóvão,VII,VII — São Cristóvão,-22.8967,-43.2217,54.5,,,43.25,,,,,39.25,,,68.35,,0.0,0.0,0.0,12874.75,,59.13,70.84,42.1,64.45,36.81,78.54,13.98,4475.0,32001.0,75.88,Boa,1,0,1
2024-12-20,12,355,São Cristóvão,VII,VII — São Cristóvão,-22.8967,-43.2217,54.5,,,43.25,,,,,39.25,,,68.35,,0.0,0.0,0.0,12929.25,,59.13,70.84,42.1,64.45,36.81,78.54,13.98,4475.0,32001.0,75.88,Boa,1,0,1
2024-12-21,12,356,São Cristóvão,VII,VII — São Cristóvão,-22.8967,-43.2217,54.5,,,43.25,,,,,39.25,,,68.35,,0.0,0.0,0.0,12983.75,,59.13,70.84,42.1,64.45,36.81,78.54,13.98,4475.0,32001.0,75.88,Boa,1,0,1
2024-12-22,12,357,São Cristóvão,VII,VII — São Cristóvão,-22.8967,-43.2217,54.5,,,43.25,,,,,39.25,,,68.35,,0.0,0.0,0.0,13038.25,,59.13,70.84,42.1,64.45,36.81,78.54,13.98,4475.0,32001.0,75.88,Boa,1,0,1
2024-12-23,12,358,São Cristóvão,VII,VII — São Cristóvão,-22.8967,-43.2217,54.5,,,43.25,,,,,39.25,,,68.35,,0.0,0.0,0.0,13092.75,,59.13,70.84,42.1,64.45,36.81,78.54,13.98,4475.0,32001.0,75.88,Boa,1,0,1
2024-12-24,12,359,São Cristóvão,VII,VII — São Cristóvão,-22.8967,-43.2217,54.5,,,43.25,,,,,39.25,,,68.35,,0.0,0.0,0.0,13147.25,,59.13,70.84,42.1,64.45,36.81,78.54,13.98,4475.0,32001.0,75.88,Boa,1,0,1
2024-12-25,12,360,São Cristóvão,VII,VII — São Cristóvão,-22.8967,-43.2217,54.5,,,43.25,,,,,39.25,,,68.35,,0.0,0.0,0.0,13201.75,,59.13,70.84,42.1,64.45,36.81,78.54,13.98,4475.0,32001.0,75.88,Boa,1,0,1
2024-12-26,12,361,São Cristóvão,VII,VII — São Cristóvão,-22.8967,-43.2217,54.5,,,43.25,,,,,39.25,,,68.35,,0.0,0.0,0.0,13256.25,,59.13,70.84,42.1,64.45,36.81,78.54,13.98,4475.0,32001.0,75.88,Boa,1,0,1
2024-12-27,12,362,São Cristóvão,VII,VII — São Cristóvão,-22.8967,-43.2217,54.5,,,43.25,,,,,39.25,,,68.35,,0.0,0.0,0.0,13310.75,,59.13,70.84,42.1,64.45,36.81,78.54,13.98,4475.0,32001.0,75.88,Boa,1,0,1
2024-12-28,12,363,São Cristóvão,VII,VII — São Cristóvão,-22.8967,-43.2217,54.5,,,43.25,,,,,39.25,,,68.35,,0.0,0.0,0.0,13365.25,,59.13,70.84,42.1,64.45,36.81,78.54,13.98,4475.0,32001.0,75.88,Boa,1,0,1
2024-12-29,12,364,São Cristóvão,VII,VII — São Cristóvão,-22.8967,-43.2217,54.5,,,43.25,,,,,39.25,,,68.35,,0.0,0.0,0.0,13419.75,,59.13,70.84,42.1,64.45,36.81,78.54,13.98,4475.0,32001.0,75.88,Boa,1,0,1
2024-12-30,12,365,São Cristóvão,VII,VII — São Cristóvão,-22.8967,-43.2217,54.5,,,43.25,,,,,39.25,,,68.35,,0.0,0.0,0.0,13474.25,,59.13,70.84,42.1,64.45,36.81,78.54,13.98,4475.0,32001.0,75.88,Boa,1,0,1
2024-12-31,12,366,São Cristóvão,VII,VII — São Cristóvão,-22.8967,-43.2217,54.5,,,43.25,,,,,39.25,,,68.35,,0.0,0.0,0.0,13528.75,,59.13,70.84,42.1,64.45,36.81,78.54,13.98,4475.0,32001.0,75.88,Boa,1,0,1
2024-01-01,1,1,Copacabana,V,V — Copacabana,-22.9698,-43.1868,58.25,103.0,,23.1,35.52,,0.2,,28.32,29.0,27.8,70.04,53.2,0.0,-0.11,0.43,0.0,,84.1,88.69,72.08,91.53,45.7,96.51,61.87,42265.0,68316.0,63.87,Regular,0,1,0
2024-01-02,1,2,Copacabana,V,V — Copacabana,-22.9698,-43.1868,58.14,102.0,,22.26,36.49,,0.22,,28.75,30.9,26.9,77.78,68.8,0.0,-10.02,0.6,58.2,,84.1,88.69,72.08,91.53,45.7,96.51,61.87,42265.0,68316.0,63.87,Regular,0,1,0
2024-01-03,1,3,Copacabana,V,V — Copacabana,-22.9698,-43.1868,38.21,58.0,,22.83,64.94,,0.33,,29.51,31.3,28.1,83.58,70.9,9.4,-17.01,-0.09,106.37,,84.1,88.69,72.08,91.53,45.7,96.51,61.87,42265.0,68316.0,63.87,Regular,0,0,0
2024-01-04,1,4,Copacabana,V,V — Copacabana,-22.9698,-43.1868,24.12,45.0,,19.42,60.68,,0.37,,28.58,30.3,27.2,89.37,76.0,22.8,-6.1,0.08,137.54,,84.1,88.69,72.08,91.53,45.7,96.51,61.87,42265.0,68316.0,63.87,Regular,0,0,0
2024-01-05,1,5,Copacabana,V,V — Copacabana,-22.9698,-43.1868,26.0,45.0,,34.88,51.32,,0.29,,29.67,32.5,27.9,80.39,60.5,0.6,0.96,0.34,162.6,,84.1,88.69,72.08,91.53,45.7,96.51,61.87,42265.0,68316.0,63.87,Regular,0,0,0
2024-01-06,1,6,Copacabana,V,V — Copacabana,-22.9698,-43.1868,26.04,48.0,,26.25,44.45,,0.24,,29.25,31.8,27.5,80.95,63.5,1.8,2.25,-0.11,188.62,,84.1,88.69,72.08,91.53,45.7,96.51,61.87,42265.0,68316.0,63.87,Regular,0,0,0
2024-01-07,1,7,Copacabana,V,V — Copacabana,-22.9698,-43.1868,30.5,81.0,,29.81,70.1,,0.21,,29.46,31.1,28.0,78.49,66.3,0.0,5.86,0.99,216.89,,84.1,88.69,72.08,91.53,45.7,96.51,61.87,42265.0,68316.0,63.87,Regular,0,0,0
2024-01-08,1,8,Copacabana,V,V — Copacabana,-22.9698,-43.1868,37.75,73.0,,33.38,78.24,,0.33,,31.24,34.0,28.2,70.08,57.6,0.0,9.88,1.26,251.01,,84.1,88.69,72.08,91.53,45.7,96.51,61.87,42265.0,68316.0,63.87,Regular,0,0,0
2024-01-09,1,9,Copacabana,V,V — Copacabana,-22.9698,-43.1868,50.25,81.0,,44.49,104.59,,0.42,,31.98,35.2,30.3,69.85,50.1,0.0,3.32,-0.09,295.01,,84.1,88.69,72.08,91.53,45.7,96.51,61.87,42265.0,68316.0,63.87,Regular,0,0,0
2024-01-10,1,10,Copacabana,V,V — Copacabana,-22.9698,-43.1868,44.38,65.0,,56.1,121.01,,0.35,,31.06,33.1,29.2,76.43,58.9,0.0,-3.02,-0.14,342.32,,84.1,88.69,72.08,91.53,45.7,96.51,61.87,42265.0,68316.0,63.87,Regular,0,0,0
2024-01-11,1,11,Copacabana,V,V — Copacabana,-22.9698,-43.1868,44.21,66.0,,49.12,121.89,,0.43,,31.69,36.8,28.8,74.91,45.6,2.6,-5.86,-0.24,386.62,,84.1,88.69,72.08,91.53,45.7,96.51,61.87,42265.0,68316.0,63.87,Regular,0,0,0
2024-01-12,1,12,Copacabana,V,V — Copacabana,-22.9698,-43.1868,32.67,54.0,,28.38,93.27,,0.42,,30.57,33.9,29.1,82.76,55.1,0.8,-8.0,-1.06,425.06,,84.1,88.69,72.08,91.53,45.7,96.51,61.87,42265.0,68316.0,63.87,Regular,0,0,0
2024-01-13,1,13,Copacabana,V,V — Copacabana,-22.9698,-43.1868,28.21,46.0,,24.63,48.84,,0.35,,29.57,31.4,28.4,93.71,79.5,22.4,-3.23,-0.73,455.5,,84.1,88.69,72.08,91.53,45.7,96.51,61.87,42265.0,68316.0,63.87,Regular,0,0,0
2024-01-14,1,14,Copacabana,V,V — Copacabana,-22.9698,-43.1868,26.22,39.0,,40.41,73.52,,0.21,,29.11,31.0,27.7,92.03,79.5,25.2,4.85,0.98,482.72,,84.1,88.69,72.08,91.53,45.7,96.51,61.87,42265.0,68316.0,63.87,Regular,0,0,0
2024-01-15,1,15,Copacabana,V,V — Copacabana,-22.9698,-43.1868,37.91,61.0,,29.23,74.1,,0.28,,31.54,36.83,28.8,73.89,39.15,0.0,11.7,1.44,514.78,,84.1,88.69,72.08,91.53,45.7,96.51,61.87,42265.0,68316.0,63.87,Regular,0,0,0
2024-01-16,1,16,Copacabana,V,V — Copacabana,-22.9698,-43.1868,49.62,70.0,,55.41,186.65,,0.45,,31.98,37.97,28.05,67.55,43.43,0.0,7.03,0.43,558.54,,84.1,88.69,72.08,91.53,45.7,96.51,61.87,42265.0,68316.0,63.87,Regular,0,0,0
2024-01-17,1,17,Copacabana,V,V — Copacabana,-22.9698,-43.1868,51.96,69.0,,53.08,140.49,,0.46,,32.41,38.57,28.8,67.92,44.77,0.0,-4.47,-0.97,609.33,,84.1,88.69,72.08,91.53,45.7,96.51,61.87,42265.0,68316.0,63.87,Regular,0,0,0
2024-01-18,1,18,Copacabana,V,V — Copacabana,-22.9698,-43.1868,40.67,65.0,,44.94,64.94,,0.39,,30.04,32.85,28.08,79.78,68.63,0.0,-4.82,-1.47,655.65,,84.1,88.69,72.08,91.53,45.7,96.51,61.87,42265.0,68316.0,63.87,Regular,0,0,0
2024-01-19,1,19,Copacabana,V,V — Copacabana,-22.9698,-43.1868,42.33,93.0,,39.98,102.53,,0.27,,29.47,33.32,26.52,78.07,60.0,1.2,-0.11,0.46,697.15,,84.1,88.69,72.08,91.53,45.7,96.51,61.87,42265.0,68316.0,63.87,Regular,0,1,0
2024-01-20,1,20,Copacabana,V,V — Copacabana,-22.9698,-43.1868,40.46,81.0,,51.99,101.33,,0.39,,30.96,34.93,28.6,71.9,52.18,0.0,-10.92,-0.88,738.54,,84.1,88.69,72.08,91.53,45.7,96.51,61.87,42265.0,68316.0,63.87,Regular,0,0,0
2024-01-21,1,21,Copacabana,V,V — Copacabana,-22.9698,-43.1868,20.5,38.0,,47.34,80.87,,0.28,,27.72,30.73,24.4,81.7,64.8,61.0,-7.62,-2.22,769.02,,84.1,88.69,72.08,91.53,45.7,96.51,61.87,42265.0,68316.0,63.87,Regular,0,0,0
2024-01-22,1,22,Copacabana,V,V — Copacabana,-22.9698,-43.1868,25.21,38.0,,22.09,39.22,,0.24,,26.53,29.87,24.73,86.36,68.13,8.8,1.45,-2.39,791.88,,84.1,88.69,72.08,91.53,45.7,96.51,61.87,42265.0,68316.0,63.87,Regular,0,0,0
2024-01-23,1,23,Copacabana,V,V — Copacabana,-22.9698,-43.1868,23.39,38.0,,15.58,35.29,,0.27,,22.94,25.68,20.3,94.98,85.37,45.6,-1.98,-2.03,816.18,,84.1,88.69,72.08,91.53,45.7,96.51,61.87,42265.0,68316.0,63.87,Regular,0,0,0
2024-01-24,1,24,Copacabana,V,V — Copacabana,-22.9698,-43.1868,21.25,38.0,,12.15,34.61,,0.38,,22.48,24.2,20.27,95.29,88.52,5.4,-0.82,0.89,838.5,,84.1,88.69,72.08,91.53,45.7,96.51,61.87,42265.0,68316.0,63.87,Regular,0,0,0
2024-01-25,1,25,Copacabana,V,V — Copacabana,-22.9698,-43.1868,21.75,42.0,,24.92,54.21,,0.25,,24.72,28.88,22.38,91.9,75.17,1.4,-2.64,0.85,860.0,,84.1,88.69,72.08,91.53,45.7,96.51,61.87,42265.0,68316.0,63.87,Regular,0,0,0
2024-01-26,1,26,Copacabana,V,V — Copacabana,-22.9698,-43.1868,15.96,32.0,,15.59,33.77,,0.27,,24.18,26.88,22.62,93.63,81.4,0.2,2.66,0.43,878.85,,84.1,88.69,72.08,91.53,45.7,96.51,61.87,42265.0,68316.0,63.87,Regular,0,0,0
2024-01-27,1,27,Copacabana,V,V — Copacabana,-22.9698,-43.1868,27.08,38.0,,12.42,33.78,,0.35,,25.57,29.15,23.55,89.42,76.38,0.0,4.25,0.49,900.37,,84.1,88.69,72.08,91.53,45.7,96.51,61.87,42265.0,68316.0,63.87,Regular,0,0,0
2024-01-28,1,28,Copacabana,V,V — Copacabana,-22.9698,-43.1868,24.46,37.0,,24.74,53.85,,0.31,,25.16,27.68,22.58,91.8,82.02,0.0,-2.52,0.23,926.14,,84.1,88.69,72.08,91.53,45.7,96.51,61.87,42265.0,68316.0,63.87,Regular,0,0,0
2024-01-29,1,29,Copacabana,V,V — Copacabana,-22.9698,-43.1868,22.04,46.0,,31.75,53.1,,0.27,,26.04,28.87,22.8,88.48,74.97,0.0,2.89,1.47,949.39,,84.1,88.69,72.08,91.53,45.7,96.51,61.87,42265.0,68316.0,63.87,Regular,0,0,0
2024-01-30,1,30,Copacabana,V,V — Copacabana,-22.9698,-43.1868,30.25,44.0,,26.9,74.33,,0.35,,28.1,31.93,25.55,84.68,64.25,0.0,5.27,0.43,975.54,,84.1,88.69,72.08,91.53,45.7,96.51,61.87,42265.0,68316.0,63.87,Regular,0,0,0
2024-01-31,1,31,Copacabana,V,V — Copacabana,-22.9698,-43.1868,32.58,58.0,,32.16,111.77,,0.4,,26.9,30.98,23.07,88.94,67.67,0.0,-0.09,-0.73,1006.95,,84.1,88.69,72.08,91.53,45.7,96.51,61.87,42265.0,68316.0,63.87,Regular,0,0,0
2024-02-01,2,32,Copacabana,V,V — Copacabana,-22.9698,-43.1868,30.08,49.0,,48.85,111.7,,0.35,,26.65,30.77,24.2,82.91,58.88,0.0,0.61,-0.06,1038.28,,84.1,88.69,72.08,91.53,45.7,96.51,61.87,42265.0,68316.0,74.0,Boa,0,0,0
2024-02-02,2,33,Copacabana,V,V — Copacabana,-22.9698,-43.1868,33.79,52.0,,22.78,43.85,,0.47,,26.77,29.03,25.13,86.48,76.7,0.0,-1.81,0.21,1070.22,,84.1,88.69,72.08,91.53,45.7,96.51,61.87,42265.0,68316.0,74.0,Boa,0,0,0
2024-02-03,2,34,Copacabana,V,V — Copacabana,-22.9698,-43.1868,26.46,40.0,,32.26,74.61,,0.38,,27.08,29.57,24.45,86.5,77.15,0.0,-4.87,0.48,1100.34,,84.1,88.69,72.08,91.53,45.7,96.51,61.87,42265.0,68316.0,74.0,Boa,0,0,0
2024-02-04,2,35,Copacabana,V,V — Copacabana,-22.9698,-43.1868,24.05,44.0,,23.01,77.96,,0.32,,27.74,31.57,24.15,86.95,72.65,0.0,1.63,0.25,1125.6,,84.1,88.69,72.08,91.53,45.7,96.51,61.87,42265.0,68316.0,74.0,Boa,0,0,0
2024-02-05,2,36,Copacabana,V,V — Copacabana,-22.9698,-43.1868,29.73,63.0,,19.8,77.58,,0.3,,27.58,31.07,24.6,80.86,66.92,0.0,7.94,0.32,1152.49,,84.1,88.69,72.08,91.53,45.7,96.51,61.87,42265.0,68316.0,74.0,Boa,0,0,0
2024-02-06,2,37,Copacabana,V,V — Copacabana,-22.9698,-43.1868,39.92,70.0,,26.55,71.76,,0.36,,28.38,33.22,25.1,80.71,61.27,0.0,5.67,0.44,1187.32,,84.1,88.69,72.08,91.53,45.7,96.51,61.87,42265.0,68316.0,74.0,Boa,0,0,0
2024-02-07,2,38,Copacabana,V,V — Copacabana,-22.9698,-43.1868,41.08,87.0,,30.49,74.33,,0.32,,28.46,31.53,26.08,80.34,63.67,0.0,-3.77,0.08,1227.82,,84.1,88.69,72.08,91.53,45.7,96.51,61.87,42265.0,68316.0,74.0,Boa,0,1,0
2024-02-08,2,39,Copacabana,V,V — Copacabana,-22.9698,-43.1868,32.38,45.0,,22.78,48.68,,0.32,,28.54,31.48,26.63,79.88,68.35,0.0,-2.0,-0.09,1264.54,,84.1,88.69,72.08,91.53,45.7,96.51,61.87,42265.0,68316.0,74.0,Boa,0,0,0
2024-02-09,2,40,Copacabana,V,V — Copacabana,-22.9698,-43.1868,37.08,53.0,,33.26,67.31,,0.35,,28.29,32.03,25.42,80.53,66.95,0.0,1.29,0.16,1299.28,,84.1,88.69,72.08,91.53,45.7,96.51,61.87,42265.0,68316.0,74.0,Boa,0,0,0
2024-02-10,2,41,Copacabana,V,V — Copacabana,-22.9698,-43.1868,34.96,57.0,,29.05,72.83,,0.28,,28.85,33.97,25.83,71.57,51.42,0.0,-1.04,0.78,1335.3,,84.1,88.69,72.08,91.53,45.7,96.51,61.87,42265.0,68316.0,74.0,Boa,0,0,0
2024-02-11,2,42,Copacabana,V,V — Copacabana,-22.9698,-43.1868,35.0,88.0,,27.18,62.77,,0.4,,29.85,34.2,25.73,67.79,50.35,0.0,2.27,1.5,1370.28,,84.1,88.69,72.08,91.53,45.7,96.51,61.87,42265.0,68316.0,74.0,Boa,0,1,0
2024-02-12,2,43,Copacabana,V,V — Copacabana,-22.9698,-43.1868,39.5,76.0,,27.94,68.64,,0.39,,31.86,36.75,28.22,56.81,40.55,0.0,7.4,0.86,1407.52,,84.1,88.69,72.08,91.53,45.7,96.51,61.87,42265.0,68316.0,74.0,Boa,0,0,0
2024-02-13,2,44,Copacabana,V,V — Copacabana,-22.9698,-43.1868,49.79,127.0,,42.69,109.5,,0.44,,31.58,37.0,27.53,61.29,43.35,0.0,-5.11,-1.18,1452.17,,84.1,88.69,72.08,91.53,45.7,96.51,61.87,42265.0,68316.0,74.0,Boa,0,1,0
2024-02-14,2,45,Copacabana,V,V — Copacabana,-22.9698,-43.1868,29.29,51.0,,49.9,92.72,,0.29,,29.5,32.5,24.88,66.79,52.9,17.0,-13.18,-3.25,1491.71,,84.1,88.69,72.08,91.53,45.7,96.51,61.87,42265.0,68316.0,74.0,Boa,0,0,0
2024-02-15,2,46,Copacabana,V,V — Copacabana,-22.9698,-43.1868,23.42,38.0,,23.53,46.43,,0.37,,25.07,26.43,24.1,97.16,96.1,32.4,-0.58,-1.43,1518.06,,84.1,88.69,72.08,91.53,45.7,96.51,61.87,42265.0,68316.0,74.0,Boa,0,0,0
2024-02-16,2,47,Copacabana,V,V — Copacabana,-22.9698,-43.1868,28.12,43.0,,16.83,25.29,,0.28,,26.65,29.22,24.4,80.55,65.03,0.0,3.88,1.37,1543.84,,84.1,88.69,72.08,91.53,45.7,96.51,61.87,42265.0,68316.0,74.0,Boa,0,0,0
2024-02-17,2,48,Copacabana,V,V — Copacabana,-22.9698,-43.1868,31.17,52.0,,18.51,37.57,,0.28,,27.81,32.13,25.03,74.62,57.18,0.0,0.88,0.82,1573.48,,84.1,88.69,72.08,91.53,45.7,96.51,61.87,42265.0,68316.0,74.0,Boa,0,0,0
2024-02-18,2,49,Copacabana,V,V — Copacabana,-22.9698,-43.1868,29.88,85.0,,22.05,45.56,,0.24,,28.28,32.4,25.97,75.4,62.1,0.0,-0.3,-0.06,1604.0,,84.1,88.69,72.08,91.53,45.7,96.51,61.87,42265.0,68316.0,74.0,Boa,0,1,0
2024-02-19,2,50,Copacabana,V,V — Copacabana,-22.9698,-43.1868,30.58,49.0,,24.21,70.36,,0.25,,27.69,31.42,25.68,80.61,63.28,0.0,-0.04,-0.98,1634.24,,84.1,88.69,72.08,91.53,45.7,96.51,61.87,42265.0,68316.0,74.0,Boa,0,0,0
2024-02-20,2,51,Copacabana,V,V — Copacabana,-22.9698,-43.1868,29.79,68.0,,24.44,57.49,,0.27,,26.33,28.32,25.15,88.76,77.35,1.6,3.94,-0.29,1664.42,,84.1,88.69,72.08,91.53,45.7,96.51,61.87,42265.0,68316.0,74.0,Boa,0,0,0
2024-02-21,2,52,Copacabana,V,V — Copacabana,-22.9698,-43.1868,38.46,60.0,,22.345,,,0.39,,27.1,30.48,25.57,90.19,76.37,4.4,-2.04,1.19,1698.54,,84.1,88.69,72.08,91.53,45.7,96.51,61.87,42265.0,68316.0,74.0,Boa,0,0,1
2024-02-22,2,53,Copacabana,V,V — Copacabana,-22.9698,-43.1868,25.71,43.0,,20.25,48.36,,0.42,,28.7,34.03,24.7,78.42,57.67,0.0,-5.59,1.84,1730.63,,84.1,88.69,72.08,91.53,45.7,96.51,61.87,42265.0,68316.0,74.0,Boa,0,0,0
2024-02-23,2,54,Copacabana,V,V — Copacabana,-22.9698,-43.1868,27.29,43.0,,14.45,29.0,,0.48,,30.78,33.83,27.75,70.38,57.85,0.0,5.52,0.62,1757.13,,84.1,88.69,72.08,91.53,45.7,96.51,61.87,42265.0,68316.0,74.0,Boa,0,0,0
2024-02-24,2,55,Copacabana,V,V — Copacabana,-22.9698,-43.1868,36.75,50.0,,17.121666666666666,,,0.5,,29.94,32.62,28.2,78.25,64.63,0.0,1.69,-0.49,1789.15,,84.1,88.69,72.08,91.53,45.7,96.51,61.87,42265.0,68316.0,74.0,Boa,0,0,1
2024-02-25,2,56,Copacabana,V,V — Copacabana,-22.9698,-43.1868,30.67,50.0,,19.793333333333333,,,0.42,,29.81,34.67,27.0,80.0,58.02,0.0,-4.25,-0.9,1822.86,,84.1,88.69,72.08,91.53,45.7,96.51,61.87,42265.0,68316.0,74.0,Boa,0,0,1
2024-02-26,2,57,Copacabana,V,V — Copacabana,-22.9698,-43.1868,28.25,44.0,,22.465,,,0.33,,28.14,30.35,26.68,86.01,76.8,0.4,-1.25,-0.91,1852.32,,84.1,88.69,72.08,91.53,45.7,96.51,61.87,42265.0,68316.0,74.0,Boa,0,0,1
2024-02-27,2,58,Copacabana,V,V — Copacabana,-22.9698,-43.1868,28.17,65.0,,25.136666666666667,,,0.33,,27.98,30.9,25.97,83.99,74.45,0.0,2.59,1.04,1880.53,,84.1,88.69,72.08,91.53,45.7,96.51,61.87,42265.0,68316.0,74.0,Boa,0,0,1
2024-02-28,2,59,Copacabana,V,V — Copacabana,-22.9698,-43.1868,33.42,55.0,,27.808333333333334,46.47,,0.43,,30.21,35.5,26.62,77.13,54.25,1.2,1.29,0.66,1911.33,,84.1,88.69,72.08,91.53,45.7,96.51,61.87,42265.0,68316.0,74.0,Boa,0,0,1
2024-02-29,2,60,Copacabana,V,V — Copacabana,-22.9698,-43.1868,30.75,50.0,,30.48,71.22,,0.39,,29.3,34.02,26.83,80.2,62.15,0.0,-1.27,-0.96,1943.41,,84.1,88.69,72.08,91.53,45.7,96.51,61.87,42265.0,68316.0,74.0,Boa,0,0,0
2024-03-01,3,61,Copacabana,V,V — Copacabana,-22.9698,-43.1868,30.88,44.0,,10.77,20.46,,0.33,,28.3,31.75,26.63,84.65,67.65,0.0,-4.23,-1.08,1974.23,,84.1,88.69,72.08,91.53,45.7,96.51,61.87,42265.0,68316.0,73.09,Boa,0,0,0
2024-03-02,3,62,Copacabana,V,V — Copacabana,-22.9698,-43.1868,22.29,34.0,,23.43,43.51,,0.18,,27.14,30.47,24.55,77.24,60.12,2.2,-2.03,-0.63,2000.81,,84.1,88.69,72.08,91.53,45.7,96.51,61.87,42265.0,68316.0,73.09,Boa,0,0,0
2024-03-03,3,63,Copacabana,V,V — Copacabana,-22.9698,-43.1868,26.83,39.0,,23.91,51.54,,0.2,,27.04,30.78,24.13,76.5,62.73,0.0,2.78,0.41,2025.37,,84.1,88.69,72.08,91.53,45.7,96.51,61.87,42265.0,68316.0,73.09,Boa,0,0,0
2024-03-04,3,64,Copacabana,V,V — Copacabana,-22.9698,-43.1868,27.86,42.0,,17.68,60.83,,0.3,,27.96,32.15,24.42,74.64,56.2,0.0,5.57,0.67,2052.72,,84.1,88.69,72.08,91.53,45.7,96.51,61.87,42265.0,68316.0,73.09,Boa,0,0,0
2024-03-05,3,65,Copacabana,V,V — Copacabana,-22.9698,-43.1868,37.96,55.0,,33.66,85.17,,0.28,,28.38,32.05,25.13,81.11,64.15,13.0,-1.02,-0.7,2085.62,,84.1,88.69,72.08,91.53,45.7,96.51,61.87,42265.0,68316.0,73.09,Boa,0,0,0
2024-03-06,3,66,Copacabana,V,V — Copacabana,-22.9698,-43.1868,25.83,39.0,,34.12,71.43,,0.29,,26.56,29.85,24.9,90.71,74.93,4.6,-8.77,-0.59,2117.52,,84.1,88.69,72.08,91.53,45.7,96.51,61.87,42265.0,68316.0,73.09,Boa,0,0,0
2024-03-07,3,67,Copacabana,V,V — Copacabana,-22.9698,-43.1868,20.42,31.0,,31.31,51.84,,0.24,,27.19,30.0,24.87,88.49,78.25,0.4,-1.54,0.48,2140.64,,84.1,88.69,72.08,91.53,45.7,96.51,61.87,42265.0,68316.0,73.09,Boa,0,0,0
2024-03-08,3,68,Copacabana,V,V — Copacabana,-22.9698,-43.1868,22.75,38.0,,26.25,49.83,,0.23,,27.51,30.22,25.83,87.76,74.92,0.0,4.1,0.35,2162.23,,84.1,88.69,72.08,91.53,45.7,96.51,61.87,42265.0,68316.0,73.09,Boa,0,0,0
2024-03-09,3,69,Copacabana,V,V — Copacabana,-22.9698,-43.1868,28.62,48.0,,21.29,47.27,,0.27,,27.9,31.07,25.0,86.85,72.43,16.0,1.44,0.31,2187.92,,84.1,88.69,72.08,91.53,45.7,96.51,61.87,42265.0,68316.0,73.09,Boa,0,0,0
2024-03-10,3,70,Copacabana,V,V — Copacabana,-22.9698,-43.1868,25.62,44.0,,24.52,46.73,,0.18,,28.14,31.45,25.42,84.97,70.08,0.2,-3.27,0.28,2215.04,,84.1,88.69,72.08,91.53,45.7,96.51,61.87,42265.0,68316.0,73.09,Boa,0,0,0
2024-03-11,3,71,Copacabana,V,V — Copacabana,-22.9698,-43.1868,22.08,32.0,,21.03,39.23,,0.25,,28.45,32.75,26.2,79.07,61.42,0.0,1.31,-0.93,2238.88,,84.1,88.69,72.08,91.53,45.7,96.51,61.87,42265.0,68316.0,73.09,Boa,0,0,0
2024-03-12,3,72,Copacabana,V,V — Copacabana,-22.9698,-43.1868,28.25,38.0,,21.36,43.32,,0.25,,26.28,28.08,25.4,86.56,80.7,0.0,4.77,-1.15,2264.05,,84.1,88.69,72.08,91.53,45.7,96.51,61.87,42265.0,68316.0,73.09,Boa,0,0,0
2024-03-13,3,73,Copacabana,V,V — Copacabana,-22.9698,-43.1868,31.62,44.0,,31.22,63.24,,0.16,,26.14,27.92,25.15,80.43,74.73,0.0,1.29,0.44,2293.98,,84.1,88.69,72.08,91.53,45.7,96.51,61.87,42265.0,68316.0,73.09,Boa,0,0,0
2024-03-14,3,74,Copacabana,V,V — Copacabana,-22.9698,-43.1868,30.83,43.0,,25.79,58.95,,0.22,,27.16,30.63,24.5,80.86,68.47,0.0,1.33,1.24,2325.21,,84.1,88.69,72.08,91.53,45.7,96.51,61.87,42265.0,68316.0,73.09,Boa,0,0,0
2024-03-15,3,75,Copacabana,V,V — Copacabana,-22.9698,-43.1868,34.29,55.0,,33.52,83.84,,0.34,,28.63,32.38,26.0,78.99,63.97,0.0,7.42,1.47,2357.77,,84.1,88.69,72.08,91.53,45.7,96.51,61.87,42265.0,68316.0,73.09,Boa,0,0,0
2024-03-16,3,76,Copacabana,V,V — Copacabana,-22.9698,-43.1868,45.67,65.0,,36.78,110.01,,0.18,,30.1,34.68,26.52,76.7,57.28,0.0,7.77,1.07,2397.75,,84.1,88.69,72.08,91.53,45.7,96.51,61.87,42265.0,68316.0,73.09,Boa,0,0,0
2024-03-17,3,77,Copacabana,V,V — Copacabana,-22.9698,-43.1868,49.83,110.0,,51.83,146.01,,0.23,,30.76,36.77,27.77,75.43,54.03,0.0,-4.77,-0.45,2445.5,,84.1,88.69,72.08,91.53,45.7,96.51,61.87,42265.0,68316.0,73.09,Boa,0,1,0
2024-03-18,3,78,Copacabana,V,V — Copacabana,-22.9698,-43.1868,36.14,49.0,,38.44,77.15,,0.3,,29.2,31.72,27.45,81.53,67.07,0.0,-6.97,-1.38,2488.48,,84.1,88.69,72.08,91.53,45.7,96.51,61.87,42265.0,68316.0,73.09,Boa,0,0,0
2024-03-19,3,79,Copacabana,V,V — Copacabana,-22.9698,-43.1868,35.88,50.0,,32.31,76.93,,0.31,,28.01,30.18,26.5,90.13,79.03,0.0,0.41,-0.0,2524.5,,84.1,88.69,72.08,91.53,45.7,96.51,61.87,42265.0,68316.0,73.09,Boa,0,0,0
2024-03-20,3,80,Copacabana,V,V — Copacabana,-22.9698,-43.1868,36.96,49.0,,26.73,64.07,,0.49,,29.19,32.32,26.45,82.7,67.5,0.0,-0.48,1.89,2560.92,,84.1,88.69,72.08,91.53,45.7,96.51,61.87,42265.0,68316.0,73.09,Boa,0,0,0
2024-03-21,3,81,Copacabana,V,V — Copacabana,-22.9698,-43.1868,34.92,45.0,,29.31,46.16,,0.27,,31.8,38.33,28.08,70.57,45.28,0.4,-8.54,-1.36,2596.86,,84.1,88.69,72.08,91.53,45.7,96.51,61.87,42265.0,68316.0,73.09,Boa,0,0,0
2024-03-22,3,82,Copacabana,V,V — Copacabana,-22.9698,-43.1868,19.88,33.0,,27.23,46.13,,0.34,,26.47,29.37,23.78,89.99,76.65,57.8,0.0,-3.58,2624.26,,84.1,88.69,72.08,91.53,45.7,96.51,61.87,42265.0,68316.0,73.09,Boa,0,0,0
2024-03-23,3,83,Copacabana,V,V — Copacabana,-22.9698,-43.1868,34.92,53.0,,24.12,29.82,,0.14,,24.64,27.25,22.7,85.87,70.8,1.8,-3.6,-1.45,2651.66,,84.1,88.69,72.08,91.53,45.7,96.51,61.87,42265.0,68316.0,73.09,Boa,0,0,0
2024-03-24,3,84,Copacabana,V,V — Copacabana,-22.9698,-43.1868,12.67,22.0,,11.73,25.15,,0.23,,23.57,24.67,22.62,97.3,97.3,25.2,-4.71,0.64,2675.45,,84.1,88.69,72.08,91.53,45.7,96.51,61.87,42265.0,68316.0,73.09,Boa,0,0,0
2024-03-25,3,85,Copacabana,V,V — Copacabana,-22.9698,-43.1868,25.5,49.0,,9.72,28.66,,0.26,,25.92,30.17,23.25,88.01,69.32,0.4,5.04,0.37,2694.54,,84.1,88.69,72.08,91.53,45.7,96.51,61.87,42265.0,68316.0,73.09,Boa,0,0,0
2024-03-26,3,86,Copacabana,V,V — Copacabana,-22.9698,-43.1868,22.75,29.0,,4.76,9.59,,0.33,,24.3,26.17,22.02,93.62,83.28,6.6,1.02,-0.87,2718.66,,84.1,88.69,72.08,91.53,45.7,96.51,61.87,42265.0,68316.0,73.09,Boa,0,0,0
2024-03-27,3,87,Copacabana,V,V — Copacabana,-22.9698,-43.1868,27.54,71.0,,8.51,19.07,,0.36,,24.19,26.2,22.23,93.73,84.37,4.0,-1.31,-0.1,2743.8,,84.1,88.69,72.08,91.53,45.7,96.51,61.87,42265.0,68316.0,73.09,Boa,0,0,0
2024-03-28,3,88,Copacabana,V,V — Copacabana,-22.9698,-43.1868,20.12,29.0,,14.57,27.76,,0.24,,24.1,24.92,23.5,97.33,97.28,4.4,-3.33,0.69,2767.64,,84.1,88.69,72.08,91.53,45.7,96.51,61.87,42265.0,68316.0,73.09,Boa,0,0,0
2024-03-29,3,89,Copacabana,V,V — Copacabana,-22.9698,-43.1868,20.88,34.0,,14.94,25.79,,0.3,,25.57,27.78,23.75,95.84,87.17,0.4,5.15,1.19,2788.14,,84.1,88.69,72.08,91.53,45.7,96.51,61.87,42265.0,68316.0,73.09,Boa,0,0,0
2024-03-30,3,90,Copacabana,V,V — Copacabana,-22.9698,-43.1868,30.42,47.0,,17.65,42.27,,0.31,,26.49,29.53,25.08,88.55,69.2,0.2,0.0,0.3,2813.79,,84.1,88.69,72.08,91.53,45.7,96.51,61.87,42265.0,68316.0,73.09,Boa,0,0,0
2024-03-31,3,91,Copacabana,V,V — Copacabana,-22.9698,-43.1868,20.88,37.0,,27.76,50.44,,0.21,,26.17,29.52,23.95,86.71,68.0,0.0,-3.31,-0.42,2839.44,,84.1,88.69,72.08,91.53,45.7,96.51,61.87,42265.0,68316.0,73.09,Boa,0,0,0
2024-04-01,4,92,Copacabana,V,V — Copacabana,-22.9698,-43.1868,23.81,35.0,,23.02,42.72,,0.3,,25.65,27.82,24.03,86.53,74.1,0.0,4.52,0.17,2861.78,,84.1,88.69,72.08,91.53,45.7,96.51,61.87,42265.0,68316.0,80.7,Boa,0,0,0
2024-04-02,4,93,Copacabana,V,V — Copacabana,-22.9698,-43.1868,29.92,42.0,,23.5,49.63,,0.47,,26.51,30.4,23.77,79.13,62.34,0.0,8.88,0.52,2888.64,,84.1,88.69,72.08,91.53,45.7,96.51,61.87,42265.0,68316.0,80.7,Boa,0,0,0
2024-04-03,4,94,Copacabana,V,V — Copacabana,-22.9698,-43.1868,41.58,69.0,,34.14,76.04,,0.36,,26.68,30.23,24.8,85.61,67.01,0.0,2.16,0.0,2924.4,,84.1,88.69,72.08,91.53,45.7,96.51,61.87,42265.0,68316.0,80.7,Boa,0,0,0
2024-04-04,4,95,Copacabana,V,V — Copacabana,-22.9698,-43.1868,34.25,66.0,,44.12,92.17,,0.42,,26.52,30.08,24.7,87.27,66.98,0.0,-5.29,-0.24,2962.31,,84.1,88.69,72.08,91.53,45.7,96.51,61.87,42265.0,68316.0,80.7,Boa,0,0,0
2024-04-05,4,96,Copacabana,V,V — Copacabana,-22.9698,-43.1868,31.0,52.0,,31.03,62.27,,0.33,,26.2,28.3,24.68,89.01,80.27,0.0,-4.21,-0.09,2994.94,,84.1,88.69,72.08,91.53,45.7,96.51,61.87,42265.0,68316.0,80.7,Boa,0,0,0
2024-04-06,4,97,Copacabana,V,V — Copacabana,-22.9698,-43.1868,25.83,46.0,,46.12,79.68,,0.39,,26.34,28.88,24.3,83.99,65.94,0.0,-2.06,-0.22,3023.35,,84.1,88.69,72.08,91.53,45.7,96.51,61.87,42265.0,68316.0,80.7,Boa,0,0,0
2024-04-07,4,98,Copacabana,V,V — Copacabana,-22.9698,-43.1868,26.88,50.0,,32.16,59.47,,0.28,,25.75,28.45,24.15,87.91,72.87,0.0,2.46,0.12,3049.7,,84.1,88.69,72.08,91.53,45.7,96.51,61.87,42265.0,68316.0,80.7,Boa,0,0,0
2024-04-08,4,99,Copacabana,V,V — Copacabana,-22.9698,-43.1868,30.75,50.0,,25.42,57.54,,0.39,,26.57,29.33,24.17,83.54,72.3,0.0,9.48,0.45,3078.52,,84.1,88.69,72.08,91.53,45.7,96.51,61.87,42265.0,68316.0,80.7,Boa,0,0,0
2024-04-09,4,100,Copacabana,V,V — Copacabana,-22.9698,-43.1868,45.83,67.0,,30.55,65.46,,0.31,,26.65,28.65,24.85,87.28,74.95,0.0,6.68,-0.01,3116.81,,84.1,88.69,72.08,91.53,45.7,96.51,61.87,42265.0,68316.0,80.7,Boa,0,0,0
2024-04-10,4,101,Copacabana,V,V — Copacabana,-22.9698,-43.1868,44.12,79.0,,26.81,75.29,,0.47,,26.55,30.58,24.28,87.76,65.12,0.0,-1.27,-0.02,3161.78,,84.1,88.69,72.08,91.53,45.7,96.51,61.87,42265.0,68316.0,80.7,Boa,0,0,0
2024-04-11,4,102,Copacabana,V,V — Copacabana,-22.9698,-43.1868,43.29,70.0,,30.2,75.3,,0.46,,26.6,28.67,24.98,91.62,81.36,0.0,-8.04,-0.07,3205.49,,84.1,88.69,72.08,91.53,45.7,96.51,61.87,42265.0,68316.0,80.7,Boa,0,0,0
2024-04-12,4,103,Copacabana,V,V — Copacabana,-22.9698,-43.1868,28.04,53.0,,22.79,48.98,,0.3,,26.41,29.85,24.42,88.57,69.92,0.0,-8.5,0.02,3241.16,,84.1,88.69,72.08,91.53,45.7,96.51,61.87,42265.0,68316.0,80.7,Boa,0,0,0
2024-04-13,4,104,Copacabana,V,V — Copacabana,-22.9698,-43.1868,26.29,38.0,,25.86,44.59,,0.17,,26.65,29.57,24.48,82.23,68.45,0.0,-2.48,-0.38,3268.32,,84.1,88.69,72.08,91.53,45.7,96.51,61.87,42265.0,68316.0,80.7,Boa,0,0,0
2024-04-14,4,105,Copacabana,V,V — Copacabana,-22.9698,-43.1868,23.08,38.0,,29.97,42.77,,0.37,,25.64,27.65,24.17,85.56,77.75,0.0,2.39,-0.1,3293.0,,84.1,88.69,72.08,91.53,45.7,96.51,61.87,42265.0,68316.0,80.7,Boa,0,0,0
2024-04-15,4,106,Copacabana,V,V — Copacabana,-22.9698,-43.1868,31.08,49.0,,27.0,54.74,,0.34,,26.45,29.62,24.4,80.08,69.05,0.0,2.48,0.74,3320.08,,84.1,88.69,72.08,91.53,45.7,96.51,61.87,42265.0,68316.0,80.7,Boa,0,0,0
2024-04-16,4,107,Copacabana,V,V — Copacabana,-22.9698,-43.1868,28.04,51.0,,23.51,46.45,,0.32,,27.13,30.87,24.6,79.62,65.67,0.0,2.82,0.54,3349.64,,84.1,88.69,72.08,91.53,45.7,96.51,61.87,42265.0,68316.0,80.7,Boa,0,0,0
2024-04-17,4,108,Copacabana,V,V — Copacabana,-22.9698,-43.1868,36.71,58.0,,24.76,65.75,,0.34,,27.53,31.67,24.8,74.86,57.4,0.0,1.5,-1.32,3382.02,,84.1,88.69,72.08,91.53,45.7,96.51,61.87,42265.0,68316.0,80.7,Boa,0,0,0
2024-04-18,4,109,Copacabana,V,V — Copacabana,-22.9698,-43.1868,31.04,64.0,,34.29,74.01,,0.38,,24.49,27.42,21.38,80.98,71.08,0.8,-1.86,-1.77,3415.89,,84.1,88.69,72.08,91.53,45.7,96.51,61.87,42265.0,68316.0,80.7,Boa,0,0,0
2024-04-19,4,110,Copacabana,V,V — Copacabana,-22.9698,-43.1868,33.0,40.0,,22.74,39.4,,0.3,,23.99,26.23,21.55,70.21,53.62,0.0,0.61,-0.33,3447.91,,84.1,88.69,72.08,91.53,45.7,96.51,61.87,42265.0,68316.0,80.7,Boa,0,0,0
2024-04-20,4,111,Copacabana,V,V — Copacabana,-22.9698,-43.1868,32.25,52.0,,30.63,60.53,,0.25,,23.83,27.13,21.5,73.62,57.27,0.0,-3.04,0.18,3480.54,,84.1,88.69,72.08,91.53,45.7,96.51,61.87,42265.0,68316.0,80.7,Boa,0,0,0
2024-04-21,4,112,Copacabana,V,V — Copacabana,-22.9698,-43.1868,26.92,45.0,,33.35,74.19,,0.29,,24.35,27.3,21.85,70.23,59.3,0.0,-1.39,0.75,3510.12,,84.1,88.69,72.08,91.53,45.7,96.51,61.87,42265.0,68316.0,80.7,Boa,0,0,0
2024-04-22,4,113,Copacabana,V,V — Copacabana,-22.9698,-43.1868,29.46,52.0,,23.13,56.57,,0.34,,25.33,28.97,21.72,70.9,53.12,0.0,7.79,1.25,3538.31,,84.1,88.69,72.08,91.53,45.7,96.51,61.87,42265.0,68316.0,80.7,Boa,0,0,0
2024-04-23,4,114,Copacabana,V,V — Copacabana,-22.9698,-43.1868,42.5,63.0,,34.26,105.46,,0.51,,26.86,33.07,23.08,73.99,50.8,0.0,14.96,1.34,3574.29,,84.1,88.69,72.08,91.53,45.7,96.51,61.87,42265.0,68316.0,80.7,Boa,0,0,0
2024-04-24,4,115,Copacabana,V,V — Copacabana,-22.9698,-43.1868,59.38,102.0,,41.0,122.91,,0.54,,28.01,35.42,23.77,70.62,48.22,0.0,0.71,-0.37,3625.23,,84.1,88.69,72.08,91.53,45.7,96.51,61.87,42265.0,68316.0,80.7,Boa,0,1,0
2024-04-25,4,116,Copacabana,V,V — Copacabana,-22.9698,-43.1868,43.92,74.0,,40.52,71.04,,0.44,,26.12,28.4,24.92,82.44,73.47,0.0,-4.94,-1.33,3676.88,,84.1,88.69,72.08,91.53,45.7,96.51,61.87,42265.0,68316.0,80.7,Boa,0,0,0
2024-04-26,4,117,Copacabana,V,V — Copacabana,-22.9698,-43.1868,49.5,95.0,,27.65,44.0,,0.3,,25.36,27.72,24.25,78.77,69.67,0.0,-3.05,0.42,3723.6,,84.1,88.69,72.08,91.53,45.7,96.51,61.87,42265.0,68316.0,80.7,Boa,0,1,0
2024-04-27,4,118,Copacabana,V,V — Copacabana,-22.9698,-43.1868,37.83,71.0,,23.48,68.87,,0.37,,26.96,33.03,23.0,71.88,52.83,0.0,-3.0,1.85,3767.26,,84.1,88.69,72.08,91.53,45.7,96.51,61.87,42265.0,68316.0,80.7,Boa,0,0,0
2024-04-28,4,119,Copacabana,V,V — Copacabana,-22.9698,-43.1868,43.5,57.0,,38.35,100.38,,0.54,,29.05,35.5,25.8,66.76,46.87,0.0,5.05,0.04,3807.92,,84.1,88.69,72.08,91.53,45.7,96.51,61.87,42265.0,68316.0,80.7,Boa,0,0,0
2024-04-29,4,120,Copacabana,V,V — Copacabana,-22.9698,-43.1868,47.92,67.0,,40.0,99.07,,0.64,,27.05,30.83,25.12,81.43,66.48,0.0,5.04,-0.45,3853.64,,84.1,88.69,72.08,91.53,45.7,96.51,61.87,42265.0,68316.0,80.7,Boa,0,0,0
2024-04-30,4,121,Copacabana,V,V — Copacabana,-22.9698,-43.1868,53.58,107.0,,32.05,85.17,,0.38,,28.16,32.78,24.5,77.04,59.67,0.0,0.93,0.81,3904.38,,84.1,88.69,72.08,91.53,45.7,96.51,61.87,42265.0,68316.0,80.7,Boa,0,1,0
2024-05-01,5,122,Copacabana,V,V — Copacabana,-22.9698,-43.1868,49.79,85.0,,33.29,90.68,,0.49,,28.67,34.83,25.25,73.57,49.48,0.0,3.42,1.22,3956.07,,84.1,88.69,72.08,91.53,45.7,96.51,61.87,42265.0,68316.0,68.18,Regular,0,1,0
2024-05-02,5,123,Copacabana,V,V — Copacabana,-22.9698,-43.1868,60.42,77.0,,23.79,76.72,,0.64,,30.6,37.37,26.17,64.81,41.78,0.0,-1.31,-0.18,4011.18,,84.1,88.69,72.08,91.53,45.7,96.51,61.87,42265.0,68316.0,68.18,Regular,0,0,0
2024-05-03,5,124,Copacabana,V,V — Copacabana,-22.9698,-43.1868,47.17,87.0,,24.32,54.13,,0.5,,28.31,32.58,25.53,70.68,53.6,0.0,-2.69,-1.83,4064.97,,84.1,88.69,72.08,91.53,45.7,96.51,61.87,42265.0,68316.0,68.18,Regular,0,1,0
2024-05-04,5,125,Copacabana,V,V — Copacabana,-22.9698,-43.1868,55.04,76.0,,29.98,75.46,,0.57,,26.95,30.6,24.22,82.11,65.3,0.0,-3.89,-0.62,4116.08,,84.1,88.69,72.08,91.53,45.7,96.51,61.87,42265.0,68316.0,68.18,Regular,0,0,0
2024-05-05,5,126,Copacabana,V,V — Copacabana,-22.9698,-43.1868,39.38,64.0,,31.43,102.53,,0.43,,27.08,30.02,24.23,75.94,59.0,0.0,-11.04,0.08,4163.28,,84.1,88.69,72.08,91.53,45.7,96.51,61.87,42265.0,68316.0,68.18,Regular,0,0,0
2024-05-06,5,127,Copacabana,V,V — Copacabana,-22.9698,-43.1868,32.96,58.0,,16.28,45.53,,0.44,,27.1,30.77,24.07,74.88,53.1,0.0,7.58,0.65,4199.46,,84.1,88.69,72.08,91.53,45.7,96.51,61.87,42265.0,68316.0,68.18,Regular,0,0,0
2024-05-07,5,128,Copacabana,V,V — Copacabana,-22.9698,-43.1868,54.55,106.0,,14.84,46.7,,0.47,,28.38,34.28,24.5,67.03,45.47,0.0,9.3,0.63,4243.21,,84.1,88.69,72.08,91.53,45.7,96.51,61.87,42265.0,68316.0,68.18,Regular,0,1,0
2024-05-08,5,129,Copacabana,V,V — Copacabana,-22.9698,-43.1868,51.57,101.0,,19.04,59.64,,0.47,,28.37,34.05,24.95,65.74,44.57,0.0,0.37,0.62,4296.27,,84.1,88.69,72.08,91.53,45.7,96.51,61.87,42265.0,68316.0,68.18,Regular,0,1,0
2024-05-09,5,130,Copacabana,V,V — Copacabana,-22.9698,-43.1868,55.29,76.0,,41.18,94.65,,0.44,,29.63,36.1,25.93,59.3,40.87,0.0,-1.93,0.74,4349.7,,84.1,88.69,72.08,91.53,45.7,96.51,61.87,42265.0,68316.0,68.18,Regular,0,0,0
2024-05-10,5,131,Copacabana,V,V — Copacabana,-22.9698,-43.1868,47.71,63.0,,48.96,88.8,,,,29.85,,,62.22,,0.0,12.36,0.22,4401.2,,84.1,88.69,72.08,91.53,45.7,96.51,61.87,42265.0,68316.0,68.18,Regular,0,0,1
2024-05-11,5,132,Copacabana,V,V — Copacabana,-22.9698,-43.1868,80.0,128.0,,53.055,111.17,,,,30.07,34.12,27.23,65.14,52.9,0.0,7.5,-0.58,4465.06,,84.1,88.69,72.08,91.53,45.7,96.51,61.87,42265.0,68316.0,68.18,Regular,0,1,1
2024-05-12,5,133,Copacabana,V,V — Copacabana,-22.9698,-43.1868,62.71,108.0,,57.15,148.13,,0.42,,28.7,35.8,25.4,67.21,41.08,0.0,-4.09,-0.15,4536.41,,84.1,88.69,72.08,91.53,45.7,96.51,61.87,42265.0,68316.0,68.18,Regular,0,1,0
2024-05-13,5,134,Copacabana,V,V — Copacabana,-22.9698,-43.1868,71.83,116.0,,34.35,111.33,,0.6,,29.77,37.48,25.18,58.34,27.45,0.0,-11.82,-1.03,4603.68,,84.1,88.69,72.08,91.53,45.7,96.51,61.87,42265.0,68316.0,68.18,Regular,0,1,0
2024-05-14,5,135,Copacabana,V,V — Copacabana,-22.9698,-43.1868,39.08,67.0,,36.44,75.09,,0.35,,26.64,29.3,23.67,77.05,55.42,0.0,-27.64,-3.36,4659.14,,84.1,88.69,72.08,91.53,45.7,96.51,61.87,42265.0,68316.0,68.18,Regular,0,0,0
2024-05-15,5,136,Copacabana,V,V — Copacabana,-22.9698,-43.1868,16.54,30.0,,29.62,48.07,,0.26,,23.04,24.43,21.37,93.3,86.22,0.0,-3.93,-1.23,4686.95,,84.1,88.69,72.08,91.53,45.7,96.51,61.87,42265.0,68316.0,68.18,Regular,0,0,0
2024-05-16,5,137,Copacabana,V,V — Copacabana,-22.9698,-43.1868,31.21,73.0,,28.22,41.42,,0.23,,24.18,26.87,21.33,91.32,81.82,0.0,24.38,2.67,4710.82,,84.1,88.69,72.08,91.53,45.7,96.51,61.87,42265.0,68316.0,68.18,Regular,0,0,0
2024-05-17,5,138,Copacabana,V,V — Copacabana,-22.9698,-43.1868,65.29,109.0,,27.47,100.27,,0.68,,28.38,35.6,23.87,74.1,46.18,0.0,14.36,1.64,4759.07,,84.1,88.69,72.08,91.53,45.7,96.51,61.87,42265.0,68316.0,68.18,Regular,0,1,0
2024-05-18,5,139,Copacabana,V,V — Copacabana,-22.9698,-43.1868,59.92,89.0,,37.32,79.93,,0.39,,27.46,31.17,24.87,74.1,62.52,0.0,-5.38,-1.15,4821.68,,84.1,88.69,72.08,91.53,45.7,96.51,61.87,42265.0,68316.0,68.18,Regular,0,1,0
2024-05-19,5,140,Copacabana,V,V — Copacabana,-22.9698,-43.1868,54.54,81.0,,37.22,69.06,,0.38,,26.08,29.2,24.5,86.13,73.55,0.0,-5.42,-0.59,4878.9,,84.1,88.69,72.08,91.53,45.7,96.51,61.87,42265.0,68316.0,68.18,Regular,0,0,0
2024-05-20,5,141,Copacabana,V,V — Copacabana,-22.9698,-43.1868,49.08,82.0,,40.93,77.86,,0.37,,26.28,31.52,24.07,82.69,62.9,0.0,-12.64,-0.75,4930.72,,84.1,88.69,72.08,91.53,45.7,96.51,61.87,42265.0,68316.0,68.18,Regular,0,0,0
2024-05-21,5,142,Copacabana,V,V — Copacabana,-22.9698,-43.1868,29.25,43.0,,28.22,41.4,,0.2,,24.57,25.53,23.0,83.17,71.15,1.2,-6.25,-0.57,4969.88,,84.1,88.69,72.08,91.53,45.7,96.51,61.87,42265.0,68316.0,68.18,Regular,0,0,0
2024-05-22,5,143,Copacabana,V,V — Copacabana,-22.9698,-43.1868,36.58,71.0,,29.15,57.05,,0.22,,25.14,28.88,22.63,80.71,67.37,0.0,6.02,0.93,5002.8,,84.1,88.69,72.08,91.53,45.7,96.51,61.87,42265.0,68316.0,68.18,Regular,0,0,0
2024-05-23,5,144,Copacabana,V,V — Copacabana,-22.9698,-43.1868,41.29,62.0,,29.41,84.03,,0.37,,26.43,32.53,22.8,75.82,49.32,0.0,11.07,0.99,5041.73,,84.1,88.69,72.08,91.53,45.7,96.51,61.87,42265.0,68316.0,68.18,Regular,0,0,0
2024-05-24,5,145,Copacabana,V,V — Copacabana,-22.9698,-43.1868,58.71,90.0,,34.62,89.9,,0.49,,27.13,33.37,23.82,70.97,49.7,0.0,-4.64,-1.07,5091.73,,84.1,88.69,72.08,91.53,45.7,96.51,61.87,42265.0,68316.0,68.18,Regular,0,1,0
2024-05-25,5,146,Copacabana,V,V — Copacabana,-22.9698,-43.1868,32.0,45.0,,32.2,52.79,,0.2,,24.29,26.53,21.47,80.81,70.5,1.4,-21.92,-3.37,5137.08,,84.1,88.69,72.08,91.53,45.7,96.51,61.87,42265.0,68316.0,68.18,Regular,0,0,0
2024-05-26,5,147,Copacabana,V,V — Copacabana,-22.9698,-43.1868,14.87,28.0,,34.77,51.55,,0.13,,20.39,21.38,19.97,97.24,96.48,24.6,0.29,-0.91,5160.52,,84.1,88.69,72.08,91.53,45.7,96.51,61.87,42265.0,68316.0,68.18,Regular,0,0,0
2024-05-27,5,148,Copacabana,V,V — Copacabana,-22.9698,-43.1868,32.58,56.0,,13.67,24.65,,,,22.47,,,93.08500000000001,,0.0,9.53,2.08,5184.25,,84.1,88.69,72.08,91.53,45.7,96.51,61.87,42265.0,68316.0,68.18,Regular,0,0,1
2024-05-28,5,149,Copacabana,V,V — Copacabana,-22.9698,-43.1868,33.92,67.0,,27.93,51.53,,0.3,,24.55,29.88,22.33,88.93,67.68,0.0,-4.23,-0.17,5217.5,,84.1,88.69,72.08,91.53,45.7,96.51,61.87,42265.0,68316.0,68.18,Regular,0,0,0
2024-05-29,5,150,Copacabana,V,V — Copacabana,-22.9698,-43.1868,24.12,43.0,,36.2,48.48,,0.16,,22.12,22.88,21.2,80.26,71.67,0.2,-5.32,-1.17,5246.52,,84.1,88.69,72.08,91.53,45.7,96.51,61.87,42265.0,68316.0,68.18,Regular,0,0,0
2024-05-30,5,151,Copacabana,V,V — Copacabana,-22.9698,-43.1868,23.29,38.0,,50.12,67.41,,0.09,,22.21,25.98,20.28,67.95,51.08,0.0,5.33,-0.56,5270.22,,84.1,88.69,72.08,91.53,45.7,96.51,61.87,42265.0,68316.0,68.18,Regular,0,0,0
2024-05-31,5,152,Copacabana,V,V — Copacabana,-22.9698,-43.1868,34.79,51.0,,21.34,42.68,,0.3,,21.0,22.68,18.93,86.91,79.66,2.0,2.77,-0.07,5299.26,,84.1,88.69,72.08,91.53,45.7,96.51,61.87,42265.0,68316.0,68.18,Regular,0,0,0
2024-06-01,6,153,Copacabana,V,V — Copacabana,-22.9698,-43.1868,28.83,38.0,,32.37,54.84,,,,22.08,,,82.60333333333332,,0.0,-5.04,1.08,5331.07,,84.1,88.69,72.08,91.53,45.7,96.51,61.87,42265.0,68316.0,69.79,Regular,0,0,1
2024-06-02,6,154,Copacabana,V,V — Copacabana,-22.9698,-43.1868,24.71,32.0,,33.9,63.81,,,,23.16,,,78.29666666666667,,0.0,4.23,1.08,5357.84,,84.1,88.69,72.08,91.53,45.7,96.51,61.87,42265.0,68316.0,69.79,Regular,0,0,1
2024-06-03,6,155,Copacabana,V,V — Copacabana,-22.9698,-43.1868,37.29,68.0,,21.29,72.83,,0.43,,24.24,29.4,20.75,73.99,49.95,0.0,13.04,0.19,5388.84,,84.1,88.69,72.08,91.53,45.7,96.51,61.87,42265.0,68316.0,69.79,Regular,0,0,0
2024-06-04,6,156,Copacabana,V,V — Copacabana,-22.9698,-43.1868,50.79,119.0,,35.35,72.15,,0.47,,23.54,26.2,22.0,87.8,72.82,0.0,-4.7,-0.78,5432.88,,84.1,88.69,72.08,91.53,45.7,96.51,61.87,42265.0,68316.0,69.79,Regular,0,1,0
2024-06-05,6,157,Copacabana,V,V — Copacabana,-22.9698,-43.1868,27.88,39.0,,29.07,55.52,,0.35,,22.67,25.15,21.0,88.47,78.25,0.0,-9.41,-0.24,5472.22,,84.1,88.69,72.08,91.53,45.7,96.51,61.87,42265.0,68316.0,69.79,Regular,0,0,0
2024-06-06,6,158,Copacabana,V,V — Copacabana,-22.9698,-43.1868,31.96,67.0,,32.18,56.61,,0.37,,23.06,28.73,20.18,85.31,59.15,0.0,12.87,0.51,5502.14,,84.1,88.69,72.08,91.53,45.7,96.51,61.87,42265.0,68316.0,69.79,Regular,0,0,0
2024-06-07,6,159,Copacabana,V,V — Copacabana,-22.9698,-43.1868,53.62,95.0,,29.81,103.69,,0.54,,23.7,28.62,21.23,85.69,58.53,0.0,12.81,0.34,5544.93,,84.1,88.69,72.08,91.53,45.7,96.51,61.87,42265.0,68316.0,69.79,Regular,0,1,0
2024-06-08,6,160,Copacabana,V,V — Copacabana,-22.9698,-43.1868,57.58,100.0,,35.83,97.03,,0.63,,23.735,,,91.66,78.22,0.0,-10.12,0.04,5600.53,,84.1,88.69,72.08,91.53,45.7,96.51,61.87,42265.0,68316.0,69.79,Regular,0,1,1
2024-06-09,6,161,Copacabana,V,V — Copacabana,-22.9698,-43.1868,33.38,52.0,,31.09,74.91,,0.58,,23.77,28.55,21.42,83.57,62.28,0.0,-2.18,0.74,5646.01,,84.1,88.69,72.08,91.53,45.7,96.51,61.87,42265.0,68316.0,69.79,Regular,0,0,0
2024-06-10,6,162,Copacabana,V,V — Copacabana,-22.9698,-43.1868,53.21,80.0,,19.72,83.11,,0.85,,25.21,31.33,21.32,77.05,49.53,0.0,11.16,0.8,5689.3,,84.1,88.69,72.08,91.53,45.7,96.51,61.87,42265.0,68316.0,69.79,Regular,0,0,0
2024-06-11,6,163,Copacabana,V,V — Copacabana,-22.9698,-43.1868,55.71,74.0,,37.84,82.72,,0.57,,25.38,31.63,21.97,70.83,41.67,0.0,3.3,-0.44,5743.76,,84.1,88.69,72.08,91.53,45.7,96.51,61.87,42265.0,68316.0,69.79,Regular,0,0,0
2024-06-12,6,164,Copacabana,V,V — Copacabana,-22.9698,-43.1868,59.82,90.0,,29.04,73.03,,0.56,,24.33,28.02,21.33,78.48,59.62,0.0,-2.36,-0.49,5801.53,,84.1,88.69,72.08,91.53,45.7,96.51,61.87,42265.0,68316.0,69.79,Regular,0,1,0
2024-06-13,6,165,Copacabana,V,V — Copacabana,-22.9698,-43.1868,51.0,97.0,,28.45,96.7,,0.54,,24.4,30.23,20.7,76.14,50.48,0.0,-3.5,0.66,5856.94,,84.1,88.69,72.08,91.53,45.7,96.51,61.87,42265.0,68316.0,69.79,Regular,0,1,0
2024-06-14,6,166,Copacabana,V,V — Copacabana,-22.9698,-43.1868,52.83,77.0,,18.74,53.33,,0.74,,25.64,33.02,20.77,64.52,37.47,0.0,4.04,0.89,5908.85,,84.1,88.69,72.08,91.53,45.7,96.51,61.87,42265.0,68316.0,69.79,Regular,0,0,0
2024-06-15,6,167,Copacabana,V,V — Copacabana,-22.9698,-43.1868,59.08,81.0,,20.87,72.0,,0.8,,26.18,32.63,22.13,59.35,35.52,0.0,-2.36,0.05,5964.81,,84.1,88.69,72.08,91.53,45.7,96.51,61.87,42265.0,68316.0,69.79,Regular,0,0,0
2024-06-16,6,168,Copacabana,V,V — Copacabana,-22.9698,-43.1868,48.12,81.0,,40.73,157.38,,0.55,,25.74,32.22,21.78,66.21,44.52,0.0,-1.95,0.21,6018.41,,84.1,88.69,72.08,91.53,45.7,96.51,61.87,42265.0,68316.0,69.79,Regular,0,0,0
2024-06-17,6,169,Copacabana,V,V — Copacabana,-22.9698,-43.1868,55.17,100.0,,21.41,115.27,,0.56,,26.61,33.62,22.72,60.95,36.87,0.0,3.21,0.51,6070.05,,84.1,88.69,72.08,91.53,45.7,96.51,61.87,42265.0,68316.0,69.79,Regular,0,1,0
2024-06-18,6,170,Copacabana,V,V — Copacabana,-22.9698,-43.1868,54.54,80.0,,31.74,89.86,,0.62,,26.75,32.53,23.1,53.1,36.03,0.0,2.83,-0.67,6124.91,,84.1,88.69,72.08,91.53,45.7,96.51,61.87,42265.0,68316.0,69.79,Regular,0,0,0
2024-06-19,6,171,Copacabana,V,V — Copacabana,-22.9698,-43.1868,60.83,104.0,,31.62,76.62,,0.38,,25.26,31.75,21.4,67.67,40.53,0.0,11.5,-0.77,6182.59,,84.1,88.69,72.08,91.53,45.7,96.51,61.87,42265.0,68316.0,69.79,Regular,0,1,0
2024-06-20,6,172,Copacabana,V,V — Copacabana,-22.9698,-43.1868,77.54,139.0,,38.36,115.21,,0.62,,25.21,31.73,21.58,67.36,40.82,0.0,1.77,-0.47,6251.78,,84.1,88.69,72.08,91.53,45.7,96.51,61.87,42265.0,68316.0,69.79,Regular,0,1,0
2024-06-21,6,173,Copacabana,V,V — Copacabana,-22.9698,-43.1868,64.38,97.0,,34.06,103.36,,0.59,,24.32,29.1,20.95,75.0,47.35,0.0,-12.04,0.09,6322.74,,84.1,88.69,72.08,91.53,45.7,96.51,61.87,42265.0,68316.0,69.79,Regular,0,1,0
2024-06-22,6,174,Copacabana,V,V — Copacabana,-22.9698,-43.1868,53.46,127.0,,24.69,78.0,,0.52,,25.4,30.83,21.38,69.65,47.15,0.0,-12.58,1.51,6381.66,,84.1,88.69,72.08,91.53,45.7,96.51,61.87,42265.0,68316.0,69.79,Regular,0,1,0
2024-06-23,6,175,Copacabana,V,V — Copacabana,-22.9698,-43.1868,39.21,54.0,,23.36,72.24,,0.5,,27.34,33.2,23.18,56.07,36.03,0.0,-3.44,1.21,6427.99,,84.1,88.69,72.08,91.53,45.7,96.51,61.87,42265.0,68316.0,69.79,Regular,0,0,0
2024-06-24,6,176,Copacabana,V,V — Copacabana,-22.9698,-43.1868,46.58,67.0,,26.1,120.48,,0.53,,27.83,33.3,23.57,58.73,38.97,0.0,-0.21,-0.87,6470.89,,84.1,88.69,72.08,91.53,45.7,96.51,61.87,42265.0,68316.0,69.79,Regular,0,0,0
2024-06-25,6,177,Copacabana,V,V — Copacabana,-22.9698,-43.1868,38.79,69.0,,54.63,75.97,,0.49,,25.61,28.43,24.22,76.79,60.6,0.0,-3.06,-0.7,6513.57,,84.1,88.69,72.08,91.53,45.7,96.51,61.87,42265.0,68316.0,69.79,Regular,0,0,0
2024-06-26,6,178,Copacabana,V,V — Copacabana,-22.9698,-43.1868,40.46,89.0,,40.23,105.65,,0.44,,26.42,31.93,23.1,74.46,49.7,0.0,7.07,-0.33,6553.2,,84.1,88.69,72.08,91.53,45.7,96.51,61.87,42265.0,68316.0,69.79,Regular,0,1,0
2024-06-27,6,179,Copacabana,V,V — Copacabana,-22.9698,-43.1868,52.92,82.0,,34.47,61.48,,0.53,,24.95,27.07,23.07,79.35,62.47,0.0,10.81,-0.39,6599.89,,84.1,88.69,72.08,91.53,45.7,96.51,61.87,42265.0,68316.0,69.79,Regular,0,0,0
2024-06-28,6,180,Copacabana,V,V — Copacabana,-22.9698,-43.1868,62.08,127.0,,30.85,70.7,,0.55,,25.64,30.47,22.68,79.55,58.42,0.0,6.2,0.17,6657.39,,84.1,88.69,72.08,91.53,45.7,96.51,61.87,42265.0,68316.0,69.79,Regular,0,1,0
2024-06-29,6,181,Copacabana,V,V — Copacabana,-22.9698,-43.1868,65.33,129.0,,34.42,69.51,,0.48,,25.29,29.8,22.52,77.73,51.47,0.0,-19.73,-2.8,6721.09,,84.1,88.69,72.08,91.53,45.7,96.51,61.87,42265.0,68316.0,69.79,Regular,0,1,0
2024-06-30,6,182,Copacabana,V,V — Copacabana,-22.9698,-43.1868,22.62,35.0,,46.53,54.41,,0.45,,20.03,22.03,19.0,91.65,82.32,3.0,-16.22,-3.0,6765.07,,84.1,88.69,72.08,91.53,45.7,96.51,61.87,42265.0,68316.0,69.79,Regular,0,0,0
2024-07-01,7,183,Copacabana,V,V — Copacabana,-22.9698,-43.1868,32.88,54.0,,13.65,28.74,,0.14,,19.28,21.32,18.02,94.95,83.07,11.6,8.69,0.8,6792.82,,84.1,88.69,72.08,91.53,45.7,96.51,61.87,42265.0,68316.0,73.12,Boa,0,0,0
2024-07-02,7,184,Copacabana,V,V — Copacabana,-22.9698,-43.1868,40.0,56.0,,22.27,58.9,,0.46,,21.64,25.12,18.9,90.06,71.05,0.0,21.56,2.21,6829.26,,84.1,88.69,72.08,91.53,45.7,96.51,61.87,42265.0,68316.0,73.12,Boa,0,0,0
2024-07-03,7,185,Copacabana,V,V — Copacabana,-22.9698,-43.1868,76.0,101.0,,10.77,26.49,,0.74,,23.7,28.42,20.45,83.5,65.22,0.0,9.77,2.1,6887.26,,84.1,88.69,72.08,91.53,45.7,96.51,61.87,42265.0,68316.0,73.12,Boa,0,1,0
2024-07-04,7,186,Copacabana,V,V — Copacabana,-22.9698,-43.1868,59.54,92.0,,15.91,51.18,,0.78,,25.84,31.43,22.75,74.14,49.05,0.0,3.04,0.73,6955.03,,84.1,88.69,72.08,91.53,45.7,96.51,61.87,42265.0,68316.0,73.12,Boa,0,1,0
2024-07-05,7,187,Copacabana,V,V — Copacabana,-22.9698,-43.1868,82.08,138.0,,21.41,65.9,,0.92,,25.16,30.98,22.68,77.14,45.6,0.0,-1.62,-1.2,7025.84,,84.1,88.69,72.08,91.53,45.7,96.51,61.87,42265.0,68316.0,73.12,Boa,0,1,0
2024-07-06,7,188,Copacabana,V,V — Copacabana,-22.9698,-43.1868,56.29,118.0,,28.7,43.65,,0.47,,23.45,24.98,21.93,79.55,67.98,0.0,-12.04,-0.94,7095.02,,84.1,88.69,72.08,91.53,45.7,96.51,61.87,42265.0,68316.0,73.12,Boa,0,1,0
2024-07-07,7,189,Copacabana,V,V — Copacabana,-22.9698,-43.1868,58.0,98.0,,31.04,58.01,,0.41,,23.29,26.1,21.48,84.17,68.3,0.0,-8.31,-0.38,7152.17,,84.1,88.69,72.08,91.53,45.7,96.51,61.87,42265.0,68316.0,73.12,Boa,0,1,0
2024-07-08,7,190,Copacabana,V,V — Copacabana,-22.9698,-43.1868,39.67,64.0,,26.67,45.73,,0.37,,22.68,23.38,21.8,84.61,76.88,0.0,-14.36,-0.66,7201.0,,84.1,88.69,72.08,91.53,45.7,96.51,61.87,42265.0,68316.0,73.12,Boa,0,0,0
2024-07-09,7,191,Copacabana,V,V — Copacabana,-22.9698,-43.1868,29.29,43.0,,21.45,38.23,,0.4,,21.96,23.0,20.67,88.83,83.58,3.0,-0.53,0.15,7235.48,,84.1,88.69,72.08,91.53,45.7,96.51,61.87,42265.0,68316.0,73.12,Boa,0,0,0
2024-07-10,7,192,Copacabana,V,V — Copacabana,-22.9698,-43.1868,38.62,58.0,,20.03,53.68,,0.45,,22.99,28.2,20.63,89.65,66.23,5.6,10.5,0.3,7269.44,,84.1,88.69,72.08,91.53,45.7,96.51,61.87,42265.0,68316.0,73.12,Boa,0,0,0
2024-07-11,7,193,Copacabana,V,V — Copacabana,-22.9698,-43.1868,50.29,114.0,,21.57,34.1,,0.55,,22.56,24.27,21.12,93.16,83.85,0.2,-1.64,0.08,7313.89,,84.1,88.69,72.08,91.53,45.7,96.51,61.87,42265.0,68316.0,73.12,Boa,0,1,0
2024-07-12,7,194,Copacabana,V,V — Copacabana,-22.9698,-43.1868,35.33,65.0,,19.08,29.8,,0.46,,23.15,24.3,22.25,90.74,83.48,0.0,-14.56,-0.7,7356.7,,84.1,88.69,72.08,91.53,45.7,96.51,61.87,42265.0,68316.0,73.12,Boa,0,0,0
2024-07-13,7,195,Copacabana,V,V — Copacabana,-22.9698,-43.1868,21.17,32.0,,17.64,30.46,,0.37,,21.15,22.67,20.53,95.97,85.27,20.0,-3.91,-0.37,7384.95,,84.1,88.69,72.08,91.53,45.7,96.51,61.87,42265.0,68316.0,73.12,Boa,0,0,0
2024-07-14,7,196,Copacabana,V,V — Copacabana,-22.9698,-43.1868,27.5,40.0,,29.27,66.94,,0.3,,22.41,27.78,20.63,90.41,65.8,0.0,3.75,0.34,7409.29,,84.1,88.69,72.08,91.53,45.7,96.51,61.87,42265.0,68316.0,73.12,Boa,0,0,0
2024-07-15,7,197,Copacabana,V,V — Copacabana,-22.9698,-43.1868,28.67,37.0,,22.17,28.44,,0.31,,21.83,23.23,20.9,87.45,79.5,0.0,7.86,-0.29,7437.37,,84.1,88.69,72.08,91.53,45.7,96.51,61.87,42265.0,68316.0,73.12,Boa,0,0,0
2024-07-16,7,198,Copacabana,V,V — Copacabana,-22.9698,-43.1868,43.22,79.0,,25.95,45.15,,0.35,,21.84,25.33,20.08,87.23,72.85,0.0,11.75,0.07,7473.32,,84.1,88.69,72.08,91.53,45.7,96.51,61.87,42265.0,68316.0,73.12,Boa,0,0,0
2024-07-17,7,199,Copacabana,V,V — Copacabana,-22.9698,-43.1868,52.17,61.0,,23.57,43.12,,0.36,,21.96,24.82,20.4,87.08,76.26,0.0,8.95,0.1,7521.01,,84.1,88.69,72.08,91.53,45.7,96.51,61.87,42265.0,68316.0,73.12,Boa,1,0,1
2024-07-18,7,200,Copacabana,V,V — Copacabana,-22.9698,-43.1868,61.12,120.0,,25.12,52.79,,0.45,,22.04,26.88,20.2,87.84,69.82,0.0,-8.3,-0.01,7577.66,,84.1,88.69,72.08,91.53,45.7,96.51,61.87,42265.0,68316.0,73.12,Boa,0,1,0
2024-07-19,7,201,Copacabana,V,V — Copacabana,-22.9698,-43.1868,35.58,55.0,,22.18,40.95,,0.35,,21.94,25.88,20.02,79.08,60.83,0.0,-9.58,-0.49,7626.01,,84.1,88.69,72.08,91.53,45.7,96.51,61.87,42265.0,68316.0,73.12,Boa,0,0,0
2024-07-20,7,202,Copacabana,V,V — Copacabana,-22.9698,-43.1868,41.96,84.0,,28.7,59.07,,0.39,,21.05,25.48,18.6,79.56,56.05,0.0,-0.68,-0.27,7664.78,,84.1,88.69,72.08,91.53,45.7,96.51,61.87,42265.0,68316.0,73.12,Boa,0,1,0
2024-07-21,7,203,Copacabana,V,V — Copacabana,-22.9698,-43.1868,34.22,69.0,,37.36,66.65,,0.29,,21.41,24.52,19.33,84.97,67.7,0.0,7.86,0.3,7702.87,,84.1,88.69,72.08,91.53,45.7,96.51,61.87,42265.0,68316.0,73.12,Boa,0,0,0
2024-07-22,7,204,Copacabana,V,V — Copacabana,-22.9698,-43.1868,57.67,95.0,,28.41,64.79,,0.41,,21.66,26.22,19.1,86.76,67.65,0.0,12.54,0.04,7748.81,,84.1,88.69,72.08,91.53,45.7,96.51,61.87,42265.0,68316.0,73.12,Boa,0,1,0
2024-07-23,7,205,Copacabana,V,V — Copacabana,-22.9698,-43.1868,59.3,77.0,,46.41,70.9,,0.38,,21.5,24.52,19.93,81.82,66.75,0.0,-2.19,0.04,7807.3,,84.1,88.69,72.08,91.53,45.7,96.51,61.87,42265.0,68316.0,73.12,Boa,0,0,0
2024-07-24,7,206,Copacabana,V,V — Copacabana,-22.9698,-43.1868,53.29,96.0,,45.36,67.85,,0.35,,21.74,26.82,19.38,86.78,58.33,0.0,-4.8,-0.17,7863.59,,84.1,88.69,72.08,91.53,45.7,96.51,61.87,42265.0,68316.0,73.12,Boa,0,1,0
2024-07-25,7,207,Copacabana,V,V — Copacabana,-22.9698,-43.1868,49.69,88.0,,31.48,85.33,,0.41,,21.16,26.7,19.5,88.81,62.48,0.0,6.29,0.43,7915.08,,84.1,88.69,72.08,91.53,45.7,96.51,61.87,42265.0,68316.0,73.12,Boa,0,1,0
2024-07-26,7,208,Copacabana,V,V — Copacabana,-22.9698,-43.1868,65.86500000000001,86.0,,33.29,63.84,,,,22.595,31.45,23.53,79.625,44.47,0.0,16.18,1.44,7972.86,,84.1,88.69,72.08,91.53,45.7,96.51,61.87,42265.0,68316.0,73.12,Boa,1,1,1
2024-07-27,7,209,Copacabana,V,V — Copacabana,-22.9698,-43.1868,82.04,112.0,,35.1,101.71,,0.68,,24.03,30.07,20.87,70.44,47.45,0.0,7.53,1.4,8046.81,,84.1,88.69,72.08,91.53,45.7,96.51,61.87,42265.0,68316.0,73.12,Boa,0,1,0
2024-07-28,7,210,Copacabana,V,V — Copacabana,-22.9698,-43.1868,80.92,178.0,,25.37,81.61,,0.84,,25.4,32.27,21.02,67.59,43.08,0.0,-11.0,-0.33,8128.29,,84.1,88.69,72.08,91.53,45.7,96.51,61.87,42265.0,68316.0,73.12,Boa,0,1,0
2024-07-29,7,211,Copacabana,V,V — Copacabana,-22.9698,-43.1868,60.04,75.0,,49.67,71.84,,0.48,,23.38,26.02,22.02,81.05,71.28,0.0,-28.36,-2.34,8198.77,,84.1,88.69,72.08,91.53,45.7,96.51,61.87,42265.0,68316.0,73.12,Boa,0,0,0
2024-07-30,7,212,Copacabana,V,V — Copacabana,-22.9698,-43.1868,24.21,40.0,,41.63,77.67,,0.32,,20.71,22.5,18.82,88.66,75.15,0.0,-13.36,-0.81,8240.9,,84.1,88.69,72.08,91.53,45.7,96.51,61.87,42265.0,68316.0,73.12,Boa,0,0,0
2024-07-31,7,213,Copacabana,V,V — Copacabana,-22.9698,-43.1868,33.33,53.0,,33.95,46.35,,0.26,,21.755000000000003,,,83.08,71.3,0.0,5.16,1.04,8269.67,,84.1,88.69,72.08,91.53,45.7,96.51,61.87,42265.0,68316.0,73.12,Boa,0,0,1
2024-08-01,8,214,Copacabana,V,V — Copacabana,-22.9698,-43.1868,34.54,47.0,,36.0,52.39,,0.25,,22.8,26.55,20.08,76.57,64.95,0.0,0.59,0.65,8303.6,,84.1,88.69,72.08,91.53,45.7,96.51,61.87,42265.0,68316.0,75.5,Boa,0,0,0
2024-08-02,8,215,Copacabana,V,V — Copacabana,-22.9698,-43.1868,34.5,52.0,,36.8,54.27,,0.26,,23.05,27.37,19.82,72.63,53.88,0.0,-1.52,0.4,8338.12,,84.1,88.69,72.08,91.53,45.7,96.51,61.87,42265.0,68316.0,75.5,Boa,0,0,0
2024-08-03,8,216,Copacabana,V,V — Copacabana,-22.9698,-43.1868,31.5,57.0,,33.09,51.65,,0.28,,23.6,28.77,19.93,80.23,60.57,0.0,-3.5,1.04,8371.12,,84.1,88.69,72.08,91.53,45.7,96.51,61.87,42265.0,68316.0,75.5,Boa,0,0,0
2024-08-04,8,217,Copacabana,V,V — Copacabana,-22.9698,-43.1868,27.5,52.0,,26.83,55.35,,0.28,,25.13,30.76,21.48,76.41,52.77,0.0,5.54,1.07,8400.62,,84.1,88.69,72.08,91.53,45.7,96.51,61.87,42265.0,68316.0,75.5,Boa,0,0,0
2024-08-05,8,218,Copacabana,V,V — Copacabana,-22.9698,-43.1868,42.58,69.0,,23.1,59.61,,0.42,,25.74,31.68,21.75,72.58,46.65,0.0,14.0,0.38,8435.66,,84.1,88.69,72.08,91.53,45.7,96.51,61.87,42265.0,68316.0,75.5,Boa,0,0,0
2024-08-06,8,219,Copacabana,V,V — Copacabana,-22.9698,-43.1868,55.5,95.0,,21.55,56.64,,0.52,,25.9,31.67,22.58,74.28,46.65,0.0,5.17,1.01,8484.7,,84.1,88.69,72.08,91.53,45.7,96.51,61.87,42265.0,68316.0,75.5,Boa,0,1,0
2024-08-07,8,220,Copacabana,V,V — Copacabana,-22.9698,-43.1868,52.92,76.0,,16.64,45.14,,0.52,,27.76,34.67,23.08,56.46,31.37,0.0,1.11,1.08,8538.91,,84.1,88.69,72.08,91.53,45.7,96.51,61.87,42265.0,68316.0,75.5,Boa,0,0,0
2024-08-08,8,221,Copacabana,V,V — Copacabana,-22.9698,-43.1868,57.71,101.0,,21.64,52.32,,0.57,,28.06,34.67,24.0,53.23,30.35,0.0,3.89,-1.69,8594.23,,84.1,88.69,72.08,91.53,45.7,96.51,61.87,42265.0,68316.0,75.5,Boa,0,1,0
2024-08-09,8,222,Copacabana,V,V — Copacabana,-22.9698,-43.1868,60.71,83.0,,32.3,58.04,,0.5,,24.38,27.82,22.25,81.14,63.18,0.0,-20.38,-4.79,8653.44,,84.1,88.69,72.08,91.53,45.7,96.51,61.87,42265.0,68316.0,75.5,Boa,0,0,0
2024-08-10,8,223,Copacabana,V,V — Copacabana,-22.9698,-43.1868,16.96,36.0,,31.12,47.42,,0.26,,18.48,21.43,16.93,94.25,86.28,0.0,-16.14,-2.42,8692.27,,84.1,88.69,72.08,91.53,45.7,96.51,61.87,42265.0,68316.0,75.5,Boa,0,0,0
2024-08-11,8,224,Copacabana,V,V — Copacabana,-22.9698,-43.1868,28.42,37.0,,31.44,65.91,,0.25,,19.54,24.67,16.12,77.04,49.68,0.0,11.83,0.93,8714.96,,84.1,88.69,72.08,91.53,45.7,96.51,61.87,42265.0,68316.0,75.5,Boa,0,0,0
2024-08-12,8,225,Copacabana,V,V — Copacabana,-22.9698,-43.1868,40.62,78.0,,33.76,57.23,,0.35,,20.34,25.53,17.63,68.35,38.37,0.0,4.77,0.3,8749.48,,84.1,88.69,72.08,91.53,45.7,96.51,61.87,42265.0,68316.0,75.5,Boa,0,0,0
2024-08-13,8,226,Copacabana,V,V — Copacabana,-22.9698,-43.1868,37.96,60.0,,30.86,59.04,,0.24,,20.130000000000003,,,58.58,50.57,0.0,5.05,-0.21,8788.77,,84.1,88.69,72.08,91.53,45.7,96.51,61.87,42265.0,68316.0,75.5,Boa,0,0,1
2024-08-14,8,227,Copacabana,V,V — Copacabana,-22.9698,-43.1868,50.71,100.0,,27.64,58.03,,0.32,,19.92,23.83,16.4,73.15,58.68,0.0,8.18,0.74,8833.11,,84.1,88.69,72.08,91.53,45.7,96.51,61.87,42265.0,68316.0,75.5,Boa,0,1,0
2024-08-15,8,228,Copacabana,V,V — Copacabana,-22.9698,-43.1868,54.33,86.0,,21.84,38.22,,0.39,,21.62,26.67,18.12,82.36,64.07,0.0,8.87,2.23,8885.63,,84.1,88.69,72.08,91.53,45.7,96.51,61.87,42265.0,68316.0,75.5,Boa,0,1,0
2024-08-16,8,229,Copacabana,V,V — Copacabana,-22.9698,-43.1868,68.46,99.0,,20.68,48.17,,0.58,,24.38,30.63,20.15,74.52,50.58,0.0,19.69,1.85,8947.02,,84.1,88.69,72.08,91.53,45.7,96.51,61.87,42265.0,68316.0,75.5,Boa,0,1,0
2024-08-17,8,230,Copacabana,V,V — Copacabana,-22.9698,-43.1868,93.71,111.0,,25.68,70.45,,0.74,,25.33,31.9,20.65,74.41,44.75,0.0,8.11,0.53,9028.11,,84.1,88.69,72.08,91.53,45.7,96.51,61.87,42265.0,68316.0,75.5,Boa,0,1,0
2024-08-18,8,231,Copacabana,V,V — Copacabana,-22.9698,-43.1868,84.67,111.0,,46.71,109.43,,0.74,,25.43,32.52,21.47,71.84,42.98,0.0,-17.77,0.46,9117.3,,84.1,88.69,72.08,91.53,45.7,96.51,61.87,42265.0,68316.0,75.5,Boa,0,1,0
2024-08-19,8,232,Copacabana,V,V — Copacabana,-22.9698,-43.1868,58.17,87.0,,25.3,68.87,,0.48,,26.25,32.03,21.52,63.83,37.88,0.0,-5.52,-0.1,9188.72,,84.1,88.69,72.08,91.53,45.7,96.51,61.87,42265.0,68316.0,75.5,Boa,0,1,0
2024-08-20,8,233,Copacabana,V,V — Copacabana,-22.9698,-43.1868,73.62,99.0,,55.56,76.62,,0.6,,25.23,29.98,22.62,69.27,53.33,0.0,0.33,-1.17,9254.61,,84.1,88.69,72.08,91.53,45.7,96.51,61.87,42265.0,68316.0,75.5,Boa,0,1,0
2024-08-21,8,234,Copacabana,V,V — Copacabana,-22.9698,-43.1868,58.83,78.0,,63.62,97.1,,0.44,,23.91,27.05,22.55,75.53,58.23,0.0,-2.66,0.25,9320.84,,84.1,88.69,72.08,91.53,45.7,96.51,61.87,42265.0,68316.0,75.5,Boa,0,0,0
2024-08-22,8,235,Copacabana,V,V — Copacabana,-22.9698,-43.1868,68.29,107.0,,35.54,81.24,,0.58,,25.73,32.67,21.2,73.37,42.85,0.0,3.65,2.6,9384.4,,84.1,88.69,72.08,91.53,45.7,96.51,61.87,42265.0,68316.0,75.5,Boa,0,1,0
2024-08-23,8,236,Copacabana,V,V — Copacabana,-22.9698,-43.1868,66.12,132.0,,32.78,76.59,,0.71,,29.11,36.44,24.97,50.15,27.13,0.0,-7.59,-0.48,9451.6,,84.1,88.69,72.08,91.53,45.7,96.51,61.87,42265.0,68316.0,75.5,Boa,0,1,0
2024-08-24,8,237,Copacabana,V,V — Copacabana,-22.9698,-43.1868,53.12,76.0,,59.83,74.55,,0.39,,24.77,27.04,23.72,75.45,61.83,0.0,-24.22,-4.02,9511.22,,84.1,88.69,72.08,91.53,45.7,96.51,61.87,42265.0,68316.0,75.5,Boa,0,0,0
2024-08-25,8,238,Copacabana,V,V — Copacabana,-22.9698,-43.1868,17.67,33.0,,46.62,58.12,,0.21,,21.07,23.4,17.67,83.83,75.97,0.0,-14.18,-3.75,9546.62,,84.1,88.69,72.08,91.53,45.7,96.51,61.87,42265.0,68316.0,75.5,Boa,0,0,0
2024-08-26,8,239,Copacabana,V,V — Copacabana,-22.9698,-43.1868,24.75,42.0,,30.72,57.15,,0.24,,17.27,18.5,15.43,82.98,69.13,0.0,6.1,-0.86,9567.83,,84.1,88.69,72.08,91.53,45.7,96.51,61.87,42265.0,68316.0,75.5,Boa,0,0,0
2024-08-27,8,240,Copacabana,V,V — Copacabana,-22.9698,-43.1868,29.88,43.0,,39.4,61.09,,0.24,,19.35,22.87,16.1,67.06,46.1,0.0,4.43,1.95,9595.14,,84.1,88.69,72.08,91.53,45.7,96.51,61.87,42265.0,68316.0,75.5,Boa,0,0,0
2024-08-28,8,241,Copacabana,V,V — Copacabana,-22.9698,-43.1868,33.62,53.0,,40.93,61.39,,0.24,,21.16,24.3,18.27,71.13,60.47,0.0,1.27,1.41,9626.89,,84.1,88.69,72.08,91.53,45.7,96.51,61.87,42265.0,68316.0,75.5,Boa,0,0,0
2024-08-29,8,242,Copacabana,V,V — Copacabana,-22.9698,-43.1868,32.42,44.0,,40.88,61.58,,0.27,,22.17,26.02,18.78,75.63,57.62,0.0,3.21,0.96,9659.91,,84.1,88.69,72.08,91.53,45.7,96.51,61.87,42265.0,68316.0,75.5,Boa,0,0,0
2024-08-30,8,243,Copacabana,V,V — Copacabana,-22.9698,-43.1868,40.04,61.0,,34.03,71.72,,0.43,,23.08,28.72,19.42,70.26,49.75,0.0,16.25,0.49,9696.14,,84.1,88.69,72.08,91.53,45.7,96.51,61.87,42265.0,68316.0,75.5,Boa,0,0,0
2024-08-31,8,244,Copacabana,V,V — Copacabana,-22.9698,-43.1868,64.92,91.0,,42.17,80.34,,0.51,,23.16,27.2,20.2,83.2,69.92,0.0,3.61,0.84,9748.62,,84.1,88.69,72.08,91.53,45.7,96.51,61.87,42265.0,68316.0,75.5,Boa,0,1,0
2024-09-01,9,245,Copacabana,V,V — Copacabana,-22.9698,-43.1868,47.25,66.0,,38.84,66.62,,0.43,,24.75,28.68,21.25,78.13,64.47,0.0,-2.61,0.96,9804.71,,84.1,88.69,72.08,91.53,45.7,96.51,61.87,42265.0,68316.0,65.72,Regular,0,0,0
2024-09-02,9,246,Copacabana,V,V — Copacabana,-22.9698,-43.1868,59.71,69.0,,26.72,74.54,,0.47,,25.08,28.43,22.77,73.68,48.93,0.0,0.25,-0.68,9858.19,,84.1,88.69,72.08,91.53,45.7,96.51,61.87,42265.0,68316.0,65.72,Regular,0,0,0
2024-09-03,9,247,Copacabana,V,V — Copacabana,-22.9698,-43.1868,47.75,68.0,,26.71,33.19,,0.32,,23.4,25.28,22.35,82.31,75.83,0.0,-0.34,-0.38,9911.92,,84.1,88.69,72.08,91.53,45.7,96.51,61.87,42265.0,68316.0,65.72,Regular,0,0,0
2024-09-04,9,248,Copacabana,V,V — Copacabana,-22.9698,-43.1868,59.04,85.0,,20.73,38.08,,0.43,,24.32,27.7,21.53,85.14,72.63,0.0,5.98,0.29,9965.31,,84.1,88.69,72.08,91.53,45.7,96.51,61.87,42265.0,68316.0,65.72,Regular,0,1,0
2024-09-05,9,249,Copacabana,V,V — Copacabana,-22.9698,-43.1868,59.71,98.0,,22.42,42.38,,0.5,,23.97,,,80.96,59.62,0.0,-8.31,-0.35,10024.69,,84.1,88.69,72.08,91.53,45.7,96.51,61.87,42265.0,68316.0,65.72,Regular,0,1,1
2024-09-06,9,250,Copacabana,V,V — Copacabana,-22.9698,-43.1868,42.42,64.0,,22.21,38.15,,0.44,,23.62,24.35,23.02,90.0,83.82,0.0,2.0,0.36,10075.75,,84.1,88.69,72.08,91.53,45.7,96.51,61.87,42265.0,68316.0,65.72,Regular,0,0,0
2024-09-07,9,251,Copacabana,V,V — Copacabana,-22.9698,-43.1868,63.71,84.0,,18.05,35.32,,0.57,,24.69,27.0,22.78,88.55,79.37,0.0,9.1,1.18,10128.82,,84.1,88.69,72.08,91.53,45.7,96.51,61.87,42265.0,68316.0,65.72,Regular,0,1,0
2024-09-08,9,252,Copacabana,V,V — Copacabana,-22.9698,-43.1868,60.62,95.0,,17.73,35.08,,0.53,,25.99,30.5,23.33,81.75,66.18,0.0,-6.91,1.02,10190.98,,84.1,88.69,72.08,91.53,45.7,96.51,61.87,42265.0,68316.0,65.72,Regular,0,1,0
2024-09-09,9,253,Copacabana,V,V — Copacabana,-22.9698,-43.1868,49.88,74.0,,18.46,39.77,,0.45,,26.74,32.28,22.97,75.33,57.15,0.0,-1.12,0.59,10246.23,,84.1,88.69,72.08,91.53,45.7,96.51,61.87,42265.0,68316.0,65.72,Regular,0,0,0
2024-09-10,9,254,Copacabana,V,V — Copacabana,-22.9698,-43.1868,58.38,84.0,,20.97,52.53,,0.54,,27.17,32.08,22.52,68.0,52.17,0.0,15.97,1.75,10300.36,,84.1,88.69,72.08,91.53,45.7,96.51,61.87,42265.0,68316.0,65.72,Regular,0,1,0
2024-09-11,9,255,Copacabana,V,V — Copacabana,-22.9698,-43.1868,81.83,97.0,,20.6,71.09,,0.72,,30.24,37.02,25.53,53.52,30.75,0.0,9.35,1.83,10370.47,,84.1,88.69,72.08,91.53,45.7,96.51,61.87,42265.0,68316.0,65.72,Regular,0,1,0
2024-09-12,9,256,Copacabana,V,V — Copacabana,-22.9698,-43.1868,77.08,97.0,,19.15,48.2,,0.99,,30.83,36.58,26.93,50.09,29.3,0.0,-5.62,0.03,10449.92,,84.1,88.69,72.08,91.53,45.7,96.51,61.87,42265.0,68316.0,65.72,Regular,0,1,0
2024-09-13,9,257,Copacabana,V,V — Copacabana,-22.9698,-43.1868,70.58,93.0,,23.52,55.76,,,,30.299999999999997,,,52.44,,0.0,-2.14,-0.53,10523.75,,84.1,88.69,72.08,91.53,45.7,96.51,61.87,42265.0,68316.0,65.72,Regular,0,1,1
2024-09-14,9,258,Copacabana,V,V — Copacabana,-22.9698,-43.1868,72.79,101.0,,27.83,50.05,,0.52,,29.77,35.08,24.92,54.79,34.97,0.0,-5.72,-2.07,10595.44,,84.1,88.69,72.08,91.53,45.7,96.51,61.87,42265.0,68316.0,65.72,Regular,0,1,0
2024-09-15,9,259,Copacabana,V,V — Copacabana,-22.9698,-43.1868,59.15,69.0,,34.17,44.06,,0.61,,26.16,28.32,24.67,78.9,68.57,0.0,-9.63,-1.95,10661.41,,84.1,88.69,72.08,91.53,45.7,96.51,61.87,42265.0,68316.0,65.72,Regular,0,0,0
2024-09-16,9,260,Copacabana,V,V — Copacabana,-22.9698,-43.1868,53.54,91.0,,30.28,37.18,,0.48,,25.87,30.57,22.83,80.86,61.82,0.0,-17.8,-1.48,10717.75,,84.1,88.69,72.08,91.53,45.7,96.51,61.87,42265.0,68316.0,65.72,Regular,0,1,0
2024-09-17,9,261,Copacabana,V,V — Copacabana,-22.9698,-43.1868,23.54,31.0,,29.5,39.45,,0.54,,23.19,25.07,21.62,78.0,,0.0,-13.0,-0.88,10756.29,,84.1,88.69,72.08,91.53,45.7,96.51,61.87,42265.0,68316.0,65.72,Regular,0,0,1
2024-09-18,9,262,Copacabana,V,V — Copacabana,-22.9698,-43.1868,27.54,50.0,,25.81,33.96,,0.5,,24.12,27.5,21.43,75.14,60.28,0.0,9.77,1.06,10781.83,,84.1,88.69,72.08,91.53,45.7,96.51,61.87,42265.0,68316.0,65.72,Regular,0,0,0
2024-09-19,9,263,Copacabana,V,V — Copacabana,-22.9698,-43.1868,43.08,75.0,,24.35,35.2,,0.42,,25.31,29.48,21.83,72.92,64.47,0.0,11.08,1.63,10817.14,,84.1,88.69,72.08,91.53,45.7,96.51,61.87,42265.0,68316.0,65.72,Regular,0,0,0
2024-09-20,9,264,Copacabana,V,V — Copacabana,-22.9698,-43.1868,49.7,79.0,,20.36,33.53,,0.6,,27.38,32.05,23.82,75.49,62.35,0.0,1.62,1.1,10863.53,,84.1,88.69,72.08,91.53,45.7,96.51,61.87,42265.0,68316.0,65.72,Regular,0,0,0
2024-09-21,9,265,Copacabana,V,V — Copacabana,-22.9698,-43.1868,46.33,61.0,,26.36,37.95,,0.83,,27.5,32.05,25.13,78.81,58.43,0.0,-6.37,-0.16,10911.55,,84.1,88.69,72.08,91.53,45.7,96.51,61.87,42265.0,68316.0,65.72,Regular,0,0,0
2024-09-22,9,266,Copacabana,V,V — Copacabana,-22.9698,-43.1868,36.96,58.0,,30.33,52.05,,0.68,,27.06,30.85,25.27,81.53,58.03,0.0,2.89,0.19,10953.19,,84.1,88.69,72.08,91.53,45.7,96.51,61.87,42265.0,68316.0,65.72,Regular,0,0,0
2024-09-23,9,267,Copacabana,V,V — Copacabana,-22.9698,-43.1868,52.1,78.0,,24.62,42.07,,0.58,,27.87,32.13,24.57,80.23,59.92,0.0,7.83,0.8,10997.72,,84.1,88.69,72.08,91.53,45.7,96.51,61.87,42265.0,68316.0,65.72,Regular,0,0,0
2024-09-24,9,268,Copacabana,V,V — Copacabana,-22.9698,-43.1868,52.623333333333335,,,23.71,,,,,28.650000000000002,,,75.44666666666667,,0.0,0.52,0.78,11050.08,,84.1,88.69,72.08,91.53,45.7,96.51,61.87,42265.0,68316.0,65.72,Regular,1,0,1
2024-09-25,9,269,Copacabana,V,V — Copacabana,-22.9698,-43.1868,53.14666666666667,65.0,,22.8,41.21,,,,29.43,33.8,28.03,70.66333333333333,54.27,0.0,0.52,0.78,11102.97,,84.1,88.69,72.08,91.53,45.7,96.51,61.87,42265.0,68316.0,65.72,Regular,1,0,1
2024-09-26,9,270,Copacabana,V,V — Copacabana,-22.9698,-43.1868,53.67,85.0,,21.89,49.28,,0.5,,30.21,36.12,26.05,65.88,37.92,0.0,-3.05,-1.0,11156.38,,84.1,88.69,72.08,91.53,45.7,96.51,61.87,42265.0,68316.0,65.72,Regular,0,1,0
2024-09-27,9,271,Copacabana,V,V — Copacabana,-22.9698,-43.1868,47.04,77.0,,34.74,45.17,,0.56,,27.43,29.3,25.28,79.29,70.2,0.0,-12.94,-2.77,11206.73,,84.1,88.69,72.08,91.53,45.7,96.51,61.87,42265.0,68316.0,65.72,Regular,0,0,0
2024-09-28,9,272,Copacabana,V,V — Copacabana,-22.9698,-43.1868,27.79,38.0,,36.55,45.62,,0.92,,24.68,25.5,23.52,78.41,72.77,0.0,-7.14,-1.02,11244.15,,84.1,88.69,72.08,91.53,45.7,96.51,61.87,42265.0,68316.0,65.72,Regular,0,0,0
2024-09-29,9,273,Copacabana,V,V — Copacabana,-22.9698,-43.1868,32.75,47.0,,35.68,43.09,,0.37,,25.4,28.22,23.2,76.47,66.08,0.0,9.0,1.05,11274.42,,84.1,88.69,72.08,91.53,45.7,96.51,61.87,42265.0,68316.0,65.72,Regular,0,0,0
2024-09-30,9,274,Copacabana,V,V — Copacabana,-22.9698,-43.1868,45.79,71.0,,30.62,45.63,,0.41,,26.78,31.18,22.78,73.72,62.02,0.0,7.9,2.76,11313.69,,84.1,88.69,72.08,91.53,45.7,96.51,61.87,42265.0,68316.0,65.72,Regular,0,0,0
2024-10-01,10,275,Copacabana,V,V — Copacabana,-22.9698,-43.1868,48.54,105.0,,19.35,43.11,,0.38,,30.91,37.85,25.48,58.88,33.02,0.0,5.82,2.02,11360.85,,84.1,88.69,72.08,91.53,45.7,96.51,61.87,42265.0,68316.0,73.38,Boa,0,1,0
2024-10-02,10,276,Copacabana,V,V — Copacabana,-22.9698,-43.1868,57.42,76.0,,29.25,72.69,,0.48,,30.83,38.5,26.88,60.43,34.13,0.0,-2.93,-1.86,11413.83,,84.1,88.69,72.08,91.53,45.7,96.51,61.87,42265.0,68316.0,73.38,Boa,0,0,0
2024-10-03,10,277,Copacabana,V,V — Copacabana,-22.9698,-43.1868,42.67,65.0,,39.75,49.44,,0.64,,27.2,29.25,25.07,79.65,68.97,0.0,-17.62,-3.91,11463.88,,84.1,88.69,72.08,91.53,45.7,96.51,61.87,42265.0,68316.0,73.38,Boa,0,0,0
2024-10-04,10,278,Copacabana,V,V — Copacabana,-22.9698,-43.1868,22.17,42.0,,28.72,41.88,,0.69,,23.01,25.13,21.38,98.11,94.38,0.0,-6.98,-1.69,11496.3,,84.1,88.69,72.08,91.53,45.7,96.51,61.87,42265.0,68316.0,73.38,Boa,0,0,0
2024-10-05,10,279,Copacabana,V,V — Copacabana,-22.9698,-43.1868,28.71,48.0,,29.57,35.49,,0.57,,23.83,26.97,21.38,80.8,65.52,0.0,-0.4,0.74,11521.74,,84.1,88.69,72.08,91.53,45.7,96.51,61.87,42265.0,68316.0,73.38,Boa,0,0,0
2024-10-06,10,280,Copacabana,V,V — Copacabana,-22.9698,-43.1868,21.38,37.0,,32.9,38.93,,0.58,,24.5,27.8,22.15,66.04,56.53,0.0,-3.12,0.52,11546.78,,84.1,88.69,72.08,91.53,45.7,96.51,61.87,42265.0,68316.0,73.38,Boa,0,0,0
2024-10-07,10,281,Copacabana,V,V — Copacabana,-22.9698,-43.1868,22.46,37.0,,32.66,39.88,,0.33,,24.87,27.63,23.07,70.47,61.0,0.0,5.81,0.44,11568.7,,84.1,88.69,72.08,91.53,45.7,96.51,61.87,42265.0,68316.0,73.38,Boa,0,0,0
2024-10-08,10,282,Copacabana,V,V — Copacabana,-22.9698,-43.1868,33.0,51.0,,35.07,79.8,,,,25.38,28.35,22.72,77.96,67.35,0.0,10.0,0.49,11596.43,,84.1,88.69,72.08,91.53,45.7,96.51,61.87,42265.0,68316.0,73.38,Boa,0,0,0
2024-10-09,10,283,Copacabana,V,V — Copacabana,-22.9698,-43.1868,42.46,68.0,,39.84,61.62,,,,25.86,29.18,23.9,89.49,71.52,0.0,-2.62,-0.47,11634.16,,84.1,88.69,72.08,91.53,45.7,96.51,61.87,42265.0,68316.0,73.38,Boa,0,0,0
2024-10-10,10,284,Copacabana,V,V — Copacabana,-22.9698,-43.1868,27.75,51.0,,42.48,54.85,,,,24.43,25.53,23.15,91.04,85.38,0.0,-10.36,0.83,11669.27,,84.1,88.69,72.08,91.53,45.7,96.51,61.87,42265.0,68316.0,73.38,Boa,0,0,0
2024-10-11,10,285,Copacabana,V,V — Copacabana,-22.9698,-43.1868,21.75,47.0,,32.04,68.14,,,,27.51,31.7,23.93,80.09,62.85,0.0,-1.11,2.59,11694.02,,84.1,88.69,72.08,91.53,45.7,96.51,61.87,42265.0,68316.0,73.38,Boa,0,0,0
2024-10-12,10,286,Copacabana,V,V — Copacabana,-22.9698,-43.1868,25.54,41.0,,72.55,120.11,,,,29.61,36.2,26.37,68.44,47.17,0.0,1.81,-0.73,11717.66,,84.1,88.69,72.08,91.53,45.7,96.51,61.87,42265.0,68316.0,73.38,Boa,0,0,0
2024-10-13,10,287,Copacabana,V,V — Copacabana,-22.9698,-43.1868,25.38,38.0,,67.46,81.94,,,,26.05,28.55,24.13,80.03,66.4,0.0,8.79,-2.39,11743.12,,84.1,88.69,72.08,91.53,45.7,96.51,61.87,42265.0,68316.0,73.38,Boa,0,0,0
2024-10-14,10,288,Copacabana,V,V — Copacabana,-22.9698,-43.1868,43.12,62.0,,54.23,70.13,,,,24.82,27.42,23.25,76.97,62.58,0.0,9.12,-0.24,11777.37,,84.1,88.69,72.08,91.53,45.7,96.51,61.87,42265.0,68316.0,73.38,Boa,0,0,0
2024-10-15,10,289,Copacabana,V,V — Copacabana,-22.9698,-43.1868,43.62,63.0,,50.98,68.17,,,,25.57,28.85,23.15,69.91,58.67,0.0,0.44,0.71,11820.74,,84.1,88.69,72.08,91.53,45.7,96.51,61.87,42265.0,68316.0,73.38,Boa,0,0,0
2024-10-16,10,290,Copacabana,V,V — Copacabana,-22.9698,-43.1868,44.0,65.0,,45.33,93.89,,,,26.25,30.88,22.77,74.74,56.35,0.0,3.21,0.04,11864.55,,84.1,88.69,72.08,91.53,45.7,96.51,61.87,42265.0,68316.0,73.38,Boa,0,0,0
2024-10-17,10,291,Copacabana,V,V — Copacabana,-22.9698,-43.1868,50.04,68.0,,49.16,85.94,,,,25.64,30.46,22.08,74.88,57.22,0.0,-2.71,-1.22,11911.57,,84.1,88.69,72.08,91.53,45.7,96.51,61.87,42265.0,68316.0,73.38,Boa,0,0,0
2024-10-18,10,292,Copacabana,V,V — Copacabana,-22.9698,-43.1868,38.58,57.0,,57.8,100.44,,,,23.8,26.57,21.78,90.38,77.55,0.0,-11.66,-1.72,11955.88,,84.1,88.69,72.08,91.53,45.7,96.51,61.87,42265.0,68316.0,73.38,Boa,0,0,0
2024-10-19,10,293,Copacabana,V,V — Copacabana,-22.9698,-43.1868,26.71,39.0,,64.63,107.88,,,,22.19,23.48,20.7,95.41,89.83,0.0,-12.56,-0.99,11988.53,,84.1,88.69,72.08,91.53,45.7,96.51,61.87,42265.0,68316.0,73.38,Boa,0,0,0
2024-10-20,10,294,Copacabana,V,V — Copacabana,-22.9698,-43.1868,13.46,31.0,,46.02,80.01,,,,21.82,23.02,20.73,97.57,97.52,0.0,-1.62,1.08,12008.61,,84.1,88.69,72.08,91.53,45.7,96.51,61.87,42265.0,68316.0,73.38,Boa,0,0,0
2024-10-21,10,295,Copacabana,V,V — Copacabana,-22.9698,-43.1868,23.46,38.0,,23.99,43.35,,,,24.36,26.55,21.85,94.25,86.13,0.0,9.9,2.96,12027.07,,84.1,88.69,72.08,91.53,45.7,96.51,61.87,42265.0,68316.0,73.38,Boa,0,0,0
2024-10-22,10,296,Copacabana,V,V — Copacabana,-22.9698,-43.1868,33.25,61.0,,27.08,70.89,,0.69,,27.75,32.63,22.83,83.29,66.62,0.0,7.53,2.52,12055.43,,84.1,88.69,72.08,91.53,45.7,96.51,61.87,42265.0,68316.0,73.38,Boa,0,0,0
2024-10-23,10,297,Copacabana,V,V — Copacabana,-22.9698,-43.1868,38.52,56.0,,38.59,98.28,,0.42,,29.39,33.9,24.88,83.57,66.0,0.0,1.18,0.15,12091.31,,84.1,88.69,72.08,91.53,45.7,96.51,61.87,42265.0,68316.0,73.38,Boa,0,0,0
2024-10-24,10,298,Copacabana,V,V — Copacabana,-22.9698,-43.1868,35.62,69.0,,41.95,88.06,,0.5,,28.06,33.93,24.48,90.36,65.68,0.0,-5.91,0.06,12128.38,,84.1,88.69,72.08,91.53,45.7,96.51,61.87,42265.0,68316.0,73.38,Boa,0,0,0
2024-10-25,10,299,Copacabana,V,V — Copacabana,-22.9698,-43.1868,26.71,40.0,,59.67,99.43,,,,29.505,,,81.85,,0.0,0.11,1.45,12159.55,,84.1,88.69,72.08,91.53,45.7,96.51,61.87,42265.0,68316.0,73.38,Boa,0,0,1
2024-10-26,10,300,Copacabana,V,V — Copacabana,-22.9698,-43.1868,35.83,55.0,,87.43,169.41,,0.63,,30.95,36.0,26.75,73.34,54.42,0.0,2.88,-1.83,12190.82,,84.1,88.69,72.08,91.53,45.7,96.51,61.87,42265.0,68316.0,73.38,Boa,0,0,0
2024-10-27,10,301,Copacabana,V,V — Copacabana,-22.9698,-43.1868,32.46,49.0,,73.83,97.6,,0.33,,25.85,28.6,23.35,89.4,76.92,0.0,-0.45,-2.95,12224.96,,84.1,88.69,72.08,91.53,45.7,96.51,61.87,42265.0,68316.0,73.38,Boa,0,0,0
2024-10-28,10,302,Copacabana,V,V — Copacabana,-22.9698,-43.1868,34.92,61.0,,31.03,48.96,,0.33,,25.05,25.85,24.6,97.19,85.05,0.0,0.27,0.41,12258.65,,84.1,88.69,72.08,91.53,45.7,96.51,61.87,42265.0,68316.0,73.38,Boa,0,0,0
2024-10-29,10,303,Copacabana,V,V — Copacabana,-22.9698,-43.1868,33.0,46.0,,29.55,60.8,,0.29,,26.68,28.85,24.93,90.43,83.43,0.0,-1.21,1.13,12292.61,,84.1,88.69,72.08,91.53,45.7,96.51,61.87,42265.0,68316.0,73.38,Boa,0,0,0
2024-10-30,10,304,Copacabana,V,V — Copacabana,-22.9698,-43.1868,32.5,45.0,,33.0,54.71,,,,27.306666666666665,,,88.97,,0.0,-1.41,0.63,12325.36,,84.1,88.69,72.08,91.53,45.7,96.51,61.87,42265.0,68316.0,73.38,Boa,0,0,1
2024-10-31,10,305,Copacabana,V,V — Copacabana,-22.9698,-43.1868,30.17,42.0,,33.81,55.63,,0.25,,27.933333333333334,,,87.51,73.02,0.0,-1.98,0.63,12356.7,,84.1,88.69,72.08,91.53,45.7,96.51,61.87,42265.0,68316.0,73.38,Boa,0,0,1
2024-11-01,11,306,Copacabana,V,V — Copacabana,-22.9698,-43.1868,28.54,49.0,,34.36,62.58,,0.24,,28.56,30.52,25.98,86.82,75.83,0.0,-3.11,0.68,12386.05,,84.1,88.69,72.08,91.53,45.7,96.51,61.87,42265.0,68316.0,79.18,Boa,0,0,0
2024-11-02,11,307,Copacabana,V,V — Copacabana,-22.9698,-43.1868,23.96,33.0,,43.17,78.46,,0.3,,29.29,32.05,26.78,86.24,76.67,0.0,-2.54,0.67,12412.3,,84.1,88.69,72.08,91.53,45.7,96.51,61.87,42265.0,68316.0,79.18,Boa,0,0,0
2024-11-03,11,308,Copacabana,V,V — Copacabana,-22.9698,-43.1868,23.46,41.0,,37.92,61.57,,0.28,,29.89,33.5,27.55,84.04,70.18,0.0,2.16,0.28,12436.01,,84.1,88.69,72.08,91.53,45.7,96.51,61.87,42265.0,68316.0,79.18,Boa,0,0,0
2024-11-04,11,309,Copacabana,V,V — Copacabana,-22.9698,-43.1868,28.29,47.0,,19.21,38.63,,0.33,,29.85,32.45,28.62,85.12,70.93,0.0,2.31,0.62,12461.89,,84.1,88.69,72.08,91.53,45.7,96.51,61.87,42265.0,68316.0,79.18,Boa,0,0,0
2024-11-05,11,310,Copacabana,V,V — Copacabana,-22.9698,-43.1868,28.08,44.0,,21.32,65.65,,0.4,,31.12,34.6,26.83,77.18,64.75,0.0,2.77,0.96,12490.07,,84.1,88.69,72.08,91.53,45.7,96.51,61.87,42265.0,68316.0,79.18,Boa,0,0,0
2024-11-06,11,311,Copacabana,V,V — Copacabana,-22.9698,-43.1868,33.83,51.0,,29.62,71.2,,0.66,,31.77,35.17,28.42,72.37,60.38,0.0,1.54,-1.06,12521.03,,84.1,88.69,72.08,91.53,45.7,96.51,61.87,42265.0,68316.0,79.18,Boa,0,0,0
2024-11-07,11,312,Copacabana,V,V — Copacabana,-22.9698,-43.1868,31.165,32.0,,26.36,50.74,,,,29.005,34.12,29.35,79.25,63.37,0.0,-2.66,-2.77,12553.52,,84.1,88.69,72.08,91.53,45.7,96.51,61.87,42265.0,68316.0,79.18,Boa,1,0,1
2024-11-08,11,313,Copacabana,V,V — Copacabana,-22.9698,-43.1868,28.5,46.0,,23.1,50.45,,0.31,,26.24,30.87,23.67,86.13,65.65,0.0,-2.87,-2.31,12583.36,,84.1,88.69,72.08,91.53,45.7,96.51,61.87,42265.0,68316.0,79.18,Boa,0,0,0
2024-11-09,11,314,Copacabana,V,V — Copacabana,-22.9698,-43.1868,25.42,43.0,,27.02,42.69,,0.18,,24.39,26.43,23.03,89.55,75.52,0.0,1.27,-0.88,12610.32,,84.1,88.69,72.08,91.53,45.7,96.51,61.87,42265.0,68316.0,79.18,Boa,0,0,0
2024-11-10,11,315,Copacabana,V,V — Copacabana,-22.9698,-43.1868,31.04,43.0,,42.07,58.38,,0.12,,24.49,27.08,22.68,78.06,63.75,0.0,5.54,0.65,12638.55,,84.1,88.69,72.08,91.53,45.7,96.51,61.87,42265.0,68316.0,79.18,Boa,0,0,0
2024-11-11,11,316,Copacabana,V,V — Copacabana,-22.9698,-43.1868,36.5,56.0,,42.47,73.01,,0.36,,25.7,29.22,22.93,71.77,57.73,0.0,9.9,1.9,12672.32,,84.1,88.69,72.08,91.53,45.7,96.51,61.87,42265.0,68316.0,79.18,Boa,0,0,0
2024-11-12,11,317,Copacabana,V,V — Copacabana,-22.9698,-43.1868,50.83,79.0,,51.95,136.12,,0.37,,28.28,37.03,23.6,71.78,46.0,0.0,-3.86,-1.12,12715.98,,84.1,88.69,72.08,91.53,45.7,96.51,61.87,42265.0,68316.0,79.18,Boa,0,0,0
2024-11-13,11,318,Copacabana,V,V — Copacabana,-22.9698,-43.1868,28.79,47.0,,35.61,58.89,,0.34,,23.45,25.05,21.58,96.68,92.4,0.0,-5.04,-2.72,12755.79,,84.1,88.69,72.08,91.53,45.7,96.51,61.87,42265.0,68316.0,79.18,Boa,0,0,0
2024-11-14,11,319,Copacabana,V,V — Copacabana,-22.9698,-43.1868,40.75,49.0,,27.81,64.4,,0.32,,22.85,24.12,21.23,91.08,83.12,0.0,-3.2,0.35,12790.56,,84.1,88.69,72.08,91.53,45.7,96.51,61.87,42265.0,68316.0,79.18,Boa,0,0,0
2024-11-15,11,320,Copacabana,V,V — Copacabana,-22.9698,-43.1868,22.38,33.0,,23.09,52.35,,0.3,,24.15,26.25,21.73,97.24,91.88,0.0,-8.98,0.61,12822.13,,84.1,88.69,72.08,91.53,45.7,96.51,61.87,42265.0,68316.0,79.18,Boa,0,0,0
2024-11-16,11,321,Copacabana,V,V — Copacabana,-22.9698,-43.1868,22.79,35.0,,11.04,21.72,,0.36,,24.07,25.33,23.25,98.1,98.1,0.0,4.72,0.63,12844.71,,84.1,88.69,72.08,91.53,45.7,96.51,61.87,42265.0,68316.0,79.18,Boa,0,0,0
2024-11-17,11,322,Copacabana,V,V — Copacabana,-22.9698,-43.1868,31.83,44.0,,16.91,45.61,,0.3,,25.41,29.05,22.65,92.02,78.88,0.0,4.86,1.27,12872.02,,84.1,88.69,72.08,91.53,45.7,96.51,61.87,42265.0,68316.0,79.18,Boa,0,0,0
2024-11-18,11,323,Copacabana,V,V — Copacabana,-22.9698,-43.1868,32.5,48.0,,34.78,66.33,,0.3,,26.61,31.07,22.8,84.36,60.9,0.0,2.46,0.86,12904.19,,84.1,88.69,72.08,91.53,45.7,96.51,61.87,42265.0,68316.0,79.18,Boa,0,0,0
2024-11-19,11,324,Copacabana,V,V — Copacabana,-22.9698,-43.1868,36.75,57.0,,33.78,71.75,,0.32,,27.13,31.53,23.78,84.68,67.42,0.0,-1.48,-0.01,12938.81,,84.1,88.69,72.08,91.53,45.7,96.51,61.87,42265.0,68316.0,79.18,Boa,0,0,0
2024-11-20,11,325,Copacabana,V,V — Copacabana,-22.9698,-43.1868,29.54,42.0,,39.31,66.09,,0.24,,26.59,29.4,24.15,88.44,74.78,0.0,-3.89,-0.7,12971.96,,84.1,88.69,72.08,91.53,45.7,96.51,61.87,42265.0,68316.0,79.18,Boa,0,0,0
2024-11-21,11,326,Copacabana,V,V — Copacabana,-22.9698,-43.1868,28.96,51.0,,36.11,49.73,,0.27,,25.74,28.75,23.35,91.88,74.72,0.0,-0.36,-1.36,13001.21,,84.1,88.69,72.08,91.53,45.7,96.51,61.87,42265.0,68316.0,79.18,Boa,0,0,0
2024-11-22,11,327,Copacabana,V,V — Copacabana,-22.9698,-43.1868,28.83,44.0,,31.15,44.11,,0.27,,23.88,25.87,22.62,95.56,87.68,0.0,1.08,-1.67,13030.1,,84.1,88.69,72.08,91.53,45.7,96.51,61.87,42265.0,68316.0,79.18,Boa,0,0,0
2024-11-23,11,328,Copacabana,V,V — Copacabana,-22.9698,-43.1868,31.12,56.0,,28.44,40.92,,0.2,,22.39,24.15,21.2,96.44,91.67,0.0,-3.29,-0.02,13060.08,,84.1,88.69,72.08,91.53,45.7,96.51,61.87,42265.0,68316.0,79.18,Boa,0,0,0
2024-11-24,11,329,Copacabana,V,V — Copacabana,-22.9698,-43.1868,22.25,39.0,,38.24,62.91,,0.18,,23.84,26.48,21.5,84.96,71.72,0.0,-0.8,1.32,13086.76,,84.1,88.69,72.08,91.53,45.7,96.51,61.87,42265.0,68316.0,79.18,Boa,0,0,0
2024-11-25,11,330,Copacabana,V,V — Copacabana,-22.9698,-43.1868,29.52,49.0,,38.35,58.97,,0.19,,25.04,29.05,21.83,76.81,63.08,0.0,7.41,1.54,13112.65,,84.1,88.69,72.08,91.53,45.7,96.51,61.87,42265.0,68316.0,79.18,Boa,0,0,0
2024-11-26,11,331,Copacabana,V,V — Copacabana,-22.9698,-43.1868,37.06,77.0,,35.4,74.35,,0.34,,26.93,31.72,22.57,71.53,55.02,0.0,5.86,2.88,13145.94,,84.1,88.69,72.08,91.53,45.7,96.51,61.87,42265.0,68316.0,79.18,Boa,0,0,0
2024-11-27,11,332,Copacabana,V,V — Copacabana,-22.9698,-43.1868,41.24,75.0,,52.17,166.87,,0.42,,30.79,37.8,25.25,61.87,38.85,0.0,4.82,1.23,13185.09,,84.1,88.69,72.08,91.53,45.7,96.51,61.87,42265.0,68316.0,79.18,Boa,0,0,0
2024-11-28,11,333,Copacabana,V,V — Copacabana,-22.9698,-43.1868,46.71,65.0,,65.34,130.25,,0.39,,29.395,,,59.25,37.18,0.0,-2.1,-1.39,13229.06,,84.1,88.69,72.08,91.53,45.7,96.51,61.87,42265.0,68316.0,79.18,Boa,0,0,1
2024-11-29,11,334,Copacabana,V,V — Copacabana,-22.9698,-43.1868,37.04,57.0,,59.99,112.89,,0.4,,28.0,30.6,26.13,77.88,64.65,0.0,-4.59,-1.06,13270.94,,84.1,88.69,72.08,91.53,45.7,96.51,61.87,42265.0,68316.0,79.18,Boa,0,0,0
2024-11-30,11,335,Copacabana,V,V — Copacabana,-22.9698,-43.1868,37.54,55.0,,57.55,115.78,,0.39,,27.27,28.65,25.6,89.03,81.68,0.0,-8.71,-0.77,13308.23,,84.1,88.69,72.08,91.53,45.7,96.51,61.87,42265.0,68316.0,79.18,Boa,0,0,0
2024-12-01,12,336,Copacabana,V,V — Copacabana,-22.9698,-43.1868,19.62,34.0,,56.02,76.75,,0.26,,26.47,28.7,24.75,90.84,81.47,0.0,-2.27,1.51,13336.81,,84.1,88.69,72.08,91.53,45.7,96.51,61.87,42265.0,68316.0,75.78,Boa,0,0,0
2024-12-02,12,337,Copacabana,V,V — Copacabana,-22.9698,-43.1868,33.0,76.0,,46.77,117.09,,0.39,,30.28,37.05,25.07,75.94,51.92,0.0,2.94,0.25,13363.12,,84.1,88.69,72.08,91.53,45.7,96.51,61.87,42265.0,68316.0,75.78,Boa,0,0,0
2024-12-03,12,338,Copacabana,V,V — Copacabana,-22.9698,-43.1868,25.5,40.0,,53.79,73.21,,0.38,,26.97,30.0,25.05,89.09,78.67,0.0,-10.81,-1.94,13392.37,,84.1,88.69,72.08,91.53,45.7,96.51,61.87,42265.0,68316.0,75.78,Boa,0,0,0
2024-12-04,12,339,Copacabana,V,V — Copacabana,-22.9698,-43.1868,11.38,26.0,,32.34,67.13,,0.34,,26.41,27.23,23.33,97.85,97.42,0.0,-3.27,0.26,13410.81,,84.1,88.69,72.08,91.53,45.7,96.51,61.87,42265.0,68316.0,75.78,Boa,0,0,0
2024-12-05,12,340,Copacabana,V,V — Copacabana,-22.9698,-43.1868,18.96,57.0,,26.02,42.24,,0.42,,27.490000000000002,,,91.625,,0.0,23.18,1.08,13425.98,,84.1,88.69,72.08,91.53,45.7,96.51,61.87,42265.0,68316.0,75.78,Boa,0,0,1
2024-12-06,12,341,Copacabana,V,V — Copacabana,-22.9698,-43.1868,57.74,116.0,,32.25,71.33,,0.57,,28.57,32.92,23.45,85.4,69.07,0.0,14.64,1.77,13464.33,,84.1,88.69,72.08,91.53,45.7,96.51,61.87,42265.0,68316.0,75.78,Boa,0,1,0
2024-12-07,12,342,Copacabana,V,V — Copacabana,-22.9698,-43.1868,48.25,84.0,,71.67,151.04,,0.4,,31.03,36.45,28.02,63.01,42.43,0.0,-14.39,0.1,13517.32,,84.1,88.69,72.08,91.53,45.7,96.51,61.87,42265.0,68316.0,75.78,Boa,0,1,0
2024-12-08,12,343,Copacabana,V,V — Copacabana,-22.9698,-43.1868,28.96,57.0,,56.14,96.96,,0.37,,28.77,32.37,27.05,83.1,60.95,0.0,-10.6,-1.75,13555.93,,84.1,88.69,72.08,91.53,45.7,96.51,61.87,42265.0,68316.0,75.78,Boa,0,0,0
2024-12-09,12,344,Copacabana,V,V — Copacabana,-22.9698,-43.1868,27.04,43.0,,34.09,64.55,,0.42,,27.53,29.8,26.05,89.25,78.77,0.0,0.97,-0.43,13583.93,,84.1,88.69,72.08,91.53,45.7,96.51,61.87,42265.0,68316.0,75.78,Boa,0,0,0
2024-12-10,12,345,Copacabana,V,V — Copacabana,-22.9698,-43.1868,30.9,77.0,,23.99,48.28,,0.35,,27.91,35.17,24.25,87.85,51.45,0.0,0.64,-0.82,13612.9,,84.1,88.69,72.08,91.53,45.7,96.51,61.87,42265.0,68316.0,75.78,Boa,0,0,0
2024-12-11,12,346,Copacabana,V,V — Copacabana,-22.9698,-43.1868,28.33,35.0,,25.38,42.43,,0.27,,25.89,28.98,23.42,82.66,66.2,0.0,-1.66,-1.14,13642.51,,84.1,88.69,72.08,91.53,45.7,96.51,61.87,42265.0,68316.0,75.78,Boa,0,0,0
2024-12-12,12,347,Copacabana,V,V — Copacabana,-22.9698,-43.1868,27.58,40.0,,22.97,34.53,,0.34,,25.62,28.3,23.42,81.0,70.2,0.0,0.86,0.39,13670.47,,84.1,88.69,72.08,91.53,45.7,96.51,61.87,42265.0,68316.0,75.78,Boa,0,0,0
2024-12-13,12,348,Copacabana,V,V — Copacabana,-22.9698,-43.1868,30.04,48.0,,23.2,33.76,,0.39,,26.67,30.82,23.48,79.43,67.63,0.0,-2.85,1.12,13699.28,,84.1,88.69,72.08,91.53,45.7,96.51,61.87,42265.0,68316.0,75.78,Boa,0,0,0
2024-12-14,12,349,Copacabana,V,V — Copacabana,-22.9698,-43.1868,21.88,45.0,,20.56,42.2,,0.42,,27.87,33.48,25.07,79.32,56.03,0.0,-4.36,1.39,13725.24,,84.1,88.69,72.08,91.53,45.7,96.51,61.87,42265.0,68316.0,75.78,Boa,0,0,0
2024-12-15,12,350,Copacabana,V,V — Copacabana,-22.9698,-43.1868,21.33,33.0,,21.37,47.97,,0.5,,29.45,34.37,25.52,74.6,51.6,0.0,2.12,1.15,13746.84,,84.1,88.69,72.08,91.53,45.7,96.51,61.87,42265.0,68316.0,75.78,Boa,0,0,0
2024-12-16,12,351,Copacabana,V,V — Copacabana,-22.9698,-43.1868,26.12,39.0,,26.76,52.48,,0.43,,30.18,35.95,24.38,67.41,47.27,0.0,5.6,-0.9,13770.57,,84.1,88.69,72.08,91.53,45.7,96.51,61.87,42265.0,68316.0,75.78,Boa,0,0,0
2024-12-17,12,352,Copacabana,V,V — Copacabana,-22.9698,-43.1868,32.54,48.0,,18.32,43.59,,0.48,,27.64,32.13,24.75,80.0,62.27,0.0,2.25,-2.17,13799.9,,84.1,88.69,72.08,91.53,45.7,96.51,61.87,42265.0,68316.0,75.78,Boa,0,0,0
2024-12-18,12,353,Copacabana,V,V — Copacabana,-22.9698,-43.1868,30.62,63.0,,22.0,60.76,,0.32,,25.84,28.68,23.73,85.96,76.05,0.0,-0.96,-0.74,13831.48,,84.1,88.69,72.08,91.53,45.7,96.51,61.87,42265.0,68316.0,75.78,Boa,0,0,0
2024-12-19,12,354,Copacabana,V,V — Copacabana,-22.9698,-43.1868,30.62,,,21.276666666666667,,,,,26.163333333333334,,,86.39,,0.0,0.0,0.32,13862.1,,84.1,88.69,72.08,91.53,45.7,96.51,61.87,42265.0,68316.0,75.78,Boa,1,0,1
2024-12-20,12,355,Copacabana,V,V — Copacabana,-22.9698,-43.1868,30.62,,,20.55333333333333,21.67,,,,26.486666666666665,29.97,23.52,86.82,74.18,0.0,0.0,0.32,13892.72,,84.1,88.69,72.08,91.53,45.7,96.51,61.87,42265.0,68316.0,75.78,Boa,1,0,1
2024-12-21,12,356,Copacabana,V,V — Copacabana,-22.9698,-43.1868,30.62,,,19.83,50.64,,0.51,,26.81,29.6,23.76,87.25,71.57,0.0,0.0,-0.21,13923.34,,84.1,88.69,72.08,91.53,45.7,96.51,61.87,42265.0,68316.0,75.78,Boa,1,0,1
2024-12-22,12,357,Copacabana,V,V — Copacabana,-22.9698,-43.1868,30.62,,,31.27,66.04,,0.27,,26.06,27.45,24.57,94.34,86.32,0.0,0.0,-0.38,13953.96,,84.1,88.69,72.08,91.53,45.7,96.51,61.87,42265.0,68316.0,75.78,Boa,1,0,1
2024-12-23,12,358,Copacabana,V,V — Copacabana,-22.9698,-43.1868,30.62,,,20.43,48.9,,0.3,,26.06,,,94.34,,0.0,0.0,0.0,13984.58,,84.1,88.69,72.08,91.53,45.7,96.51,61.87,42265.0,68316.0,75.78,Boa,1,0,1
2024-12-24,12,359,Copacabana,V,V — Copacabana,-22.9698,-43.1868,30.62,,,18.09,25.21,,0.25,,26.06,,,94.34,,0.0,0.0,0.0,14015.2,,84.1,88.69,72.08,91.53,45.7,96.51,61.87,42265.0,68316.0,75.78,Boa,1,0,1
2024-12-25,12,360,Copacabana,V,V — Copacabana,-22.9698,-43.1868,30.62,,,25.21,44.3,,0.24,,26.06,,,94.34,,0.0,0.0,0.0,14045.82,,84.1,88.69,72.08,91.53,45.7,96.51,61.87,42265.0,68316.0,75.78,Boa,1,0,1
2024-12-26,12,361,Copacabana,V,V — Copacabana,-22.9698,-43.1868,30.62,,,17.59,41.65,,0.43,,26.06,24.17,21.87,94.34,63.77,0.0,0.0,0.0,14076.44,,84.1,88.69,72.08,91.53,45.7,96.51,61.87,42265.0,68316.0,75.78,Boa,1,0,1
2024-12-27,12,362,Copacabana,V,V — Copacabana,-22.9698,-43.1868,30.62,,,18.28,54.54,,0.45,,26.06,,,94.34,,0.0,0.0,0.0,14107.06,,84.1,88.69,72.08,91.53,45.7,96.51,61.87,42265.0,68316.0,75.78,Boa,1,0,1
2024-12-28,12,363,Copacabana,V,V — Copacabana,-22.9698,-43.1868,30.62,,,43.76,90.1,,0.36,,26.06,,,94.34,,0.0,0.0,0.0,14137.68,,84.1,88.69,72.08,91.53,45.7,96.51,61.87,42265.0,68316.0,75.78,Boa,1,0,1
2024-12-29,12,364,Copacabana,V,V — Copacabana,-22.9698,-43.1868,30.62,,,44.88,66.07,,0.32,,26.06,,,94.34,,0.0,0.0,0.0,14168.3,,84.1,88.69,72.08,91.53,45.7,96.51,61.87,42265.0,68316.0,75.78,Boa,1,0,1
2024-12-30,12,365,Copacabana,V,V — Copacabana,-22.9698,-43.1868,30.62,,,36.18,59.09,,0.27,,26.06,,,94.34,,0.0,0.0,0.0,14198.92,,84.1,88.69,72.08,91.53,45.7,96.51,61.87,42265.0,68316.0,75.78,Boa,1,0,1
2024-12-31,12,366,Copacabana,V,V — Copacabana,-22.9698,-43.1868,30.62,,,40.05,76.17,,0.16,,26.06,,,94.34,,0.0,0.0,0.0,14229.54,,84.1,88.69,72.08,91.53,45.7,96.51,61.87,42265.0,68316.0,75.78,Boa,1,0,1
2024-01-01,1,1,Tijuca,VIII,VIII — Tijuca,-22.9247,-43.2328,33.12,60.0,,17.16,23.99,23.42,,,26.16,28.92,24.87,59.39,46.27,0.0,-3.74,2.28,0.0,,79.51,81.46,66.29,90.78,38.88,95.91,23.65,15943.0,67426.0,47.6,Ruim,0,0,0
2024-01-02,1,2,Tijuca,VIII,VIII — Tijuca,-22.9247,-43.2328,29.38,38.0,,20.87,37.85,23.66,,,28.44,35.8,24.08,60.24,38.85,0.0,-2.6,1.38,31.25,,79.51,81.46,66.29,90.78,38.88,95.91,23.65,15943.0,67426.0,47.6,Ruim,0,0,0
2024-01-03,1,3,Tijuca,VIII,VIII — Tijuca,-22.9247,-43.2328,27.92,44.0,,18.89,56.88,34.12,,,28.93,38.13,23.73,74.81,36.88,13.4,-3.63,-1.17,59.9,,79.51,81.46,66.29,90.78,38.88,95.91,23.65,15943.0,67426.0,47.6,Ruim,0,0,0
2024-01-04,1,4,Tijuca,VIII,VIII — Tijuca,-22.9247,-43.2328,22.12,40.0,,18.79,34.19,37.88,,,26.1,32.32,23.33,86.27,57.87,14.4,-4.52,-0.11,84.92,,79.51,81.46,66.29,90.78,38.88,95.91,23.65,15943.0,67426.0,47.6,Ruim,0,0,0
2024-01-05,1,5,Tijuca,VIII,VIII — Tijuca,-22.9247,-43.2328,18.88,29.0,,22.03,29.36,24.51,,,28.71,37.48,24.5,69.75,37.15,0.4,-0.42,0.83,105.42,,79.51,81.46,66.29,90.78,38.88,95.91,23.65,15943.0,67426.0,47.6,Ruim,0,0,0
2024-01-06,1,6,Tijuca,VIII,VIII — Tijuca,-22.9247,-43.2328,21.29,36.0,,15.3,23.41,23.22,,,27.77,34.05,25.1,67.5,41.92,0.2,-0.04,0.54,125.5,,79.51,81.46,66.29,90.78,38.88,95.91,23.65,15943.0,67426.0,47.6,Ruim,0,0,0
2024-01-07,1,7,Tijuca,VIII,VIII — Tijuca,-22.9247,-43.2328,18.79,29.0,,20.27,45.55,22.35,,,29.79,38.68,24.1,59.61,32.9,0.0,4.11,2.6,145.54,,79.51,81.46,66.29,90.78,38.88,95.91,23.65,15943.0,67426.0,47.6,Ruim,0,0,0
2024-01-08,1,8,Tijuca,VIII,VIII — Tijuca,-22.9247,-43.2328,29.5,46.0,,31.66,87.19,38.48,,,32.96,43.07,25.37,53.57,27.18,0.0,10.07,1.35,169.69,,79.51,81.46,66.29,90.78,38.88,95.91,23.65,15943.0,67426.0,47.6,Ruim,0,0,0
2024-01-09,1,9,Tijuca,VIII,VIII — Tijuca,-22.9247,-43.2328,38.92,87.0,,36.44,72.36,46.16,,,32.49,39.9,28.9,54.61,35.67,0.0,1.71,0.59,203.9,,79.51,81.46,66.29,90.78,38.88,95.91,23.65,15943.0,67426.0,47.6,Ruim,0,1,0
2024-01-10,1,10,Tijuca,VIII,VIII — Tijuca,-22.9247,-43.2328,32.92,55.0,,37.87,90.04,47.75,,,34.15,44.55,27.5,49.3,20.48,0.0,-1.11,-0.39,239.82,,79.51,81.46,66.29,90.78,38.88,95.91,23.65,15943.0,67426.0,47.6,Ruim,0,0,0
2024-01-11,1,11,Tijuca,VIII,VIII — Tijuca,-22.9247,-43.2328,36.71,56.0,,35.97,111.48,50.02,,,31.72,43.67,25.13,67.94,26.48,2.2,-4.21,-1.77,274.64,,79.51,81.46,66.29,90.78,38.88,95.91,23.65,15943.0,67426.0,47.6,Ruim,0,0,0
2024-01-12,1,12,Tijuca,VIII,VIII — Tijuca,-22.9247,-43.2328,24.5,41.0,,24.94,76.43,48.45,,,30.6,43.18,25.55,71.7,29.1,0.2,-8.27,-1.93,305.24,,79.51,81.46,66.29,90.78,38.88,95.91,23.65,15943.0,67426.0,47.6,Ruim,0,0,0
2024-01-13,1,13,Tijuca,VIII,VIII — Tijuca,-22.9247,-43.2328,20.17,38.0,,19.28,35.28,37.84,,,27.85,33.17,25.2,86.36,59.77,50.0,-3.25,-1.96,327.58,,79.51,81.46,66.29,90.78,38.88,95.91,23.65,15943.0,67426.0,47.6,Ruim,0,0,0
2024-01-14,1,14,Tijuca,VIII,VIII — Tijuca,-22.9247,-43.2328,18.0,35.0,,17.87,37.66,28.26,,,26.67,31.15,24.83,90.3,66.83,28.8,1.93,2.32,346.66,,79.51,81.46,66.29,90.78,38.88,95.91,23.65,15943.0,67426.0,47.6,Ruim,0,0,0
2024-01-15,1,15,Tijuca,VIII,VIII — Tijuca,-22.9247,-43.2328,24.04,38.0,,24.74,70.43,33.94,,,32.5,42.18,25.47,59.4,27.87,0.0,6.25,4.16,367.68,,79.51,81.46,66.29,90.78,38.88,95.91,23.65,15943.0,67426.0,47.6,Ruim,0,0,0
2024-01-16,1,16,Tijuca,VIII,VIII — Tijuca,-22.9247,-43.2328,30.5,53.0,,40.75,94.31,45.08,,,35.0,45.72,28.82,47.35,21.3,0.0,6.14,1.51,394.95,,79.51,81.46,66.29,90.78,38.88,95.91,23.65,15943.0,67426.0,47.6,Ruim,0,0,0
2024-01-17,1,17,Tijuca,VIII,VIII — Tijuca,-22.9247,-43.2328,36.33,50.0,,49.51,103.06,42.25,,,35.52,46.58,29.8,49.16,22.83,0.0,3.23,-0.89,428.36,,79.51,81.46,66.29,90.78,38.88,95.91,23.65,15943.0,67426.0,47.6,Ruim,0,0,0
2024-01-18,1,18,Tijuca,VIII,VIII — Tijuca,-22.9247,-43.2328,36.96,56.0,,39.76,67.95,33.9,,,33.23,41.92,29.48,59.44,37.78,0.0,0.59,-2.44,465.01,,79.51,81.46,66.29,90.78,38.88,95.91,23.65,15943.0,67426.0,47.6,Ruim,0,0,0
2024-01-19,1,19,Tijuca,VIII,VIII — Tijuca,-22.9247,-43.2328,37.5,63.0,,24.27,66.58,54.2,,,30.65,38.75,25.83,68.62,39.75,0.8,-5.69,0.23,502.24,,79.51,81.46,66.29,90.78,38.88,95.91,23.65,15943.0,67426.0,47.6,Ruim,0,0,0
2024-01-20,1,20,Tijuca,VIII,VIII — Tijuca,-22.9247,-43.2328,25.58,56.0,,35.06,59.15,34.66,,,33.69,41.13,29.07,52.71,30.55,0.0,-9.86,-1.11,533.78,,79.51,81.46,66.29,90.78,38.88,95.91,23.65,15943.0,67426.0,47.6,Ruim,0,0,0
2024-01-21,1,21,Tijuca,VIII,VIII — Tijuca,-22.9247,-43.2328,17.79,28.0,,35.13,52.67,19.74,,,28.43,35.17,24.32,76.76,50.47,58.8,-2.31,-4.05,555.46,,79.51,81.46,66.29,90.78,38.88,95.91,23.65,15943.0,67426.0,47.6,Ruim,0,0,0
2024-01-22,1,22,Tijuca,VIII,VIII — Tijuca,-22.9247,-43.2328,20.96,32.0,,16.06,30.49,24.77,,,25.59,29.72,23.63,89.98,58.97,21.8,1.36,-3.22,574.84,,79.51,81.46,66.29,90.78,38.88,95.91,23.65,15943.0,67426.0,47.6,Ruim,0,0,0
2024-01-23,1,23,Tijuca,VIII,VIII — Tijuca,-22.9247,-43.2328,20.5,34.0,,9.97,25.27,34.58,,,21.99,24.1,19.52,99.41,99.4,37.0,1.02,-1.63,595.57,,79.51,81.46,66.29,90.78,38.88,95.91,23.65,15943.0,67426.0,47.6,Ruim,0,0,0
2024-01-24,1,24,Tijuca,VIII,VIII — Tijuca,-22.9247,-43.2328,23.0,47.0,,12.7,27.02,44.43,,,22.32,25.53,19.63,95.46,79.22,3.8,-0.09,1.62,617.32,,79.51,81.46,66.29,90.78,38.88,95.91,23.65,15943.0,67426.0,47.6,Ruim,0,0,0
2024-01-25,1,25,Tijuca,VIII,VIII — Tijuca,-22.9247,-43.2328,20.33,35.0,,20.89,40.7,29.16,,,25.22,31.73,22.03,85.89,56.2,5.0,-2.81,0.64,638.98,,79.51,81.46,66.29,90.78,38.88,95.91,23.65,15943.0,67426.0,47.6,Ruim,0,0,0
2024-01-26,1,26,Tijuca,VIII,VIII — Tijuca,-22.9247,-43.2328,17.38,37.0,,12.33,21.08,29.31,,,23.6,26.68,22.3,96.22,75.28,9.2,3.38,0.33,657.84,,79.51,81.46,66.29,90.78,38.88,95.91,23.65,15943.0,67426.0,47.6,Ruim,0,0,0
2024-01-27,1,27,Tijuca,VIII,VIII — Tijuca,-22.9247,-43.2328,27.08,42.0,,9.68,25.22,28.86,,,25.88,33.18,22.63,84.7,52.5,0.6,5.81,1.15,680.07,,79.51,81.46,66.29,90.78,38.88,95.91,23.65,15943.0,67426.0,47.6,Ruim,0,0,0
2024-01-28,1,28,Tijuca,VIII,VIII — Tijuca,-22.9247,-43.2328,29.0,52.0,,13.75,38.7,34.4,,,25.91,32.6,21.92,83.9,56.62,15.4,1.4,1.14,708.11,,79.51,81.46,66.29,90.78,38.88,95.91,23.65,15943.0,67426.0,47.6,Ruim,0,0,0
2024-01-29,1,29,Tijuca,VIII,VIII — Tijuca,-22.9247,-43.2328,29.87,57.0,,20.75,46.02,36.49,,,28.16,38.58,21.77,76.21,39.88,0.0,6.02,3.29,737.54,,79.51,81.46,66.29,90.78,38.88,95.91,23.65,15943.0,67426.0,47.6,Ruim,0,0,0
2024-01-30,1,30,Tijuca,VIII,VIII — Tijuca,-22.9247,-43.2328,41.05,62.0,,31.63,91.36,46.08,,,32.49,41.02,25.1,58.25,32.85,0.0,4.15,0.12,773.0,,79.51,81.46,66.29,90.78,38.88,95.91,23.65,15943.0,67426.0,47.6,Ruim,0,0,0
2024-01-31,1,31,Tijuca,VIII,VIII — Tijuca,-22.9247,-43.2328,38.17,65.0,,25.82,76.62,49.04,,,28.39,36.47,22.0,76.88,47.02,27.4,-5.15,-2.23,812.61,,79.51,81.46,66.29,90.78,38.88,95.91,23.65,15943.0,67426.0,47.6,Ruim,0,0,0
2024-02-01,2,32,Tijuca,VIII,VIII — Tijuca,-22.9247,-43.2328,30.75,58.0,,25.49,61.53,46.6,,,28.04,36.67,22.75,71.07,37.2,0.2,-4.46,-0.81,847.08,,79.51,81.46,66.29,90.78,38.88,95.91,23.65,15943.0,67426.0,42.48,Ruim,0,0,0
2024-02-02,2,33,Tijuca,VIII,VIII — Tijuca,-22.9247,-43.2328,29.25,49.0,,19.41,34.06,39.72,,,26.77,31.25,24.2,81.49,57.3,2.2,0.72,0.62,877.08,,79.51,81.46,66.29,90.78,38.88,95.91,23.65,15943.0,67426.0,42.48,Ruim,0,0,0
2024-02-03,2,34,Tijuca,VIII,VIII — Tijuca,-22.9247,-43.2328,32.19,48.0,,24.4,62.7,37.46,,,29.29,37.72,23.22,73.21,41.2,0.0,1.11,1.2,907.8,,79.51,81.46,66.29,90.78,38.88,95.91,23.65,15943.0,67426.0,42.48,Ruim,0,0,0
2024-02-04,2,35,Tijuca,VIII,VIII — Tijuca,-22.9247,-43.2328,31.46,46.0,,19.77,80.59,35.77,,,29.17,38.32,22.95,76.56,42.08,12.4,-0.04,0.37,939.62,,79.51,81.46,66.29,90.78,38.88,95.91,23.65,15943.0,67426.0,42.48,Ruim,0,0,0
2024-02-05,2,36,Tijuca,VIII,VIII — Tijuca,-22.9247,-43.2328,32.12,51.0,,16.97,52.29,43.32,,,30.02,38.78,23.3,65.51,36.23,0.0,3.11,0.21,971.41,,79.51,81.46,66.29,90.78,38.88,95.91,23.65,15943.0,67426.0,42.48,Ruim,0,0,0
2024-02-06,2,37,Tijuca,VIII,VIII — Tijuca,-22.9247,-43.2328,37.67,58.0,,15.44,48.77,39.63,,,29.59,36.28,25.97,67.8,43.58,0.0,1.34,0.2,1006.3,,79.51,81.46,66.29,90.78,38.88,95.91,23.65,15943.0,67426.0,42.48,Ruim,0,0,0
2024-02-07,2,38,Tijuca,VIII,VIII — Tijuca,-22.9247,-43.2328,34.79,61.0,,20.26,60.12,38.3,,,30.42,38.38,25.67,63.69,37.03,0.0,-2.46,0.57,1042.53,,79.51,81.46,66.29,90.78,38.88,95.91,23.65,15943.0,67426.0,42.48,Ruim,0,0,0
2024-02-08,2,39,Tijuca,VIII,VIII — Tijuca,-22.9247,-43.2328,32.75,59.0,,20.61,54.39,40.14,,,30.73,40.53,26.3,63.61,35.0,0.0,0.57,0.46,1076.3,,79.51,81.46,66.29,90.78,38.88,95.91,23.65,15943.0,67426.0,42.48,Ruim,0,0,0
2024-02-09,2,40,Tijuca,VIII,VIII — Tijuca,-22.9247,-43.2328,35.92,57.0,,18.75,54.17,43.9,,,31.34,41.87,26.03,60.93,26.85,0.0,-2.98,0.14,1110.64,,79.51,81.46,66.29,90.78,38.88,95.91,23.65,15943.0,67426.0,42.48,Ruim,0,0,0
2024-02-10,2,41,Tijuca,VIII,VIII — Tijuca,-22.9247,-43.2328,26.79,64.0,,21.99,48.14,29.5,,,31.02,39.77,25.88,56.94,27.93,0.0,-2.34,0.76,1141.99,,79.51,81.46,66.29,90.78,38.88,95.91,23.65,15943.0,67426.0,42.48,Ruim,0,0,0
2024-02-11,2,42,Tijuca,VIII,VIII — Tijuca,-22.9247,-43.2328,31.25,65.0,,20.84,44.5,31.79,,,32.85,41.75,26.08,51.25,25.03,0.0,1.04,1.52,1171.01,,79.51,81.46,66.29,90.78,38.88,95.91,23.65,15943.0,67426.0,42.48,Ruim,0,0,0
2024-02-12,2,43,Tijuca,VIII,VIII — Tijuca,-22.9247,-43.2328,28.88,66.0,,30.08,64.36,29.12,,,34.06,43.37,28.77,43.61,22.68,0.0,4.86,0.86,1201.08,,79.51,81.46,66.29,90.78,38.88,95.91,23.65,15943.0,67426.0,42.48,Ruim,0,0,0
2024-02-13,2,44,Tijuca,VIII,VIII — Tijuca,-22.9247,-43.2328,40.96,105.0,,40.67,101.72,35.99,,,34.57,44.48,28.33,44.11,20.97,0.0,-0.83,-1.6,1236.0,,79.51,81.46,66.29,90.78,38.88,95.91,23.65,15943.0,67426.0,42.48,Ruim,0,1,0
2024-02-14,2,45,Tijuca,VIII,VIII — Tijuca,-22.9247,-43.2328,27.21,40.0,,37.6,58.37,26.88,,,30.87,37.53,24.95,56.34,31.67,6.0,-8.77,-4.89,1270.08,,79.51,81.46,66.29,90.78,38.88,95.91,23.65,15943.0,67426.0,42.48,Ruim,0,0,0
2024-02-15,2,46,Tijuca,VIII,VIII — Tijuca,-22.9247,-43.2328,23.42,35.0,,13.46,33.3,46.83,,,24.78,26.65,23.95,99.4,99.4,30.0,0.23,-1.96,1295.4,,79.51,81.46,66.29,90.78,38.88,95.91,23.65,15943.0,67426.0,42.48,Ruim,0,0,0
2024-02-16,2,47,Tijuca,VIII,VIII — Tijuca,-22.9247,-43.2328,27.67,33.0,,12.96,21.08,27.15,,,26.94,31.68,23.25,75.97,52.43,0.4,-0.69,2.02,1320.95,,79.51,81.46,66.29,90.78,38.88,95.91,23.65,15943.0,67426.0,42.48,Ruim,0,0,0
2024-02-17,2,48,Tijuca,VIII,VIII — Tijuca,-22.9247,-43.2328,22.04,29.0,,17.81,29.59,24.69,,,28.82,35.83,24.93,63.96,39.83,0.0,-2.48,1.06,1345.8,,79.51,81.46,66.29,90.78,38.88,95.91,23.65,15943.0,67426.0,42.48,Ruim,0,0,0
2024-02-18,2,49,Tijuca,VIII,VIII — Tijuca,-22.9247,-43.2328,22.71,42.0,,21.55,35.65,19.81,,,29.07,36.22,26.12,64.44,39.92,0.0,3.62,0.43,1368.18,,79.51,81.46,66.29,90.78,38.88,95.91,23.65,15943.0,67426.0,42.48,Ruim,0,0,0
2024-02-19,2,50,Tijuca,VIII,VIII — Tijuca,-22.9247,-43.2328,29.29,52.0,,15.66,59.55,39.39,,,29.67,38.02,26.3,65.41,39.0,0.0,3.54,-0.74,1394.18,,79.51,81.46,66.29,90.78,38.88,95.91,23.65,15943.0,67426.0,42.48,Ruim,0,0,0
2024-02-20,2,51,Tijuca,VIII,VIII — Tijuca,-22.9247,-43.2328,29.79,53.0,,14.51,38.45,45.4,,,27.59,34.48,23.77,78.69,48.7,0.0,1.96,-0.49,1423.72,,79.51,81.46,66.29,90.78,38.88,95.91,23.65,15943.0,67426.0,42.48,Ruim,0,0,0
2024-02-21,2,52,Tijuca,VIII,VIII — Tijuca,-22.9247,-43.2328,33.21,57.0,,20.83,55.74,42.57,,,28.7,37.87,24.38,78.58,43.83,3.4,-3.2,1.03,1455.22,,79.51,81.46,66.29,90.78,38.88,95.91,23.65,15943.0,67426.0,42.48,Ruim,0,0,0
2024-02-22,2,53,Tijuca,VIII,VIII — Tijuca,-22.9247,-43.2328,23.38,36.0,,11.07,44.87,38.6,,,29.64,39.93,24.22,72.26,35.05,0.0,-5.44,1.76,1483.51,,79.51,81.46,66.29,90.78,38.88,95.91,23.65,15943.0,67426.0,42.48,Ruim,0,0,0
2024-02-23,2,54,Tijuca,VIII,VIII — Tijuca,-22.9247,-43.2328,22.33,36.0,,10.76,30.83,39.9,,,32.23,37.98,28.33,56.88,37.97,0.0,1.7,1.77,1506.37,,79.51,81.46,66.29,90.78,38.88,95.91,23.65,15943.0,67426.0,42.48,Ruim,0,0,0
2024-02-24,2,55,Tijuca,VIII,VIII — Tijuca,-22.9247,-43.2328,26.79,46.0,,25.66,69.95,36.56,,,33.19,43.18,28.47,55.43,27.37,0.0,1.84,-0.4,1530.93,,79.51,81.46,66.29,90.78,38.88,95.91,23.65,15943.0,67426.0,42.48,Ruim,0,0,0
2024-02-25,2,56,Tijuca,VIII,VIII — Tijuca,-22.9247,-43.2328,26.0,40.0,,32.61,55.2,26.85,,,31.42,39.98,27.68,62.12,32.8,0.0,-0.83,-1.66,1557.32,,79.51,81.46,66.29,90.78,38.88,95.91,23.65,15943.0,67426.0,42.48,Ruim,0,0,0
2024-02-26,2,57,Tijuca,VIII,VIII — Tijuca,-22.9247,-43.2328,25.12,48.0,,30.2,53.37,30.19,,,29.86,36.48,27.4,66.9,44.85,0.0,-1.19,0.03,1582.88,,79.51,81.46,66.29,90.78,38.88,95.91,23.65,15943.0,67426.0,42.48,Ruim,0,0,0
2024-02-27,2,58,Tijuca,VIII,VIII — Tijuca,-22.9247,-43.2328,23.62,44.0,,18.62,40.84,32.93,,,31.48,38.55,26.98,62.33,37.65,0.0,2.54,0.42,1607.25,,79.51,81.46,66.29,90.78,38.88,95.91,23.65,15943.0,67426.0,42.48,Ruim,0,0,0
2024-02-28,2,59,Tijuca,VIII,VIII — Tijuca,-22.9247,-43.2328,30.21,86.0,,21.99,56.63,32.85,,,30.7,38.32,25.85,68.37,41.32,0.0,0.0,-0.31,1634.16,,79.51,81.46,66.29,90.78,38.88,95.91,23.65,15943.0,67426.0,42.48,Ruim,0,1,0
2024-02-29,2,60,Tijuca,VIII,VIII — Tijuca,-22.9247,-43.2328,23.62,50.0,,20.38,41.86,36.3,,,30.85,38.05,27.23,62.37,42.38,0.0,-1.11,-0.51,1661.08,,79.51,81.46,66.29,90.78,38.88,95.91,23.65,15943.0,67426.0,42.48,Ruim,0,0,0
2024-03-01,3,61,Tijuca,VIII,VIII — Tijuca,-22.9247,-43.2328,28.0,53.0,,18.84,46.06,30.61,,,29.67,38.05,23.68,70.47,44.37,0.0,1.1,-1.64,1686.89,,79.51,81.46,66.29,90.78,38.88,95.91,23.65,15943.0,67426.0,51.02,Regular,0,0,0
2024-03-02,3,62,Tijuca,VIII,VIII — Tijuca,-22.9247,-43.2328,25.83,35.0,,21.32,38.02,25.96,,,27.58,35.68,23.57,73.3,35.13,0.0,-1.59,-0.17,1713.8,,79.51,81.46,66.29,90.78,38.88,95.91,23.65,15943.0,67426.0,51.02,Regular,0,0,0
2024-03-03,3,63,Tijuca,VIII,VIII — Tijuca,-22.9247,-43.2328,24.83,36.0,,24.2,63.39,26.1,,,29.33,37.32,23.95,60.31,32.05,0.0,2.59,1.6,1739.13,,79.51,81.46,66.29,90.78,38.88,95.91,23.65,15943.0,67426.0,51.02,Regular,0,0,0
2024-03-04,3,64,Tijuca,VIII,VIII — Tijuca,-22.9247,-43.2328,31.0,51.0,,27.09,81.95,44.37,,,30.78,41.2,24.15,56.16,20.32,0.0,9.21,0.9,1767.05,,79.51,81.46,66.29,90.78,38.88,95.91,23.65,15943.0,67426.0,51.02,Regular,0,0,0
2024-03-05,3,65,Tijuca,VIII,VIII — Tijuca,-22.9247,-43.2328,43.25,76.0,,27.33,112.01,48.58,,,31.13,40.97,24.47,66.41,34.48,0.0,-0.88,-1.92,1804.17,,79.51,81.46,66.29,90.78,38.88,95.91,23.65,15943.0,67426.0,51.02,Regular,0,0,0
2024-03-06,3,66,Tijuca,VIII,VIII — Tijuca,-22.9247,-43.2328,29.25,49.0,,30.983999999999998,,44.62,,,26.95,34.58,24.08,87.55,51.32,0.0,-11.98,-1.21,1840.42,,79.51,81.46,66.29,90.78,38.88,95.91,23.65,15943.0,67426.0,51.02,Regular,0,0,1
2024-03-07,3,67,Tijuca,VIII,VIII — Tijuca,-22.9247,-43.2328,19.29,29.0,,34.638,,29.2,,,28.7,35.3,24.45,75.41,48.08,0.0,-2.64,1.12,1864.69,,79.51,81.46,66.29,90.78,38.88,95.91,23.65,15943.0,67426.0,51.02,Regular,0,0,1
2024-03-08,3,68,Tijuca,VIII,VIII — Tijuca,-22.9247,-43.2328,23.96,34.0,,38.292,,30.01,,,29.2,35.55,26.07,72.24,47.9,0.0,3.69,1.0,1886.32,,79.51,81.46,66.29,90.78,38.88,95.91,23.65,15943.0,67426.0,51.02,Regular,0,0,1
2024-03-09,3,69,Tijuca,VIII,VIII — Tijuca,-22.9247,-43.2328,26.67,46.0,,41.946,,33.31,,,30.69,39.45,25.67,70.0,36.33,0.0,-0.02,-0.44,1911.63,,79.51,81.46,66.29,90.78,38.88,95.91,23.65,15943.0,67426.0,51.02,Regular,0,0,1
2024-03-10,3,70,Tijuca,VIII,VIII — Tijuca,-22.9247,-43.2328,23.92,34.0,,45.599999999999994,,26.3,,,28.32,31.22,25.48,81.5,63.3,0.0,-2.36,-1.11,1936.93,,79.51,81.46,66.29,90.78,38.88,95.91,23.65,15943.0,67426.0,51.02,Regular,0,0,1
2024-03-11,3,71,Tijuca,VIII,VIII — Tijuca,-22.9247,-43.2328,21.96,30.0,,49.254,,24.66,,,28.48,35.52,24.4,73.04,42.82,0.0,1.7,-0.38,1959.87,,79.51,81.46,66.29,90.78,38.88,95.91,23.65,15943.0,67426.0,51.02,Regular,0,0,1
2024-03-12,3,72,Tijuca,VIII,VIII — Tijuca,-22.9247,-43.2328,27.33,39.0,,52.908,,34.99,,,27.56,30.57,26.2,71.38,62.67,0.0,4.79,0.0,1984.52,,79.51,81.46,66.29,90.78,38.88,95.91,23.65,15943.0,67426.0,51.02,Regular,0,0,1
2024-03-13,3,73,Tijuca,VIII,VIII — Tijuca,-22.9247,-43.2328,31.54,47.0,,56.562,,36.8,,,28.49,33.63,25.93,62.4,45.87,0.0,3.11,1.41,2013.95,,79.51,81.46,66.29,90.78,38.88,95.91,23.65,15943.0,67426.0,51.02,Regular,0,0,1
2024-03-14,3,74,Tijuca,VIII,VIII — Tijuca,-22.9247,-43.2328,33.54,46.0,,60.215999999999994,,43.0,,,30.38,38.2,25.05,61.74,34.57,0.0,5.23,1.75,2046.49,,79.51,81.46,66.29,90.78,38.88,95.91,23.65,15943.0,67426.0,51.02,Regular,0,0,1
2024-03-15,3,75,Tijuca,VIII,VIII — Tijuca,-22.9247,-43.2328,42.0,61.0,,63.87,119.01,51.06,,,31.99,40.48,26.62,60.41,34.12,0.0,10.02,1.51,2084.26,,79.51,81.46,66.29,90.78,38.88,95.91,23.65,15943.0,67426.0,51.02,Regular,0,0,0
2024-03-16,3,76,Tijuca,VIII,VIII — Tijuca,-22.9247,-43.2328,53.58,78.0,,58.97,168.94,47.74,,,33.39,42.48,26.98,60.16,31.28,0.0,5.29,1.2,2132.05,,79.51,81.46,66.29,90.78,38.88,95.91,23.65,15943.0,67426.0,51.02,Regular,0,0,0
2024-03-17,3,77,Tijuca,VIII,VIII — Tijuca,-22.9247,-43.2328,52.58,71.0,,68.18,158.69,43.4,,,34.39,44.15,28.28,58.08,27.63,0.0,-7.43,-0.87,2185.13,,79.51,81.46,66.29,90.78,38.88,95.91,23.65,15943.0,67426.0,51.02,Regular,0,0,0
2024-03-18,3,78,Tijuca,VIII,VIII — Tijuca,-22.9247,-43.2328,38.71,68.0,,49.91,87.84,40.13,,,31.65,39.38,28.58,63.41,39.12,0.0,-2.91,-1.17,2230.77,,79.51,81.46,66.29,90.78,38.88,95.91,23.65,15943.0,67426.0,51.02,Regular,0,0,0
2024-03-19,3,79,Tijuca,VIII,VIII — Tijuca,-22.9247,-43.2328,46.75,65.0,,29.97,107.44,49.87,,,32.05,39.22,28.12,66.65,41.57,0.0,0.91,0.41,2273.5,,79.51,81.46,66.29,90.78,38.88,95.91,23.65,15943.0,67426.0,51.02,Regular,0,0,0
2024-03-20,3,80,Tijuca,VIII,VIII — Tijuca,-22.9247,-43.2328,40.54,60.0,,30.38,83.35,53.81,,,32.48,40.3,27.48,62.01,36.07,0.0,-7.07,0.98,2317.15,,79.51,81.46,66.29,90.78,38.88,95.91,23.65,15943.0,67426.0,51.02,Regular,0,0,0
2024-03-21,3,81,Tijuca,VIII,VIII — Tijuca,-22.9247,-43.2328,32.62,51.0,,31.88,75.8,46.65,,,34.0,41.35,28.63,53.96,29.93,0.0,-10.15,-3.03,2353.73,,79.51,81.46,66.29,90.78,38.88,95.91,23.65,15943.0,67426.0,51.02,Regular,0,0,0
2024-03-22,3,82,Tijuca,VIII,VIII — Tijuca,-22.9247,-43.2328,20.23,37.0,,35.2,72.21,28.85,,,26.42,30.72,23.15,88.19,64.25,0.0,-7.25,-4.98,2380.15,,79.51,81.46,66.29,90.78,38.88,95.91,23.65,15943.0,67426.0,51.02,Regular,0,0,0
2024-03-23,3,83,Tijuca,VIII,VIII — Tijuca,-22.9247,-43.2328,18.115000000000002,,,23.88,36.73,23.23,,,24.04,28.55,21.75,87.3,56.12,0.0,-2.12,-1.6,2399.33,,79.51,81.46,66.29,90.78,38.88,95.91,23.65,15943.0,67426.0,51.02,Regular,1,0,1
2024-03-24,3,84,Tijuca,VIII,VIII — Tijuca,-22.9247,-43.2328,16.0,23.0,,16.8,28.31,23.08,,,23.23,24.53,22.27,99.4,99.4,9.6,3.61,1.2,2416.38,,79.51,81.46,66.29,90.78,38.88,95.91,23.65,15943.0,67426.0,51.02,Regular,0,0,0
2024-03-25,3,85,Tijuca,VIII,VIII — Tijuca,-22.9247,-43.2328,25.33,37.0,,17.48,35.04,26.0,,,26.44,32.37,22.92,79.71,52.77,0.0,4.31,0.5,2437.05,,79.51,81.46,66.29,90.78,38.88,95.91,23.65,15943.0,67426.0,51.02,Regular,0,0,0
2024-03-26,3,86,Tijuca,VIII,VIII — Tijuca,-22.9247,-43.2328,24.62,43.0,,5.83,14.22,33.24,,,24.24,28.75,21.95,92.09,71.65,0.0,3.39,-1.23,2462.02,,79.51,81.46,66.29,90.78,38.88,95.91,23.65,15943.0,67426.0,51.02,Regular,0,0,0
2024-03-27,3,87,Tijuca,VIII,VIII — Tijuca,-22.9247,-43.2328,32.12,53.0,,3.89,8.43,39.54,,,23.98,28.07,22.0,93.24,71.18,2.0,0.9,-0.17,2490.39,,79.51,81.46,66.29,90.78,38.88,95.91,23.65,15943.0,67426.0,51.02,Regular,0,0,0
2024-03-28,3,88,Tijuca,VIII,VIII — Tijuca,-22.9247,-43.2328,26.42,46.0,,10.3,23.29,30.01,,,23.89,27.57,22.48,98.08,81.8,4.6,-4.04,1.07,2519.66,,79.51,81.46,66.29,90.78,38.88,95.91,23.65,15943.0,67426.0,51.02,Regular,0,0,0
2024-03-29,3,89,Tijuca,VIII,VIII — Tijuca,-22.9247,-43.2328,24.04,39.0,,12.88,22.77,27.76,,,26.12,30.9,24.28,90.05,65.52,1.2,3.02,1.48,2544.89,,79.51,81.46,66.29,90.78,38.88,95.91,23.65,15943.0,67426.0,51.02,Regular,0,0,0
2024-03-30,3,90,Tijuca,VIII,VIII — Tijuca,-22.9247,-43.2328,32.46,63.0,,20.98,41.81,26.88,,,26.85,32.0,24.35,81.0,57.2,0.2,-1.73,0.85,2573.14,,79.51,81.46,66.29,90.78,38.88,95.91,23.65,15943.0,67426.0,51.02,Regular,0,0,0
2024-03-31,3,91,Tijuca,VIII,VIII — Tijuca,-22.9247,-43.2328,20.58,34.0,,27.28,39.84,22.82,,,27.83,35.07,23.83,67.09,45.03,0.0,-4.36,0.5,2599.66,,79.51,81.46,66.29,90.78,38.88,95.91,23.65,15943.0,67426.0,51.02,Regular,0,0,0
2024-04-01,4,92,Tijuca,VIII,VIII — Tijuca,-22.9247,-43.2328,23.75,37.0,,25.56,52.34,30.42,,,27.85,33.92,23.97,64.14,39.73,0.0,7.75,0.33,2621.83,,79.51,81.46,66.29,90.78,38.88,95.91,23.65,15943.0,67426.0,49.15,Ruim,0,0,0
2024-04-02,4,93,Tijuca,VIII,VIII — Tijuca,-22.9247,-43.2328,36.08,65.0,,21.91,64.47,57.65,,,28.49,35.17,23.27,61.93,38.74,0.0,11.57,0.38,2651.74,,79.51,81.46,66.29,90.78,38.88,95.91,23.65,15943.0,67426.0,49.15,Ruim,0,0,0
2024-04-03,4,94,Tijuca,VIII,VIII — Tijuca,-22.9247,-43.2328,46.88,82.0,,37.44,93.57,55.8,,,28.62,35.93,24.38,63.82,41.79,0.0,0.82,0.24,2693.22,,79.51,81.46,66.29,90.78,38.88,95.91,23.65,15943.0,67426.0,49.15,Ruim,0,1,0
2024-04-04,4,95,Tijuca,VIII,VIII — Tijuca,-22.9247,-43.2328,37.71,67.0,,44.15,103.73,41.88,,,28.96,36.32,24.35,63.99,34.22,0.0,-5.38,0.12,2735.52,,79.51,81.46,66.29,90.78,38.88,95.91,23.65,15943.0,67426.0,49.15,Ruim,0,0,0
2024-04-05,4,96,Tijuca,VIII,VIII — Tijuca,-22.9247,-43.2328,36.12,74.0,,35.5,83.59,40.33,,,28.87,36.07,24.32,64.96,44.48,0.0,4.81,-0.3,2772.43,,79.51,81.46,66.29,90.78,38.88,95.91,23.65,15943.0,67426.0,49.15,Ruim,0,0,0
2024-04-06,4,97,Tijuca,VIII,VIII — Tijuca,-22.9247,-43.2328,47.33,108.0,,37.06,66.34,37.93,,,28.36,35.08,24.17,61.87,38.75,0.0,10.6,-0.36,2814.16,,79.51,81.46,66.29,90.78,38.88,95.91,23.65,15943.0,67426.0,49.15,Ruim,0,1,0
2024-04-07,4,98,Tijuca,VIII,VIII — Tijuca,-22.9247,-43.2328,57.33,104.0,,23.15,64.61,44.89,,,28.15,34.33,24.87,65.73,40.07,0.0,-7.59,0.2,2866.49,,79.51,81.46,66.29,90.78,38.88,95.91,23.65,15943.0,67426.0,49.15,Ruim,0,1,0
2024-04-08,4,99,Tijuca,VIII,VIII — Tijuca,-22.9247,-43.2328,32.14,55.0,,21.71,50.73,,,,28.76,35.22,24.25,64.25,39.57,0.0,-7.33,0.59,2911.22,,79.51,81.46,66.29,90.78,38.88,95.91,23.65,15943.0,67426.0,49.15,Ruim,0,0,0
2024-04-09,4,100,Tijuca,VIII,VIII — Tijuca,-22.9247,-43.2328,42.67,64.0,,26.02,69.84,,,,29.32,35.83,25.83,63.24,41.08,0.0,4.82,0.41,2948.63,,79.51,81.46,66.29,90.78,38.88,95.91,23.65,15943.0,67426.0,49.15,Ruim,0,0,0
2024-04-10,4,101,Tijuca,VIII,VIII — Tijuca,-22.9247,-43.2328,41.79,96.0,,27.41,74.16,,,,29.58,37.88,24.37,62.25,30.48,0.0,-1.17,-0.17,2990.86,,79.51,81.46,66.29,90.78,38.88,95.91,23.65,15943.0,67426.0,49.15,Ruim,0,1,0
2024-04-11,4,102,Tijuca,VIII,VIII — Tijuca,-22.9247,-43.2328,40.33,90.0,,24.0,48.34,,,,28.99,35.47,25.68,69.05,39.87,0.0,-8.66,-0.45,3031.92,,79.51,81.46,66.29,90.78,38.88,95.91,23.65,15943.0,67426.0,49.15,Ruim,0,1,0
2024-04-12,4,103,Tijuca,VIII,VIII — Tijuca,-22.9247,-43.2328,24.46,64.0,,20.41,41.96,,,,28.67,35.68,24.93,64.98,40.62,0.0,-8.31,-0.09,3064.31,,79.51,81.46,66.29,90.78,38.88,95.91,23.65,15943.0,67426.0,49.15,Ruim,0,0,0
2024-04-13,4,104,Tijuca,VIII,VIII — Tijuca,-22.9247,-43.2328,23.71,35.0,,27.97,52.38,22.9,,,28.81,35.43,24.5,62.29,39.47,0.0,-1.0,-0.58,3088.4,,79.51,81.46,66.29,90.78,38.88,95.91,23.65,15943.0,67426.0,49.15,Ruim,0,0,0
2024-04-14,4,105,Tijuca,VIII,VIII — Tijuca,-22.9247,-43.2328,22.46,31.0,,27.71,42.58,20.14,,,27.52,31.73,24.73,66.7,49.42,0.0,4.62,0.01,3111.48,,79.51,81.46,66.29,90.78,38.88,95.91,23.65,15943.0,67426.0,49.15,Ruim,0,0,0
2024-04-15,4,106,Tijuca,VIII,VIII — Tijuca,-22.9247,-43.2328,32.96,56.0,,23.83,56.97,29.76,,,28.83,35.13,25.1,60.16,38.55,0.0,3.46,1.03,3139.2,,79.51,81.46,66.29,90.78,38.88,95.91,23.65,15943.0,67426.0,49.15,Ruim,0,0,0
2024-04-16,4,107,Tijuca,VIII,VIII — Tijuca,-22.9247,-43.2328,29.38,46.0,,24.94,69.18,31.47,,,29.57,36.22,24.78,61.06,36.08,0.0,2.86,0.56,3170.36,,79.51,81.46,66.29,90.78,38.88,95.91,23.65,15943.0,67426.0,49.15,Ruim,0,0,0
2024-04-17,4,108,Tijuca,VIII,VIII — Tijuca,-22.9247,-43.2328,38.67,65.0,,21.02,57.28,48.71,,,29.94,37.7,24.98,58.13,34.75,0.0,2.62,-2.31,3204.39,,79.51,81.46,66.29,90.78,38.88,95.91,23.65,15943.0,67426.0,49.15,Ruim,0,0,0
2024-04-18,4,109,Tijuca,VIII,VIII — Tijuca,-22.9247,-43.2328,34.62,57.0,,36.96,71.42,26.22,,,24.95,28.23,20.18,72.68,55.82,0.8,-5.34,-2.68,3241.04,,79.51,81.46,66.29,90.78,38.88,95.91,23.65,15943.0,67426.0,49.15,Ruim,0,0,0
2024-04-19,4,110,Tijuca,VIII,VIII — Tijuca,-22.9247,-43.2328,28.0,40.0,,26.67,39.55,31.41,,,24.59,29.38,22.7,59.91,37.78,0.0,-3.33,0.17,3272.34,,79.51,81.46,66.29,90.78,38.88,95.91,23.65,15943.0,67426.0,49.15,Ruim,0,0,0
2024-04-20,4,111,Tijuca,VIII,VIII — Tijuca,-22.9247,-43.2328,27.96,55.0,,30.04,62.8,31.75,,,25.29,33.37,20.73,59.92,33.43,0.0,-2.44,0.7,3300.32,,79.51,81.46,66.29,90.78,38.88,95.91,23.65,15943.0,67426.0,49.15,Ruim,0,0,0
2024-04-21,4,112,Tijuca,VIII,VIII — Tijuca,-22.9247,-43.2328,23.12,39.0,,38.8,68.74,26.0,,,25.99,33.52,21.3,55.58,31.22,0.0,0.34,0.92,3325.86,,79.51,81.46,66.29,90.78,38.88,95.91,23.65,15943.0,67426.0,49.15,Ruim,0,0,0
2024-04-22,4,113,Tijuca,VIII,VIII — Tijuca,-22.9247,-43.2328,28.64,57.0,,30.62,80.97,38.61,,,27.12,35.78,21.38,57.96,31.3,0.0,9.32,1.41,3351.74,,79.51,81.46,66.29,90.78,38.88,95.91,23.65,15943.0,67426.0,49.15,Ruim,0,0,0
2024-04-23,4,114,Tijuca,VIII,VIII — Tijuca,-22.9247,-43.2328,41.75,60.0,,51.81,156.66,38.55,,,28.81,37.65,23.15,55.97,31.17,0.0,7.68,1.47,3386.94,,79.51,81.46,66.29,90.78,38.88,95.91,23.65,15943.0,67426.0,49.15,Ruim,0,0,0
2024-04-24,4,115,Tijuca,VIII,VIII — Tijuca,-22.9247,-43.2328,44.0,94.0,,56.02,116.43,45.3,,,30.06,40.3,23.83,51.45,21.23,0.0,0.11,-0.59,3429.82,,79.51,81.46,66.29,90.78,38.88,95.91,23.65,15943.0,67426.0,49.15,Ruim,0,1,0
2024-04-25,4,116,Tijuca,VIII,VIII — Tijuca,-22.9247,-43.2328,41.96,76.0,,48.78,76.35,32.66,,,27.63,31.3,26.03,68.32,55.38,0.0,0.16,-1.51,3472.8,,79.51,81.46,66.29,90.78,38.88,95.91,23.65,15943.0,67426.0,49.15,Ruim,0,0,0
2024-04-26,4,117,Tijuca,VIII,VIII — Tijuca,-22.9247,-43.2328,44.33,55.0,,28.84,39.15,26.06,,,27.03,32.92,24.68,64.42,45.03,0.0,-3.62,0.44,3515.94,,79.51,81.46,66.29,90.78,38.88,95.91,23.65,15943.0,67426.0,49.15,Ruim,0,0,0
2024-04-27,4,118,Tijuca,VIII,VIII — Tijuca,-22.9247,-43.2328,34.71,50.0,,27.81,85.56,34.16,,,28.5,36.22,22.65,59.61,35.63,0.0,-3.68,2.28,3555.46,,79.51,81.46,66.29,90.78,38.88,95.91,23.65,15943.0,67426.0,49.15,Ruim,0,0,0
2024-04-28,4,119,Tijuca,VIII,VIII — Tijuca,-22.9247,-43.2328,36.96,56.0,,45.53,99.68,35.37,,,31.6,40.63,26.28,47.4,24.43,0.0,8.93,0.76,3591.3,,79.51,81.46,66.29,90.78,38.88,95.91,23.65,15943.0,67426.0,49.15,Ruim,0,0,0
2024-04-29,4,120,Tijuca,VIII,VIII — Tijuca,-22.9247,-43.2328,52.58,80.0,,57.34,103.55,50.27,,,30.02,36.72,26.05,60.93,40.42,0.0,10.54,-0.66,3636.06,,79.51,81.46,66.29,90.78,38.88,95.91,23.65,15943.0,67426.0,49.15,Ruim,0,0,0
2024-04-30,4,121,Tijuca,VIII,VIII — Tijuca,-22.9247,-43.2328,58.04,81.0,,40.77,104.36,48.53,,,30.29,38.17,24.72,61.86,30.77,0.0,-0.73,0.49,3691.38,,79.51,81.46,66.29,90.78,38.88,95.91,23.65,15943.0,67426.0,49.15,Ruim,0,0,0
2024-05-01,5,122,Tijuca,VIII,VIII — Tijuca,-22.9247,-43.2328,51.12,70.0,,50.24,136.27,41.54,,,31.0,39.5,25.68,57.28,31.93,0.0,-3.29,0.82,3745.96,,79.51,81.46,66.29,90.78,38.88,95.91,23.65,15943.0,67426.0,47.06,Ruim,0,0,0
2024-05-02,5,123,Tijuca,VIII,VIII — Tijuca,-22.9247,-43.2328,51.46,79.0,,38.98,102.55,49.95,,,31.93,39.8,26.48,50.86,27.35,0.0,-2.39,-0.37,3797.24,,79.51,81.46,66.29,90.78,38.88,95.91,23.65,15943.0,67426.0,47.06,Ruim,0,0,0
2024-05-03,5,124,Tijuca,VIII,VIII — Tijuca,-22.9247,-43.2328,46.33,73.0,,27.42,56.53,45.42,,,30.26,38.23,25.97,54.73,34.85,0.0,0.93,-0.96,3846.14,,79.51,81.46,66.29,90.78,38.88,95.91,23.65,15943.0,67426.0,47.06,Ruim,0,0,0
2024-05-04,5,125,Tijuca,VIII,VIII — Tijuca,-22.9247,-43.2328,53.33,74.0,,33.93,95.26,47.98,,,30.0,38.53,24.58,58.96,28.8,0.0,-1.43,-0.2,3895.97,,79.51,81.46,66.29,90.78,38.88,95.91,23.65,15943.0,67426.0,47.06,Ruim,0,0,0
2024-05-05,5,126,Tijuca,VIII,VIII — Tijuca,-22.9247,-43.2328,43.46,65.0,,37.06,129.66,40.92,,,29.86,38.12,24.47,57.9,27.55,0.0,-8.93,-0.45,3944.36,,79.51,81.46,66.29,90.78,38.88,95.91,23.65,15943.0,67426.0,47.06,Ruim,0,0,0
2024-05-06,5,127,Tijuca,VIII,VIII — Tijuca,-22.9247,-43.2328,35.46,46.0,,20.72,60.31,38.12,,,29.1,36.7,23.93,58.59,29.33,0.0,-1.0,0.05,3983.82,,79.51,81.46,66.29,90.78,38.88,95.91,23.65,15943.0,67426.0,47.06,Ruim,0,0,0
2024-05-07,5,128,Tijuca,VIII,VIII — Tijuca,-22.9247,-43.2328,41.46,79.0,,26.1,79.25,42.77,,,29.97,37.75,24.62,51.97,30.2,0.0,0.86,0.75,4022.28,,79.51,81.46,66.29,90.78,38.88,95.91,23.65,15943.0,67426.0,47.06,Ruim,0,0,0
2024-05-08,5,129,Tijuca,VIII,VIII — Tijuca,-22.9247,-43.2328,37.17,62.0,,21.09,57.56,40.78,,,30.6,38.28,25.52,47.65,27.38,0.0,-1.96,0.85,4061.6,,79.51,81.46,66.29,90.78,38.88,95.91,23.65,15943.0,67426.0,47.06,Ruim,0,0,0
2024-05-09,5,130,Tijuca,VIII,VIII — Tijuca,-22.9247,-43.2328,37.54,59.0,,30.27,73.84,45.78,,,31.66,39.53,27.12,42.42,22.88,0.0,6.81,0.05,4098.96,,79.51,81.46,66.29,90.78,38.88,95.91,23.65,15943.0,67426.0,47.06,Ruim,0,0,0
2024-05-10,5,131,Tijuca,VIII,VIII — Tijuca,-22.9247,-43.2328,50.790000000000006,,,36.4,,,,,30.695,,,50.010000000000005,,0.0,13.25,-0.96,4143.12,,79.51,81.46,66.29,90.78,38.88,95.91,23.65,15943.0,67426.0,47.06,Ruim,1,0,1
2024-05-11,5,132,Tijuca,VIII,VIII — Tijuca,-22.9247,-43.2328,64.04,111.0,,42.53,115.39,55.85,,,29.73,38.32,24.07,57.6,32.1,0.0,1.87,-0.03,4200.54,,79.51,81.46,66.29,90.78,38.88,95.91,23.65,15943.0,67426.0,47.06,Ruim,0,1,0
2024-05-12,5,133,Tijuca,VIII,VIII — Tijuca,-22.9247,-43.2328,54.54,101.0,,53.46,129.03,53.5,,,30.64,38.78,25.58,47.56,27.28,0.0,-8.36,0.66,4259.82,,79.51,81.46,66.29,90.78,38.88,95.91,23.65,15943.0,67426.0,47.06,Ruim,0,1,0
2024-05-13,5,134,Tijuca,VIII,VIII — Tijuca,-22.9247,-43.2328,47.33,96.0,,34.12,77.59,54.35,,,31.06,39.42,25.15,41.07,17.43,0.0,-10.08,-1.46,4310.76,,79.51,81.46,66.29,90.78,38.88,95.91,23.65,15943.0,67426.0,47.06,Ruim,0,1,0
2024-05-14,5,135,Tijuca,VIII,VIII — Tijuca,-22.9247,-43.2328,34.38,57.0,,38.55,75.01,30.77,,,27.72,33.72,24.62,63.61,39.92,0.0,-16.47,-3.43,4351.62,,79.51,81.46,66.29,90.78,38.88,95.91,23.65,15943.0,67426.0,47.06,Ruim,0,0,0
2024-05-15,5,136,Tijuca,VIII,VIII — Tijuca,-22.9247,-43.2328,14.38,31.0,,22.67,40.46,29.91,,,24.2,26.35,22.47,79.23,72.17,0.0,-1.48,-0.71,4376.0,,79.51,81.46,66.29,90.78,38.88,95.91,23.65,15943.0,67426.0,47.06,Ruim,0,0,0
2024-05-16,5,137,Tijuca,VIII,VIII — Tijuca,-22.9247,-43.2328,31.42,51.0,,20.01,37.02,36.23,,,26.29,31.13,23.05,71.75,52.73,0.0,15.58,3.0,4398.89,,79.51,81.46,66.29,90.78,38.88,95.91,23.65,15943.0,67426.0,47.06,Ruim,0,0,0
2024-05-17,5,138,Tijuca,VIII,VIII — Tijuca,-22.9247,-43.2328,45.54,70.0,,24.79,99.94,74.83,,,30.19,39.81,23.85,54.19,24.28,0.0,7.68,1.01,4437.37,,79.51,81.46,66.29,90.78,38.88,95.91,23.65,15943.0,67426.0,47.06,Ruim,0,0,0
2024-05-18,5,139,Tijuca,VIII,VIII — Tijuca,-22.9247,-43.2328,46.79,70.0,,40.62,76.39,45.18,,,28.31,35.52,25.29,59.67,42.67,0.0,1.29,-1.54,4483.54,,79.51,81.46,66.29,90.78,38.88,95.91,23.65,15943.0,67426.0,47.06,Ruim,0,0,0
2024-05-19,5,140,Tijuca,VIII,VIII — Tijuca,-22.9247,-43.2328,48.12,82.0,,41.8,64.62,37.21,,,27.1,32.38,24.95,70.84,51.08,0.0,2.69,-0.34,4530.99,,79.51,81.46,66.29,90.78,38.88,95.91,23.65,15943.0,67426.0,47.06,Ruim,0,1,0
2024-05-20,5,141,Tijuca,VIII,VIII — Tijuca,-22.9247,-43.2328,52.17,92.0,,37.93,97.16,50.39,,,27.62,34.91,23.82,69.54,41.73,0.0,-9.6,-1.2,4581.14,,79.51,81.46,66.29,90.78,38.88,95.91,23.65,15943.0,67426.0,47.06,Ruim,0,1,0
2024-05-21,5,142,Tijuca,VIII,VIII — Tijuca,-22.9247,-43.2328,28.92,49.0,,21.12,39.58,38.71,,,24.7,26.65,22.09,77.53,62.01,0.0,-8.98,-0.87,4621.68,,79.51,81.46,66.29,90.78,38.88,95.91,23.65,15943.0,67426.0,47.06,Ruim,0,0,0
2024-05-22,5,143,Tijuca,VIII,VIII — Tijuca,-22.9247,-43.2328,34.21,52.0,,19.96,47.97,43.04,,,25.89,32.47,21.95,68.91,44.38,0.0,3.0,1.39,4653.25,,79.51,81.46,66.29,90.78,38.88,95.91,23.65,15943.0,67426.0,47.06,Ruim,0,0,0
2024-05-23,5,144,Tijuca,VIII,VIII — Tijuca,-22.9247,-43.2328,34.92,54.0,,24.65,79.11,48.93,,,27.48,34.45,22.15,62.12,34.78,0.0,3.25,1.02,4687.81,,79.51,81.46,66.29,90.78,38.88,95.91,23.65,15943.0,67426.0,47.06,Ruim,0,0,0
2024-05-24,5,145,Tijuca,VIII,VIII — Tijuca,-22.9247,-43.2328,40.71,63.0,,34.84,91.54,43.8,,,27.92,36.45,23.17,59.19,29.55,0.0,-0.19,-1.39,4725.63,,79.51,81.46,66.29,90.78,38.88,95.91,23.65,15943.0,67426.0,47.06,Ruim,0,0,0
2024-05-25,5,146,Tijuca,VIII,VIII — Tijuca,-22.9247,-43.2328,34.54,63.0,,23.95,34.74,32.83,,,24.69,27.0,22.78,71.83,57.9,0.0,-10.48,-3.66,4763.25,,79.51,81.46,66.29,90.78,38.88,95.91,23.65,15943.0,67426.0,47.06,Ruim,0,0,0
2024-05-26,5,147,Tijuca,VIII,VIII — Tijuca,-22.9247,-43.2328,19.75,41.0,,17.11,31.29,32.77,,,20.6,22.5,19.87,97.29,81.28,12.0,-5.03,-0.71,4790.4,,79.51,81.46,66.29,90.78,38.88,95.91,23.65,15943.0,67426.0,47.06,Ruim,0,0,0
2024-05-27,5,148,Tijuca,VIII,VIII — Tijuca,-22.9247,-43.2328,24.48,,,21.314999999999998,,,,,23.275,,,87.015,,0.0,4.73,2.67,4812.51,,79.51,81.46,66.29,90.78,38.88,95.91,23.65,15943.0,67426.0,47.06,Ruim,1,0,1
2024-05-28,5,149,Tijuca,VIII,VIII — Tijuca,-22.9247,-43.2328,29.21,43.0,,25.52,55.96,37.39,,,25.95,33.35,21.02,76.74,43.22,0.0,2.07,-0.38,4839.36,,79.51,81.46,66.29,90.78,38.88,95.91,23.65,15943.0,67426.0,47.06,Ruim,0,0,0
2024-05-29,5,150,Tijuca,VIII,VIII — Tijuca,-22.9247,-43.2328,28.62,44.0,,29.82,37.27,25.52,,,22.51,23.6,20.83,70.81,59.12,0.0,0.14,-1.94,4868.27,,79.51,81.46,66.29,90.78,38.88,95.91,23.65,15943.0,67426.0,47.06,Ruim,0,0,0
2024-05-30,5,151,Tijuca,VIII,VIII — Tijuca,-22.9247,-43.2328,29.5,40.0,,41.07,54.09,21.78,,,22.08,26.13,20.1,61.68,43.08,0.0,4.6,-0.61,4897.33,,79.51,81.46,66.29,90.78,38.88,95.91,23.65,15943.0,67426.0,47.06,Ruim,0,0,0
2024-05-31,5,152,Tijuca,VIII,VIII — Tijuca,-22.9247,-43.2328,37.83,69.0,,13.25,26.09,39.01,,,21.29,24.32,19.08,79.9,64.87,0.2,4.83,0.25,4931.0,,79.51,81.46,66.29,90.78,38.88,95.91,23.65,15943.0,67426.0,47.06,Ruim,0,0,0
2024-06-01,6,153,Tijuca,VIII,VIII — Tijuca,-22.9247,-43.2328,39.163333333333334,,,14.613333333333333,,,,,22.57,,,73.80000000000001,,0.0,1.33,1.28,4969.5,,79.51,81.46,66.29,90.78,38.88,95.91,23.65,15943.0,67426.0,53.5,Regular,1,0,1
2024-06-02,6,154,Tijuca,VIII,VIII — Tijuca,-22.9247,-43.2328,40.49666666666666,,,15.976666666666667,,,,,23.849999999999998,,,67.7,,0.0,1.33,1.28,5009.33,,79.51,81.46,66.29,90.78,38.88,95.91,23.65,15943.0,67426.0,53.5,Regular,1,0,1
2024-06-03,6,155,Tijuca,VIII,VIII — Tijuca,-22.9247,-43.2328,41.83,76.0,,17.34,64.68,60.02,,,25.13,32.3,19.7,61.6,35.57,0.0,-4.16,-0.08,5050.49,,79.51,81.46,66.29,90.78,38.88,95.91,23.65,15943.0,67426.0,53.5,Regular,0,0,0
2024-06-04,6,156,Tijuca,VIII,VIII — Tijuca,-22.9247,-43.2328,32.17,45.0,,25.98,46.12,38.95,,,23.69,27.42,21.32,79.22,59.12,15.6,-8.12,-1.3,5087.49,,79.51,81.46,66.29,90.78,38.88,95.91,23.65,15943.0,67426.0,53.5,Regular,0,0,0
2024-06-05,6,157,Tijuca,VIII,VIII — Tijuca,-22.9247,-43.2328,25.58,40.0,,14.36,28.07,38.77,,,22.52,26.73,20.07,86.47,62.6,1.0,0.22,-0.09,5116.36,,79.51,81.46,66.29,90.78,38.88,95.91,23.65,15943.0,67426.0,53.5,Regular,0,0,0
2024-06-06,6,158,Tijuca,VIII,VIII — Tijuca,-22.9247,-43.2328,32.62,55.0,,15.79,32.95,43.91,,,23.51,29.28,19.18,74.68,45.3,0.0,11.55,0.96,5145.46,,79.51,81.46,66.29,90.78,38.88,95.91,23.65,15943.0,67426.0,53.5,Regular,0,0,0
2024-06-07,6,159,Tijuca,VIII,VIII — Tijuca,-22.9247,-43.2328,48.67,92.0,,18.27,45.49,56.73,,,24.43,31.45,20.08,75.48,45.0,0.0,12.03,0.5,5186.11,,79.51,81.46,66.29,90.78,38.88,95.91,23.65,15943.0,67426.0,53.5,Regular,0,1,0
2024-06-08,6,160,Tijuca,VIII,VIII — Tijuca,-22.9247,-43.2328,56.67,122.0,,16.6,51.54,53.88,,,24.52,30.82,20.47,77.93,49.87,0.0,-2.07,0.22,5238.78,,79.51,81.46,66.29,90.78,38.88,95.91,23.65,15943.0,67426.0,53.5,Regular,0,1,0
2024-06-09,6,161,Tijuca,VIII,VIII — Tijuca,-22.9247,-43.2328,44.54,64.0,,21.16,57.98,45.61,,,24.87,31.05,21.2,74.8,46.8,0.0,-9.67,0.66,5289.38,,79.51,81.46,66.29,90.78,38.88,95.91,23.65,15943.0,67426.0,53.5,Regular,0,0,0
2024-06-10,6,162,Tijuca,VIII,VIII — Tijuca,-22.9247,-43.2328,37.33,67.0,,21.0,89.56,60.33,,,25.84,33.52,20.85,58.86,34.35,0.0,2.46,0.54,5330.32,,79.51,81.46,66.29,90.78,38.88,95.91,23.65,15943.0,67426.0,53.5,Regular,0,0,0
2024-06-11,6,163,Tijuca,VIII,VIII — Tijuca,-22.9247,-43.2328,49.46,105.0,,23.34,62.71,71.54,,,25.96,34.53,20.73,55.48,27.9,0.0,6.03,-0.33,5373.72,,79.51,81.46,66.29,90.78,38.88,95.91,23.65,15943.0,67426.0,53.5,Regular,0,1,0
2024-06-12,6,164,Tijuca,VIII,VIII — Tijuca,-22.9247,-43.2328,49.38,111.0,,32.81,77.91,59.54,,,25.18,32.87,20.42,60.64,35.0,0.0,-1.38,-0.5,5423.14,,79.51,81.46,66.29,90.78,38.88,95.91,23.65,15943.0,67426.0,53.5,Regular,0,1,0
2024-06-13,6,165,Tijuca,VIII,VIII — Tijuca,-22.9247,-43.2328,46.71,65.0,,20.99,67.79,60.4,,,24.97,33.33,20.0,61.62,30.38,0.0,-7.8,0.54,5471.18,,79.51,81.46,66.29,90.78,38.88,95.91,23.65,15943.0,67426.0,53.5,Regular,0,0,0
2024-06-14,6,166,Tijuca,VIII,VIII — Tijuca,-22.9247,-43.2328,33.79,54.0,,18.29,52.93,52.31,,,26.25,34.67,20.13,46.96,26.07,0.0,-4.89,0.7,5511.43,,79.51,81.46,66.29,90.78,38.88,95.91,23.65,15943.0,67426.0,53.5,Regular,0,0,0
2024-06-15,6,167,Tijuca,VIII,VIII — Tijuca,-22.9247,-43.2328,36.92,56.0,,22.94,75.64,53.67,,,26.37,34.45,21.23,47.33,24.17,0.0,-0.16,0.12,5546.78,,79.51,81.46,66.29,90.78,38.88,95.91,23.65,15943.0,67426.0,53.5,Regular,0,0,0
2024-06-16,6,168,Tijuca,VIII,VIII — Tijuca,-22.9247,-43.2328,33.46,65.0,,30.96,94.39,44.3,,,26.49,34.47,21.7,50.44,28.47,0.0,-0.05,0.24,5581.98,,79.51,81.46,66.29,90.78,38.88,95.91,23.65,15943.0,67426.0,53.5,Regular,0,0,0
2024-06-17,6,169,Tijuca,VIII,VIII — Tijuca,-22.9247,-43.2328,36.83,51.0,,17.1,55.51,55.43,,,26.85,34.95,22.03,47.52,26.23,0.0,1.06,0.31,5617.12,,79.51,81.46,66.29,90.78,38.88,95.91,23.65,15943.0,67426.0,53.5,Regular,0,0,0
2024-06-18,6,170,Tijuca,VIII,VIII — Tijuca,-22.9247,-43.2328,35.58,72.0,,27.07,63.91,43.48,,,27.1,34.32,22.67,42.4,23.52,0.0,7.28,-0.16,5653.32,,79.51,81.46,66.29,90.78,38.88,95.91,23.65,15943.0,67426.0,53.5,Regular,0,0,0
2024-06-19,6,171,Tijuca,VIII,VIII — Tijuca,-22.9247,-43.2328,51.39,104.0,,26.59,70.84,,,,26.53,34.57,20.87,51.97,27.75,0.0,10.0,-0.6,5696.81,,79.51,81.46,66.29,90.78,38.88,95.91,23.65,15943.0,67426.0,53.5,Regular,0,1,0
2024-06-20,6,172,Tijuca,VIII,VIII — Tijuca,-22.9247,-43.2328,55.58,133.0,,31.79,93.24,,,,25.91,33.17,20.48,44.58,26.33,0.0,0.16,-0.47,5750.29,,79.51,81.46,66.29,90.78,38.88,95.91,23.65,15943.0,67426.0,53.5,Regular,0,1,0
2024-06-21,6,173,Tijuca,VIII,VIII — Tijuca,-22.9247,-43.2328,51.71,139.0,,22.369999999999997,,,,,25.59,33.67,20.04,52.89,26.41,0.0,17.27,0.21,5803.94,,79.51,81.46,66.29,90.78,38.88,95.91,23.65,15943.0,67426.0,53.5,Regular,0,1,1
2024-06-22,6,174,Tijuca,VIII,VIII — Tijuca,-22.9247,-43.2328,90.12,208.0,,12.95,44.09,71.84,,,26.34,34.0,20.92,57.63,27.2,0.0,-3.07,0.97,5874.86,,79.51,81.46,66.29,90.78,38.88,95.91,23.65,15943.0,67426.0,53.5,Regular,0,1,0
2024-06-23,6,175,Tijuca,VIII,VIII — Tijuca,-22.9247,-43.2328,45.58,89.0,,19.51,55.0,59.72,,,27.54,35.2,21.87,48.25,26.13,0.0,-26.56,1.02,5942.7,,79.51,81.46,66.29,90.78,38.88,95.91,23.65,15943.0,67426.0,53.5,Regular,0,1,0
2024-06-24,6,176,Tijuca,VIII,VIII — Tijuca,-22.9247,-43.2328,37.0,77.0,,19.34,65.44,70.41,,,28.38,36.02,23.32,48.23,27.32,0.0,-3.02,-0.59,5984.0,,79.51,81.46,66.29,90.78,38.88,95.91,23.65,15943.0,67426.0,53.5,Regular,0,0,0
2024-06-25,6,177,Tijuca,VIII,VIII — Tijuca,-22.9247,-43.2328,39.54,80.0,,41.59,70.33,53.46,,,26.36,29.23,24.85,68.69,51.87,0.0,0.73,-0.63,6022.26,,79.51,81.46,66.29,90.78,38.88,95.91,23.65,15943.0,67426.0,53.5,Regular,0,0,0
2024-06-26,6,178,Tijuca,VIII,VIII — Tijuca,-22.9247,-43.2328,38.46,61.0,,24.43,74.76,70.67,,,27.12,32.5,22.97,66.18,44.77,0.0,1.38,-0.41,6061.26,,79.51,81.46,66.29,90.78,38.88,95.91,23.65,15943.0,67426.0,53.5,Regular,0,0,0
2024-06-27,6,179,Tijuca,VIII,VIII — Tijuca,-22.9247,-43.2328,42.3,57.0,,26.88,61.49,41.07,,,25.54,27.45,24.08,69.92,56.82,0.0,10.88,-0.04,6101.64,,79.51,81.46,66.29,90.78,38.88,95.91,23.65,15943.0,67426.0,53.5,Regular,0,0,0
2024-06-28,6,180,Tijuca,VIII,VIII — Tijuca,-22.9247,-43.2328,60.21,108.0,,25.42,60.84,62.97,,,27.04,33.1,23.18,64.51,40.5,0.0,7.52,0.02,6152.9,,79.51,81.46,66.29,90.78,38.88,95.91,23.65,15943.0,67426.0,53.5,Regular,0,1,0
2024-06-29,6,181,Tijuca,VIII,VIII — Tijuca,-22.9247,-43.2328,57.33,118.0,,30.32,55.16,41.25,,,25.58,29.55,22.92,67.89,45.85,0.0,-17.86,-3.33,6211.67,,79.51,81.46,66.29,90.78,38.88,95.91,23.65,15943.0,67426.0,53.5,Regular,0,1,0
2024-06-30,6,182,Tijuca,VIII,VIII — Tijuca,-22.9247,-43.2328,24.5,42.0,,32.76,40.85,26.63,,,20.37,22.52,19.38,82.61,75.1,0.0,-11.2,-3.04,6252.59,,79.51,81.46,66.29,90.78,38.88,95.91,23.65,15943.0,67426.0,53.5,Regular,0,0,0
2024-07-01,7,183,Tijuca,VIII,VIII — Tijuca,-22.9247,-43.2328,34.92,52.0,,6.27,15.24,56.66,,,19.49,22.85,18.17,90.96,69.05,0.0,4.11,0.91,6282.3,,79.51,81.46,66.29,90.78,38.88,95.91,23.65,15943.0,67426.0,66.8,Regular,0,0,0
2024-07-02,7,184,Tijuca,VIII,VIII — Tijuca,-22.9247,-43.2328,32.71,49.0,,12.39,40.64,46.45,,,22.19,28.03,18.02,81.68,50.45,0.0,6.33,2.74,6316.11,,79.51,81.46,66.29,90.78,38.88,95.91,23.65,15943.0,67426.0,66.8,Regular,0,0,0
2024-07-03,7,185,Tijuca,VIII,VIII — Tijuca,-22.9247,-43.2328,47.58,85.0,,16.54,51.0,68.93,,,24.96,32.25,19.77,65.48,37.03,0.0,10.68,2.19,6356.26,,79.51,81.46,66.29,90.78,38.88,95.91,23.65,15943.0,67426.0,66.8,Regular,0,1,0
2024-07-04,7,186,Tijuca,VIII,VIII — Tijuca,-22.9247,-43.2328,54.08,89.0,,17.29,53.77,86.33,,,26.57,33.37,22.67,58.59,35.9,0.0,4.05,0.57,6407.09,,79.51,81.46,66.29,90.78,38.88,95.91,23.65,15943.0,67426.0,66.8,Regular,0,1,0
2024-07-05,7,187,Tijuca,VIII,VIII — Tijuca,-22.9247,-43.2328,55.67,116.0,,19.44,77.45,86.86,,,26.1,33.03,21.57,54.79,32.38,0.0,0.82,-1.59,6461.96,,79.51,81.46,66.29,90.78,38.88,95.91,23.65,15943.0,67426.0,66.8,Regular,0,1,0
2024-07-06,7,188,Tijuca,VIII,VIII — Tijuca,-22.9247,-43.2328,55.71,80.0,,39.74,61.83,41.8,,,23.39,26.05,21.45,68.66,60.12,0.0,5.25,-0.6,6517.65,,79.51,81.46,66.29,90.78,38.88,95.91,23.65,15943.0,67426.0,66.8,Regular,0,0,0
2024-07-07,7,189,Tijuca,VIII,VIII — Tijuca,-22.9247,-43.2328,66.17,99.0,,31.33,72.18,57.82,,,24.9,31.08,21.22,68.05,41.92,0.0,-9.73,-0.27,6578.59,,79.51,81.46,66.29,90.78,38.88,95.91,23.65,15943.0,67426.0,66.8,Regular,0,1,0
2024-07-08,7,190,Tijuca,VIII,VIII — Tijuca,-22.9247,-43.2328,36.25,64.0,,29.47,50.27,34.53,,,22.85,23.8,21.92,75.7,65.9,0.2,-15.98,-1.26,6629.8,,79.51,81.46,66.29,90.78,38.88,95.91,23.65,15943.0,67426.0,66.8,Regular,0,0,0
2024-07-09,7,191,Tijuca,VIII,VIII — Tijuca,-22.9247,-43.2328,34.21,88.0,,16.94,35.83,44.64,,,22.37,23.65,20.77,79.84,74.08,0.0,6.88,0.61,6665.03,,79.51,81.46,66.29,90.78,38.88,95.91,23.65,15943.0,67426.0,66.8,Regular,0,1,0
2024-07-10,7,192,Tijuca,VIII,VIII — Tijuca,-22.9247,-43.2328,50.0,76.0,,15.02,47.36,71.92,,,24.08,28.77,20.73,78.17,53.62,0.0,3.77,0.54,6707.13,,79.51,81.46,66.29,90.78,38.88,95.91,23.65,15943.0,67426.0,66.8,Regular,0,0,0
2024-07-11,7,193,Tijuca,VIII,VIII — Tijuca,-22.9247,-43.2328,41.75,69.0,,16.55,30.14,53.11,,,23.46,27.33,20.55,84.28,62.92,0.0,-8.16,-0.3,6753.01,,79.51,81.46,66.29,90.78,38.88,95.91,23.65,15943.0,67426.0,66.8,Regular,0,0,0
2024-07-12,7,194,Tijuca,VIII,VIII — Tijuca,-22.9247,-43.2328,33.67,53.0,,21.23,37.66,47.9,,,23.48,25.22,22.75,80.58,70.57,0.0,-11.23,-0.92,6790.72,,79.51,81.46,66.29,90.78,38.88,95.91,23.65,15943.0,67426.0,66.8,Regular,0,0,0
2024-07-13,7,195,Tijuca,VIII,VIII — Tijuca,-22.9247,-43.2328,19.29,25.0,,22.17,41.97,38.52,,,21.62,22.72,20.83,91.33,77.38,0.0,-2.53,-0.09,6817.2,,79.51,81.46,66.29,90.78,38.88,95.91,23.65,15943.0,67426.0,66.8,Regular,0,0,0
2024-07-14,7,196,Tijuca,VIII,VIII — Tijuca,-22.9247,-43.2328,28.62,52.0,,26.47,56.18,43.51,,,23.31,28.4,20.93,79.79,56.8,0.0,4.32,0.22,6841.15,,79.51,81.46,66.29,90.78,38.88,95.91,23.65,15943.0,67426.0,66.8,Regular,0,0,0
2024-07-15,7,197,Tijuca,VIII,VIII — Tijuca,-22.9247,-43.2328,27.92,36.0,,25.14,40.73,37.04,,,22.06,25.33,19.77,76.97,62.57,0.0,5.42,-0.26,6869.42,,79.51,81.46,66.29,90.78,38.88,95.91,23.65,15943.0,67426.0,66.8,Regular,0,0,0
2024-07-16,7,198,Tijuca,VIII,VIII — Tijuca,-22.9247,-43.2328,39.46,63.0,,19.78,42.05,51.9,,,22.79,28.3,19.23,73.17,49.18,0.0,5.13,0.51,6903.11,,79.51,81.46,66.29,90.78,38.88,95.91,23.65,15943.0,67426.0,66.8,Regular,0,0,0
2024-07-17,7,199,Tijuca,VIII,VIII — Tijuca,-22.9247,-43.2328,38.18,66.0,,25.34,47.33,46.5,,,23.07,27.68,20.57,71.84,51.85,0.0,13.21,-0.11,6941.93,,79.51,81.46,66.29,90.78,38.88,95.91,23.65,15943.0,67426.0,66.8,Regular,0,0,0
2024-07-18,7,200,Tijuca,VIII,VIII — Tijuca,-22.9247,-43.2328,65.88,134.0,,24.76,71.27,57.63,,,22.57,31.8,19.6,76.54,46.48,0.0,-1.75,-0.62,6993.96,,79.51,81.46,66.29,90.78,38.88,95.91,23.65,15943.0,67426.0,66.8,Regular,0,1,0
2024-07-19,7,201,Tijuca,VIII,VIII — Tijuca,-22.9247,-43.2328,34.67,59.0,,24.35,45.04,44.89,,,21.84,26.1,18.8,68.93,47.18,0.0,-12.65,-0.4,7044.24,,79.51,81.46,66.29,90.78,38.88,95.91,23.65,15943.0,67426.0,66.8,Regular,0,0,0
2024-07-20,7,202,Tijuca,VIII,VIII — Tijuca,-22.9247,-43.2328,40.58,74.0,,32.7,57.53,50.17,,,21.76,29.15,17.43,65.34,38.4,0.0,1.06,0.27,7081.86,,79.51,81.46,66.29,90.78,38.88,95.91,23.65,15943.0,67426.0,66.8,Regular,0,0,0
2024-07-21,7,203,Tijuca,VIII,VIII — Tijuca,-22.9247,-43.2328,36.79,56.0,,34.76,65.38,40.75,,,22.38,28.97,18.65,69.13,36.82,0.0,4.77,0.49,7120.55,,79.51,81.46,66.29,90.78,38.88,95.91,23.65,15943.0,67426.0,66.8,Regular,0,0,0
2024-07-22,7,204,Tijuca,VIII,VIII — Tijuca,-22.9247,-43.2328,50.12,104.0,,36.68,72.5,56.8,,,22.74,30.35,18.1,68.25,34.0,0.0,13.96,0.11,7164.0,,79.51,81.46,66.29,90.78,38.88,95.91,23.65,15943.0,67426.0,66.8,Regular,0,1,0
2024-07-23,7,205,Tijuca,VIII,VIII — Tijuca,-22.9247,-43.2328,64.71,92.0,,47.88,70.12,62.5,,,22.6,28.23,19.58,66.34,41.82,0.0,7.42,0.28,7221.42,,79.51,81.46,66.29,90.78,38.88,95.91,23.65,15943.0,67426.0,66.8,Regular,0,1,0
2024-07-24,7,206,Tijuca,VIII,VIII — Tijuca,-22.9247,-43.2328,64.96,109.0,,32.69,67.39,66.57,,,23.29,29.9,18.65,65.2,33.63,0.0,-3.48,0.66,7286.25,,79.51,81.46,66.29,90.78,38.88,95.91,23.65,15943.0,67426.0,66.8,Regular,0,1,0
2024-07-25,7,207,Tijuca,VIII,VIII — Tijuca,-22.9247,-43.2328,57.75,114.0,,29.5,100.61,74.65,,,23.93,31.22,18.77,62.3,36.47,0.0,2.19,0.95,7347.61,,79.51,81.46,66.29,90.78,38.88,95.91,23.65,15943.0,67426.0,66.8,Regular,0,1,0
2024-07-26,7,208,Tijuca,VIII,VIII — Tijuca,-22.9247,-43.2328,69.33,102.0,,21.84,51.91,87.98,,,25.19,34.38,19.2,52.91,27.65,0.0,6.48,0.84,7411.15,,79.51,81.46,66.29,90.78,38.88,95.91,23.65,15943.0,67426.0,66.8,Regular,0,1,0
2024-07-27,7,209,Tijuca,VIII,VIII — Tijuca,-22.9247,-43.2328,70.71,134.0,,34.22,71.17,77.58,,,25.6,33.98,20.18,49.75,27.35,0.0,-6.2,0.83,7481.17,,79.51,81.46,66.29,90.78,38.88,95.91,23.65,15943.0,67426.0,66.8,Regular,0,1,0
2024-07-28,7,210,Tijuca,VIII,VIII — Tijuca,-22.9247,-43.2328,56.92,136.0,,30.11,88.64,61.52,,,26.85,35.67,20.55,50.9,25.9,0.0,-6.66,-0.86,7544.98,,79.51,81.46,66.29,90.78,38.88,95.91,23.65,15943.0,67426.0,66.8,Regular,0,1,0
2024-07-29,7,211,Tijuca,VIII,VIII — Tijuca,-22.9247,-43.2328,57.38,81.0,,40.74,76.98,53.31,,,23.88,29.72,22.07,67.75,49.88,0.0,-13.75,-3.01,7602.13,,79.51,81.46,66.29,90.78,38.88,95.91,23.65,15943.0,67426.0,66.8,Regular,0,0,0
2024-07-30,7,212,Tijuca,VIII,VIII — Tijuca,-22.9247,-43.2328,29.42,44.0,,35.55,73.46,45.93,,,20.84,23.28,18.77,84.79,66.65,0.0,-11.17,-0.78,7645.53,,79.51,81.46,66.29,90.78,38.88,95.91,23.65,15943.0,67426.0,66.8,Regular,0,0,0
2024-07-31,7,213,Tijuca,VIII,VIII — Tijuca,-22.9247,-43.2328,35.04,55.0,,27.77,35.71,42.39,,,22.33,27.38,18.6,76.04,53.52,0.0,6.48,1.13,7677.76,,79.51,81.46,66.29,90.78,38.88,95.91,23.65,15943.0,67426.0,66.8,Regular,0,0,0
2024-08-01,8,214,Tijuca,VIII,VIII — Tijuca,-22.9247,-43.2328,42.38,58.0,,28.32,44.72,44.09,,,23.11,28.5,19.77,68.0,47.83,0.0,2.96,0.84,7716.47,,79.51,81.46,66.29,90.78,38.88,95.91,23.65,15943.0,67426.0,43.26,Ruim,0,0,0
2024-08-02,8,215,Tijuca,VIII,VIII — Tijuca,-22.9247,-43.2328,40.96,65.0,,30.39,49.05,47.06,,,24.0,30.42,18.87,60.44,35.13,0.0,-1.09,0.8,7758.14,,79.51,81.46,66.29,90.78,38.88,95.91,23.65,15943.0,67426.0,43.26,Ruim,0,0,0
2024-08-03,8,216,Tijuca,VIII,VIII — Tijuca,-22.9247,-43.2328,40.21,60.0,,26.37,57.26,41.34,,,24.7,32.2,18.88,69.59,38.67,0.0,-3.32,1.1,7798.73,,79.51,81.46,66.29,90.78,38.88,95.91,23.65,15943.0,67426.0,43.26,Ruim,0,0,0
2024-08-04,8,217,Tijuca,VIII,VIII — Tijuca,-22.9247,-43.2328,34.33,61.0,,22.59,77.19,43.49,,,26.19,33.75,21.05,66.5,38.12,0.0,0.43,1.21,7836.0,,79.51,81.46,66.29,90.78,38.88,95.91,23.65,15943.0,67426.0,43.26,Ruim,0,0,0
2024-08-05,8,218,Tijuca,VIII,VIII — Tijuca,-22.9247,-43.2328,41.08,68.0,,22.83,59.24,64.95,,,27.12,35.18,21.27,57.05,31.02,0.0,10.92,0.8,7873.7,,79.51,81.46,66.29,90.78,38.88,95.91,23.65,15943.0,67426.0,43.26,Ruim,0,0,0
2024-08-06,8,219,Tijuca,VIII,VIII — Tijuca,-22.9247,-43.2328,56.17,106.0,,18.12,58.04,71.92,,,27.8,35.68,22.33,55.69,27.3,0.0,-1.02,0.63,7922.33,,79.51,81.46,66.29,90.78,38.88,95.91,23.65,15943.0,67426.0,43.26,Ruim,0,1,0
2024-08-07,8,220,Tijuca,VIII,VIII — Tijuca,-22.9247,-43.2328,39.04,54.0,,23.41,57.2,58.52,,,28.38,36.75,22.5,40.86,18.93,0.0,-1.46,0.44,7969.93,,79.51,81.46,66.29,90.78,38.88,95.91,23.65,15943.0,67426.0,43.26,Ruim,0,0,0
2024-08-08,8,221,Tijuca,VIII,VIII — Tijuca,-22.9247,-43.2328,53.25,80.0,,21.51,52.69,66.5,,,28.67,37.45,22.78,41.4,18.82,0.0,10.98,-1.22,8016.08,,79.51,81.46,66.29,90.78,38.88,95.91,23.65,15943.0,67426.0,43.26,Ruim,0,0,0
2024-08-09,8,222,Tijuca,VIII,VIII — Tijuca,-22.9247,-43.2328,61.0,87.0,,34.98,56.62,54.26,,,25.93,32.05,22.45,62.65,32.88,0.0,-14.25,-5.15,8073.2,,79.51,81.46,66.29,90.78,38.88,95.91,23.65,15943.0,67426.0,43.26,Ruim,0,1,0
2024-08-10,8,223,Tijuca,VIII,VIII — Tijuca,-22.9247,-43.2328,24.75,49.0,,28.13,41.04,35.59,,,18.38,21.37,16.97,89.87,78.5,0.0,-16.58,-2.99,8116.08,,79.51,81.46,66.29,90.78,38.88,95.91,23.65,15943.0,67426.0,43.26,Ruim,0,0,0
2024-08-11,8,224,Tijuca,VIII,VIII — Tijuca,-22.9247,-43.2328,27.83,36.0,,28.77,52.95,36.41,,,19.95,26.77,15.18,67.28,35.7,0.0,8.34,0.88,8142.37,,79.51,81.46,66.29,90.78,38.88,95.91,23.65,15943.0,67426.0,43.26,Ruim,0,0,0
2024-08-12,8,225,Tijuca,VIII,VIII — Tijuca,-22.9247,-43.2328,41.42,85.0,,35.28,61.92,37.87,,,20.15,26.03,16.78,61.28,31.87,0.0,2.62,-0.67,8176.99,,79.51,81.46,66.29,90.78,38.88,95.91,23.65,15943.0,67426.0,43.26,Ruim,0,1,0
2024-08-13,8,226,Tijuca,VIII,VIII — Tijuca,-22.9247,-43.2328,33.08,50.0,,33.46,57.19,40.43,,,18.6,23.93,15.1,54.36,42.0,0.0,2.27,0.36,8214.24,,79.51,81.46,66.29,90.78,38.88,95.91,23.65,15943.0,67426.0,43.26,Ruim,0,0,0
2024-08-14,8,227,Tijuca,VIII,VIII — Tijuca,-22.9247,-43.2328,45.96,64.0,,24.81,55.82,54.86,,,20.86,28.58,15.28,62.6,34.63,0.0,15.58,2.58,8253.76,,79.51,81.46,66.29,90.78,38.88,95.91,23.65,15943.0,67426.0,43.26,Ruim,0,0,0
2024-08-15,8,228,Tijuca,VIII,VIII — Tijuca,-22.9247,-43.2328,64.25,92.0,,18.04,51.22,69.42,,,23.76,32.28,17.73,66.25,30.15,0.0,13.9,2.51,8308.87,,79.51,81.46,66.29,90.78,38.88,95.91,23.65,15943.0,67426.0,43.26,Ruim,0,1,0
2024-08-16,8,229,Tijuca,VIII,VIII — Tijuca,-22.9247,-43.2328,73.75,93.0,,16.95,62.78,93.97,,,25.88,35.92,19.33,62.97,27.37,0.0,10.0,1.47,8377.87,,79.51,81.46,66.29,90.78,38.88,95.91,23.65,15943.0,67426.0,43.26,Ruim,0,1,0
2024-08-17,8,230,Tijuca,VIII,VIII — Tijuca,-22.9247,-43.2328,84.25,132.0,,33.06,102.22,89.47,,,26.7,36.98,19.88,58.55,21.45,0.0,-1.94,0.38,8456.87,,79.51,81.46,66.29,90.78,38.88,95.91,23.65,15943.0,67426.0,43.26,Ruim,0,1,0
2024-08-18,8,231,Tijuca,VIII,VIII — Tijuca,-22.9247,-43.2328,69.88,130.0,,42.95,124.05,66.36,,,26.65,36.2,20.42,51.65,23.6,0.0,-13.98,0.55,8533.93,,79.51,81.46,66.29,90.78,38.88,95.91,23.65,15943.0,67426.0,43.26,Ruim,0,1,0
2024-08-19,8,232,Tijuca,VIII,VIII — Tijuca,-22.9247,-43.2328,56.29,69.0,,22.18,72.69,76.38,,,27.8,37.4,21.32,50.87,18.23,0.0,-2.96,-0.3,8597.02,,79.51,81.46,66.29,90.78,38.88,95.91,23.65,15943.0,67426.0,43.26,Ruim,0,0,0
2024-08-20,8,233,Tijuca,VIII,VIII — Tijuca,-22.9247,-43.2328,63.96,105.0,,47.03,85.1,55.22,,,26.04,33.7,22.47,55.82,32.65,0.0,2.32,-1.04,8657.14,,79.51,81.46,66.29,90.78,38.88,95.91,23.65,15943.0,67426.0,43.26,Ruim,0,1,0
2024-08-21,8,234,Tijuca,VIII,VIII — Tijuca,-22.9247,-43.2328,60.92,84.0,,56.05,89.08,53.43,,,25.71,32.1,22.68,60.88,37.82,0.0,1.17,0.72,8719.58,,79.51,81.46,66.29,90.78,38.88,95.91,23.65,15943.0,67426.0,43.26,Ruim,0,1,0
2024-08-22,8,235,Tijuca,VIII,VIII — Tijuca,-22.9247,-43.2328,66.29,88.0,,30.48,99.3,71.77,,,27.49,37.42,20.7,57.95,24.73,0.0,-2.12,2.33,8783.19,,79.51,81.46,66.29,90.78,38.88,95.91,23.65,15943.0,67426.0,43.26,Ruim,0,1,0
2024-08-23,8,236,Tijuca,VIII,VIII — Tijuca,-22.9247,-43.2328,56.67,125.0,,37.24,79.76,67.69,,,30.37,40.3,23.88,40.45,14.95,0.0,11.88,-0.76,8844.67,,79.51,81.46,66.29,90.78,38.88,95.91,23.65,15943.0,67426.0,43.26,Ruim,0,1,0
2024-08-24,8,237,Tijuca,VIII,VIII — Tijuca,-22.9247,-43.2328,90.04,220.0,,47.05,73.71,48.16,,,25.97,32.02,22.48,68.4,46.77,0.8,-17.4,-4.97,8918.02,,79.51,81.46,66.29,90.78,38.88,95.91,23.65,15943.0,67426.0,43.26,Ruim,0,1,0
2024-08-25,8,238,Tijuca,VIII,VIII — Tijuca,-22.9247,-43.2328,21.88,29.0,,37.09,47.03,23.44,,,20.42,22.22,17.43,83.13,73.47,13.0,-31.79,-4.47,8973.98,,79.51,81.46,66.29,90.78,38.88,95.91,23.65,15943.0,67426.0,43.26,Ruim,0,0,0
2024-08-26,8,239,Tijuca,VIII,VIII — Tijuca,-22.9247,-43.2328,26.46,42.0,,21.52,49.67,47.47,,,17.02,18.43,15.03,79.8,63.57,13.2,0.1,-0.24,8998.15,,79.51,81.46,66.29,90.78,38.88,95.91,23.65,15943.0,67426.0,43.26,Ruim,0,0,0
2024-08-27,8,240,Tijuca,VIII,VIII — Tijuca,-22.9247,-43.2328,22.08,30.0,,35.32,50.37,40.92,,,19.95,26.75,14.63,58.31,31.03,0.0,3.41,2.39,9022.42,,79.51,81.46,66.29,90.78,38.88,95.91,23.65,15943.0,67426.0,43.26,Ruim,0,0,0
2024-08-28,8,241,Tijuca,VIII,VIII — Tijuca,-22.9247,-43.2328,33.29,45.0,,32.68,51.11,43.96,,,21.8,28.02,16.78,61.35,38.53,0.0,7.8,1.69,9050.11,,79.51,81.46,66.29,90.78,38.88,95.91,23.65,15943.0,67426.0,43.26,Ruim,0,0,0
2024-08-29,8,242,Tijuca,VIII,VIII — Tijuca,-22.9247,-43.2328,37.67,56.0,,31.36,67.34,47.85,,,23.32,31.0,17.6,64.73,33.82,0.0,8.21,1.56,9085.59,,79.51,81.46,66.29,90.78,38.88,95.91,23.65,15943.0,67426.0,43.26,Ruim,0,0,0
2024-08-30,8,243,Tijuca,VIII,VIII — Tijuca,-22.9247,-43.2328,49.71,78.0,,29.08,62.75,75.19,,,24.93,35.22,18.15,59.59,26.05,0.0,13.44,0.6,9129.28,,79.51,81.46,66.29,90.78,38.88,95.91,23.65,15943.0,67426.0,43.26,Ruim,0,0,0
2024-08-31,8,244,Tijuca,VIII,VIII — Tijuca,-22.9247,-43.2328,64.54,120.0,,34.93,61.49,61.68,,,24.52,33.87,19.48,68.94,40.3,0.0,3.2,0.96,9186.4,,79.51,81.46,66.29,90.78,38.88,95.91,23.65,15943.0,67426.0,43.26,Ruim,0,1,0
2024-09-01,9,245,Tijuca,VIII,VIII — Tijuca,-22.9247,-43.2328,56.12,74.0,,38.91,89.02,51.77,,,26.84,35.3,20.93,61.38,28.22,0.0,-2.21,-0.2,9246.73,,79.51,81.46,66.29,90.78,38.88,95.91,23.65,15943.0,67426.0,29.69,Ruim,0,0,0
2024-09-02,9,246,Tijuca,VIII,VIII — Tijuca,-22.9247,-43.2328,60.12,78.0,,44.53,75.2,34.33,,,24.12,27.02,22.3,66.07,46.42,0.0,-2.16,-1.12,9304.85,,79.51,81.46,66.29,90.78,38.88,95.91,23.65,15943.0,67426.0,29.69,Ruim,0,0,0
2024-09-03,9,247,Tijuca,VIII,VIII — Tijuca,-22.9247,-43.2328,51.79,77.0,,30.79,48.57,44.21,,,24.6,29.02,22.43,68.54,50.62,0.0,3.88,1.08,9360.81,,79.51,81.46,66.29,90.78,38.88,95.91,23.65,15943.0,67426.0,29.69,Ruim,0,0,0
2024-09-04,9,248,Tijuca,VIII,VIII — Tijuca,-22.9247,-43.2328,67.88,99.0,,25.96,71.83,62.81,,,26.28,34.62,20.72,67.25,28.7,0.0,10.48,0.21,9420.64,,79.51,81.46,66.29,90.78,38.88,95.91,23.65,15943.0,67426.0,29.69,Ruim,0,1,0
2024-09-05,9,249,Tijuca,VIII,VIII — Tijuca,-22.9247,-43.2328,72.75,123.0,,37.71,77.94,47.62,,,25.02,35.43,21.62,74.9,38.68,0.0,-12.58,-1.19,9490.96,,79.51,81.46,66.29,90.78,38.88,95.91,23.65,15943.0,67426.0,29.69,Ruim,0,1,0
2024-09-06,9,250,Tijuca,VIII,VIII — Tijuca,-22.9247,-43.2328,42.71,66.0,,26.6,60.17,54.51,,,23.9,25.35,22.78,82.11,77.75,0.0,-2.27,0.99,9548.69,,79.51,81.46,66.29,90.78,38.88,95.91,23.65,15943.0,67426.0,29.69,Ruim,0,0,0
2024-09-07,9,251,Tijuca,VIII,VIII — Tijuca,-22.9247,-43.2328,68.22,93.0,,23.54,54.07,64.09,,,27.0,33.43,22.68,72.03,46.12,0.0,14.43,2.0,9604.15,,79.51,81.46,66.29,90.78,38.88,95.91,23.65,15943.0,67426.0,29.69,Ruim,0,1,0
2024-09-08,9,252,Tijuca,VIII,VIII — Tijuca,-22.9247,-43.2328,71.58,89.0,,25.79,69.52,58.59,,,27.89,35.92,23.1,68.13,36.68,0.0,-4.48,0.87,9674.05,,79.51,81.46,66.29,90.78,38.88,95.91,23.65,15943.0,67426.0,29.69,Ruim,0,1,0
2024-09-09,9,253,Tijuca,VIII,VIII — Tijuca,-22.9247,-43.2328,59.25,88.0,,24.18,82.38,64.01,,,28.74,37.62,22.22,59.42,27.6,0.0,-0.2,0.7,9739.47,,79.51,81.46,66.29,90.78,38.88,95.91,23.65,15943.0,67426.0,29.69,Ruim,0,1,0
2024-09-10,9,254,Tijuca,VIII,VIII — Tijuca,-22.9247,-43.2328,71.18,104.0,,19.99,69.93,87.88,,,29.3,38.08,22.07,51.47,20.35,0.0,5.48,1.4,9804.68,,79.51,81.46,66.29,90.78,38.88,95.91,23.65,15943.0,67426.0,29.69,Ruim,0,1,0
2024-09-11,9,255,Tijuca,VIII,VIII — Tijuca,-22.9247,-43.2328,70.21,109.0,,43.0,113.43,122.97,,,31.54,41.23,24.68,35.33,16.92,0.0,-2.18,1.41,9875.38,,79.51,81.46,66.29,90.78,38.88,95.91,23.65,15943.0,67426.0,29.69,Ruim,0,1,0
2024-09-12,9,256,Tijuca,VIII,VIII — Tijuca,-22.9247,-43.2328,66.83,126.0,,46.98,126.39,109.12,,,32.12,41.08,26.33,31.34,11.97,0.0,1.96,-0.31,9943.9,,79.51,81.46,66.29,90.78,38.88,95.91,23.65,15943.0,67426.0,29.69,Ruim,0,1,0
2024-09-13,9,257,Tijuca,VIII,VIII — Tijuca,-22.9247,-43.2328,74.125,,,54.215,,,,,30.924999999999997,,,35.285,,0.0,7.3,-1.19,10014.38,,79.51,81.46,66.29,90.78,38.88,95.91,23.65,15943.0,67426.0,29.69,Ruim,1,0,1
2024-09-14,9,258,Tijuca,VIII,VIII — Tijuca,-22.9247,-43.2328,81.42,137.0,,61.45,90.52,,,,29.73,39.75,26.67,39.23,17.82,0.0,-5.62,-2.48,10092.15,,79.51,81.46,66.29,90.78,38.88,95.91,23.65,15943.0,67426.0,29.69,Ruim,0,1,0
2024-09-15,9,259,Tijuca,VIII,VIII — Tijuca,-22.9247,-43.2328,62.88,81.0,,65.3,82.35,,,,25.96,29.37,24.1,64.37,53.65,0.0,-10.02,-2.36,10164.3,,79.51,81.46,66.29,90.78,38.88,95.91,23.65,15943.0,67426.0,29.69,Ruim,0,0,0
2024-09-16,9,260,Tijuca,VIII,VIII — Tijuca,-22.9247,-43.2328,61.38,92.0,,47.15,62.05,,,,25.01,31.3,21.87,72.19,48.22,0.2,-19.03,-1.92,10226.43,,79.51,81.46,66.29,90.78,38.88,95.91,23.65,15943.0,67426.0,29.69,Ruim,0,1,0
2024-09-17,9,261,Tijuca,VIII,VIII — Tijuca,-22.9247,-43.2328,24.83,36.0,,42.73,61.33,,,,22.12,23.57,20.72,76.95,66.93,2.2,-13.32,-0.92,10269.53,,79.51,81.46,66.29,90.78,38.88,95.91,23.65,15943.0,67426.0,29.69,Ruim,0,0,0
2024-09-18,9,262,Tijuca,VIII,VIII — Tijuca,-22.9247,-43.2328,34.75,55.0,,32.93,53.0,,,,23.17,28.9,19.12,68.04,42.6,0.0,12.57,1.72,10299.32,,79.51,81.46,66.29,90.78,38.88,95.91,23.65,15943.0,67426.0,29.69,Ruim,0,0,0
2024-09-19,9,263,Tijuca,VIII,VIII — Tijuca,-22.9247,-43.2328,49.96,65.0,,32.52,56.15,,,,25.57,33.7,19.7,60.19,35.68,0.0,11.82,2.53,10341.68,,79.51,81.46,66.29,90.78,38.88,95.91,23.65,15943.0,67426.0,29.69,Ruim,0,0,0
2024-09-20,9,264,Tijuca,VIII,VIII — Tijuca,-22.9247,-43.2328,58.38,82.0,,28.29,67.42,,,,28.24,36.6,22.08,60.36,33.8,0.0,4.62,1.28,10395.85,,79.51,81.46,66.29,90.78,38.88,95.91,23.65,15943.0,67426.0,29.69,Ruim,0,1,0
2024-09-21,9,265,Tijuca,VIII,VIII — Tijuca,-22.9247,-43.2328,59.21,80.0,,47.6,81.14,,,,28.13,37.33,23.87,64.34,34.03,0.0,-9.07,0.26,10454.64,,79.51,81.46,66.29,90.78,38.88,95.91,23.65,15943.0,67426.0,29.69,Ruim,0,0,0
2024-09-22,9,266,Tijuca,VIII,VIII — Tijuca,-22.9247,-43.2328,40.25,67.0,,49.63,96.77,,,,28.75,36.9,23.65,60.58,31.87,0.2,0.98,1.03,10504.37,,79.51,81.46,66.29,90.78,38.88,95.91,23.65,15943.0,67426.0,29.69,Ruim,0,0,0
2024-09-23,9,267,Tijuca,VIII,VIII — Tijuca,-22.9247,-43.2328,61.17,113.0,,25.72,82.88,,,,30.18,39.62,23.58,57.11,25.93,0.0,8.36,0.64,10555.08,,79.51,81.46,66.29,90.78,38.88,95.91,23.65,15943.0,67426.0,29.69,Ruim,0,1,0
2024-09-24,9,268,Tijuca,VIII,VIII — Tijuca,-22.9247,-43.2328,56.96,82.0,,23.48,77.77,,,,30.03,39.67,23.93,55.02,26.88,0.0,-2.78,0.24,10614.15,,79.51,81.46,66.29,90.78,38.88,95.91,23.65,15943.0,67426.0,29.69,Ruim,0,1,0
2024-09-25,9,269,Tijuca,VIII,VIII — Tijuca,-22.9247,-43.2328,55.62,78.0,,24.39,72.94,,,,30.66,39.7,23.73,52.51,23.37,0.0,8.02,1.12,10670.44,,79.51,81.46,66.29,90.78,38.88,95.91,23.65,15943.0,67426.0,29.69,Ruim,0,0,0
2024-09-26,9,270,Tijuca,VIII,VIII — Tijuca,-22.9247,-43.2328,73.0,116.0,,35.61,93.03,,,,32.27,41.63,24.82,47.5,19.5,0.0,3.3,-1.36,10734.75,,79.51,81.46,66.29,90.78,38.88,95.91,23.65,15943.0,67426.0,29.69,Ruim,0,1,0
2024-09-27,9,271,Tijuca,VIII,VIII — Tijuca,-22.9247,-43.2328,62.21,100.0,,50.46,99.23,,,,27.95,36.05,23.35,64.15,37.52,0.2,-18.52,-4.31,10802.35,,79.51,81.46,66.29,90.78,38.88,95.91,23.65,15943.0,67426.0,29.69,Ruim,0,1,0
2024-09-28,9,272,Tijuca,VIII,VIII — Tijuca,-22.9247,-43.2328,35.96,50.0,,47.24,58.61,,,,23.66,25.12,22.97,70.22,62.12,0.4,-10.32,-1.38,10851.44,,79.51,81.46,66.29,90.78,38.88,95.91,23.65,15943.0,67426.0,29.69,Ruim,0,0,0
2024-09-29,9,273,Tijuca,VIII,VIII — Tijuca,-22.9247,-43.2328,41.58,58.0,,48.87,60.19,,,,25.2,31.48,22.05,63.83,40.7,0.0,7.88,2.02,10890.21,,79.51,81.46,66.29,90.78,38.88,95.91,23.65,15943.0,67426.0,29.69,Ruim,0,0,0
2024-09-30,9,274,Tijuca,VIII,VIII — Tijuca,-22.9247,-43.2328,51.71,80.0,,40.83,76.67,,,,27.7,36.13,21.58,57.75,30.27,0.0,2.84,3.13,10936.85,,79.51,81.46,66.29,90.78,38.88,95.91,23.65,15943.0,67426.0,29.69,Ruim,0,0,0
2024-10-01,10,275,Tijuca,VIII,VIII — Tijuca,-22.9247,-43.2328,47.25,117.0,,36.08,89.08,,,,31.46,42.25,23.9,42.19,16.32,0.0,11.96,1.54,10986.33,,79.51,81.46,66.29,90.78,38.88,95.91,23.65,15943.0,67426.0,55.86,Regular,0,1,0
2024-10-02,10,276,Tijuca,VIII,VIII — Tijuca,-22.9247,-43.2328,75.62,119.0,,48.86,102.91,,,,30.79,44.23,25.15,47.0,16.2,0.0,1.09,-2.68,11047.77,,79.51,81.46,66.29,90.78,38.88,95.91,23.65,15943.0,67426.0,55.86,Regular,0,1,0
2024-10-03,10,277,Tijuca,VIII,VIII — Tijuca,-22.9247,-43.2328,49.42,71.0,,50.46,72.41,,,,26.1,31.13,23.23,74.31,51.38,5.2,-28.92,-4.42,11110.29,,79.51,81.46,66.29,90.78,38.88,95.91,23.65,15943.0,67426.0,55.86,Regular,0,0,0
2024-10-04,10,278,Tijuca,VIII,VIII — Tijuca,-22.9247,-43.2328,17.78,34.0,,37.05,56.83,,,,21.95,23.42,20.25,92.79,81.65,16.2,-11.38,-1.37,11143.89,,79.51,81.46,66.29,90.78,38.88,95.91,23.65,15943.0,67426.0,55.86,Regular,0,0,0
2024-10-05,10,279,Tijuca,VIII,VIII — Tijuca,-22.9247,-43.2328,26.67,39.0,,33.63,43.79,,,,23.36,30.22,20.02,70.49,39.52,1.6,0.7,1.1,11166.11,,79.51,81.46,66.29,90.78,38.88,95.91,23.65,15943.0,67426.0,55.86,Regular,0,0,0
2024-10-06,10,280,Tijuca,VIII,VIII — Tijuca,-22.9247,-43.2328,19.17,35.0,,41.74,48.68,,,,24.14,30.92,20.65,51.19,33.08,0.0,-3.05,1.26,11189.03,,79.51,81.46,66.29,90.78,38.88,95.91,23.65,15943.0,67426.0,55.86,Regular,0,0,0
2024-10-07,10,281,Tijuca,VIII,VIII — Tijuca,-22.9247,-43.2328,20.58,44.0,,42.65,71.6,,,,25.88,33.83,21.4,50.08,28.82,0.0,6.68,1.17,11208.91,,79.51,81.46,66.29,90.78,38.88,95.91,23.65,15943.0,67426.0,55.86,Regular,0,0,0
2024-10-08,10,282,Tijuca,VIII,VIII — Tijuca,-22.9247,-43.2328,32.54,67.0,,34.03,61.84,,,,26.48,33.63,21.53,56.74,36.53,0.0,11.08,-0.32,11235.47,,79.51,81.46,66.29,90.78,38.88,95.91,23.65,15943.0,67426.0,55.86,Regular,0,0,0
2024-10-09,10,283,Tijuca,VIII,VIII — Tijuca,-22.9247,-43.2328,42.75,70.0,,25.18,45.64,,,,25.23,29.4,22.42,78.56,58.68,6.6,-3.77,-1.45,11273.11,,79.51,81.46,66.29,90.78,38.88,95.91,23.65,15943.0,67426.0,55.86,Regular,0,0,0
2024-10-10,10,284,Tijuca,VIII,VIII — Tijuca,-22.9247,-43.2328,25.0,47.0,,25.96,39.68,,,,23.59,26.13,21.67,82.27,69.35,1.8,-9.56,0.98,11306.99,,79.51,81.46,66.29,90.78,38.88,95.91,23.65,15943.0,67426.0,55.86,Regular,0,0,0
2024-10-11,10,285,Tijuca,VIII,VIII — Tijuca,-22.9247,-43.2328,23.62,42.0,,20.34,43.64,,,,27.19,34.23,22.13,68.75,43.7,0.0,2.39,2.34,11331.3,,79.51,81.46,66.29,90.78,38.88,95.91,23.65,15943.0,67426.0,55.86,Regular,0,0,0
2024-10-12,10,286,Tijuca,VIII,VIII — Tijuca,-22.9247,-43.2328,29.79,45.0,,51.18,80.02,,,,28.26,36.77,25.02,61.65,33.12,0.4,2.03,-0.55,11358.0,,79.51,81.46,66.29,90.78,38.88,95.91,23.65,15943.0,67426.0,55.86,Regular,0,0,0
2024-10-13,10,287,Tijuca,VIII,VIII — Tijuca,-22.9247,-43.2328,27.67,45.0,,44.34,51.67,,,,26.09,32.78,23.45,66.01,41.43,0.0,6.83,-1.9,11386.73,,79.51,81.46,66.29,90.78,38.88,95.91,23.65,15943.0,67426.0,55.86,Regular,0,0,0
2024-10-14,10,288,Tijuca,VIII,VIII — Tijuca,-22.9247,-43.2328,43.45,56.0,,36.72,42.45,,,,24.46,29.93,22.67,62.63,41.05,0.0,5.11,-0.49,11422.29,,79.51,81.46,66.29,90.78,38.88,95.91,23.65,15943.0,67426.0,55.86,Regular,0,0,0
2024-10-15,10,289,Tijuca,VIII,VIII — Tijuca,-22.9247,-43.2328,37.88,51.0,,37.69,49.35,13.05,,,25.1,30.88,21.83,55.46,37.62,0.0,1.49,1.78,11462.96,,79.51,81.46,66.29,90.78,38.88,95.91,23.65,15943.0,67426.0,55.86,Regular,0,0,0
2024-10-16,10,290,Tijuca,VIII,VIII — Tijuca,-22.9247,-43.2328,46.43,62.0,,36.66,79.33,26.22,,,28.01,39.27,20.82,53.8,26.42,0.0,2.14,0.75,11505.11,,79.51,81.46,66.29,90.78,38.88,95.91,23.65,15943.0,67426.0,55.86,Regular,0,0,0
2024-10-17,10,291,Tijuca,VIII,VIII — Tijuca,-22.9247,-43.2328,42.17,66.0,,41.91,59.37,14.79,,,26.61,33.03,23.48,60.03,40.05,0.0,-0.13,-0.77,11549.41,,79.51,81.46,66.29,90.78,38.88,95.91,23.65,15943.0,67426.0,55.86,Regular,0,0,0
2024-10-18,10,292,Tijuca,VIII,VIII — Tijuca,-22.9247,-43.2328,46.17,80.0,,34.37,68.09,20.43,,,26.48,33.98,23.05,71.22,44.32,0.0,-10.07,-1.72,11593.58,,79.51,81.46,66.29,90.78,38.88,95.91,23.65,15943.0,67426.0,55.86,Regular,0,0,0
2024-10-19,10,293,Tijuca,VIII,VIII — Tijuca,-22.9247,-43.2328,22.04,60.0,,41.58,71.42,12.14,,,23.18,24.73,21.05,84.36,74.73,15.0,-16.67,-2.08,11627.69,,79.51,81.46,66.29,90.78,38.88,95.91,23.65,15943.0,67426.0,55.86,Regular,0,0,0
2024-10-20,10,294,Tijuca,VIII,VIII — Tijuca,-22.9247,-43.2328,12.83,26.0,,23.73,40.45,19.28,,,22.33,24.52,20.77,97.85,89.88,33.2,-1.83,0.98,11645.12,,79.51,81.46,66.29,90.78,38.88,95.91,23.65,15943.0,67426.0,55.86,Regular,0,0,0
2024-10-21,10,295,Tijuca,VIII,VIII — Tijuca,-22.9247,-43.2328,18.38,27.0,,17.08,31.96,17.01,,,25.14,29.2,22.4,86.32,67.47,0.6,9.17,3.6,11660.73,,79.51,81.46,66.29,90.78,38.88,95.91,23.65,15943.0,67426.0,55.86,Regular,0,0,0
2024-10-22,10,296,Tijuca,VIII,VIII — Tijuca,-22.9247,-43.2328,31.17,50.0,,21.81,58.59,26.72,,,29.52,39.18,22.0,65.3,31.9,0.0,9.56,3.0,11685.5,,79.51,81.46,66.29,90.78,38.88,95.91,23.65,15943.0,67426.0,55.86,Regular,0,0,0
2024-10-23,10,297,Tijuca,VIII,VIII — Tijuca,-22.9247,-43.2328,37.5,55.0,,27.07,90.97,32.17,,,31.15,41.3,25.4,59.65,29.18,0.0,3.86,-0.47,11719.84,,79.51,81.46,66.29,90.78,38.88,95.91,23.65,15943.0,67426.0,55.86,Regular,0,0,0
2024-10-24,10,298,Tijuca,VIII,VIII — Tijuca,-22.9247,-43.2328,38.88,61.0,,34.06,95.91,33.93,,,28.57,39.62,24.23,72.2,31.83,7.2,-0.38,-0.74,11758.03,,79.51,81.46,66.29,90.78,38.88,95.91,23.65,15943.0,67426.0,55.86,Regular,0,0,0
2024-10-25,10,299,Tijuca,VIII,VIII — Tijuca,-22.9247,-43.2328,36.75,,,44.995000000000005,,,,,29.66,,,66.075,,0.0,-2.13,1.09,11795.84,,79.51,81.46,66.29,90.78,38.88,95.91,23.65,15943.0,67426.0,55.86,Regular,1,0,1
2024-10-26,10,300,Tijuca,VIII,VIII — Tijuca,-22.9247,-43.2328,34.62,56.0,,55.93,128.54,31.02,,,30.75,42.27,24.53,59.95,27.0,2.0,-3.75,-2.87,11831.53,,79.51,81.46,66.29,90.78,38.88,95.91,23.65,15943.0,67426.0,55.86,Regular,0,0,0
2024-10-27,10,301,Tijuca,VIII,VIII — Tijuca,-22.9247,-43.2328,29.25,50.0,,43.96,56.35,9.84,,,23.92,27.35,21.37,75.38,60.17,7.6,-3.14,-3.62,11863.46,,79.51,81.46,66.29,90.78,38.88,95.91,23.65,15943.0,67426.0,55.86,Regular,0,0,0
2024-10-28,10,302,Tijuca,VIII,VIII — Tijuca,-22.9247,-43.2328,28.33,38.0,,21.63,28.98,12.76,,,23.52,25.05,22.07,75.6,66.52,0.0,-0.56,0.67,11892.25,,79.51,81.46,66.29,90.78,38.88,95.91,23.65,15943.0,67426.0,55.86,Regular,0,0,0
2024-10-29,10,303,Tijuca,VIII,VIII — Tijuca,-22.9247,-43.2328,28.12,43.0,,24.65,38.52,13.74,,,25.26,32.92,22.1,71.81,45.23,0.0,-0.61,0.92,11920.48,,79.51,81.46,66.29,90.78,38.88,95.91,23.65,15943.0,67426.0,55.86,Regular,0,0,0
2024-10-30,10,304,Tijuca,VIII,VIII — Tijuca,-22.9247,-43.2328,27.1,,,25.415,,,,,25.367619047619048,,,71.76619047619047,,3691.91,-1.02,0.11,11948.09,,79.51,81.46,66.29,90.78,38.88,95.91,23.65,15943.0,67426.0,55.86,Regular,1,0,1
2024-10-31,10,305,Tijuca,VIII,VIII — Tijuca,-22.9247,-43.2328,26.08,42.0,,26.18,38.86,10.68,,,25.475238095238097,,,71.72238095238096,,0.0,-0.86,0.11,11974.68,,79.51,81.46,66.29,90.78,38.88,95.91,23.65,15943.0,67426.0,55.86,Regular,0,0,1
2024-11-01,11,306,Tijuca,VIII,VIII — Tijuca,-22.9247,-43.2328,25.39,38.0,,26.61,53.74,13.86,,,25.582857142857144,,,71.67857142857143,,0.0,-2.33,0.11,12000.41,,79.51,81.46,66.29,90.78,38.88,95.91,23.65,15943.0,67426.0,70.86,Boa,0,0,1
2024-11-02,11,307,Tijuca,VIII,VIII — Tijuca,-22.9247,-43.2328,21.41,31.0,,31.43,52.62,7.5,,,25.690476190476193,,,71.6347619047619,,0.0,-2.66,0.11,12023.81,,79.51,81.46,66.29,90.78,38.88,95.91,23.65,15943.0,67426.0,70.86,Boa,0,0,1
2024-11-03,11,308,Tijuca,VIII,VIII — Tijuca,-22.9247,-43.2328,20.08,35.0,,30.53,58.54,4.73,,,25.79809523809524,,,71.59095238095239,,0.0,1.31,0.11,12044.56,,79.51,81.46,66.29,90.78,38.88,95.91,23.65,15943.0,67426.0,70.86,Boa,0,0,1
2024-11-04,11,309,Tijuca,VIII,VIII — Tijuca,-22.9247,-43.2328,24.04,42.0,,17.54,33.54,15.78,,,25.905714285714286,,,71.54714285714286,,0.0,1.12,0.11,12066.62,,79.51,81.46,66.29,90.78,38.88,95.91,23.65,15943.0,67426.0,70.86,Boa,0,0,1
2024-11-05,11,310,Tijuca,VIII,VIII — Tijuca,-22.9247,-43.2328,22.33,48.0,,18.07,45.73,15.34,,,26.013333333333335,,,71.50333333333333,,0.0,0.48,0.11,12089.8,,79.51,81.46,66.29,90.78,38.88,95.91,23.65,15943.0,67426.0,70.86,Boa,0,0,1
2024-11-06,11,311,Tijuca,VIII,VIII — Tijuca,-22.9247,-43.2328,25.0,55.0,,23.72,50.1,13.95,,,26.12095238095238,,,71.45952380952382,,0.0,2.11,0.11,12113.47,,79.51,81.46,66.29,90.78,38.88,95.91,23.65,15943.0,67426.0,70.86,Boa,0,0,1
2024-11-07,11,312,Tijuca,VIII,VIII — Tijuca,-22.9247,-43.2328,26.54,50.0,,17.24,50.09,20.69,,,26.228571428571428,,,71.41571428571429,,0.0,-0.41,0.11,12139.24,,79.51,81.46,66.29,90.78,38.88,95.91,23.65,15943.0,67426.0,70.86,Boa,0,0,1
2024-11-08,11,313,Tijuca,VIII,VIII — Tijuca,-22.9247,-43.2328,24.17,39.0,,18.2,41.55,19.15,,,26.336190476190477,,,71.37190476190476,,0.0,0.36,0.11,12164.59,,79.51,81.46,66.29,90.78,38.88,95.91,23.65,15943.0,67426.0,70.86,Boa,0,0,1
2024-11-09,11,314,Tijuca,VIII,VIII — Tijuca,-22.9247,-43.2328,27.25,42.0,,26.53,30.3,7.44,,,26.443809523809524,,,71.32809523809524,,0.0,-0.21,0.11,12190.3,,79.51,81.46,66.29,90.78,38.88,95.91,23.65,15943.0,67426.0,70.86,Boa,0,0,1
2024-11-10,11,315,Tijuca,VIII,VIII — Tijuca,-22.9247,-43.2328,23.75,35.0,,33.53,43.11,,,,26.551428571428573,,,71.28428571428572,,0.0,-1.08,0.11,12215.8,,79.51,81.46,66.29,90.78,38.88,95.91,23.65,15943.0,67426.0,70.86,Boa,0,0,1
2024-11-11,11,316,Tijuca,VIII,VIII — Tijuca,-22.9247,-43.2328,25.09,52.0,,31.46,65.32,20.79,,,26.65904761904762,,,71.24047619047619,,0.0,9.66,0.11,12240.22,,79.51,81.46,66.29,90.78,38.88,95.91,23.65,15943.0,67426.0,70.86,Boa,0,0,1
2024-11-12,11,317,Tijuca,VIII,VIII — Tijuca,-22.9247,-43.2328,43.08,64.0,,39.59,119.42,35.67,,,26.766666666666666,,,71.19666666666667,,0.0,-3.9,0.11,12274.31,,79.51,81.46,66.29,90.78,38.88,95.91,23.65,15943.0,67426.0,70.86,Boa,0,0,1
2024-11-13,11,318,Tijuca,VIII,VIII — Tijuca,-22.9247,-43.2328,17.29,43.0,,31.99,46.36,14.24,,,26.874285714285715,,,71.15285714285714,,0.0,-9.06,0.11,12304.49,,79.51,81.46,66.29,90.78,38.88,95.91,23.65,15943.0,67426.0,70.86,Boa,0,0,1
2024-11-14,11,319,Tijuca,VIII,VIII — Tijuca,-22.9247,-43.2328,24.96,40.0,,22.12,36.67,21.66,,,26.98190476190476,,,71.10904761904762,,0.0,0.29,0.11,12325.62,,79.51,81.46,66.29,90.78,38.88,95.91,23.65,15943.0,67426.0,70.86,Boa,0,0,1
2024-11-15,11,320,Tijuca,VIII,VIII — Tijuca,-22.9247,-43.2328,17.88,30.0,,23.42,59.44,16.51,,,27.08952380952381,,,71.0652380952381,,0.0,-2.77,0.11,12347.04,,79.51,81.46,66.29,90.78,38.88,95.91,23.65,15943.0,67426.0,70.86,Boa,0,0,1
2024-11-16,11,321,Tijuca,VIII,VIII — Tijuca,-22.9247,-43.2328,19.42,32.0,,6.09,15.05,20.81,,,27.197142857142858,,,71.02142857142857,,0.0,2.75,0.11,12365.69,,79.51,81.46,66.29,90.78,38.88,95.91,23.65,15943.0,67426.0,70.86,Boa,0,0,1
2024-11-17,11,322,Tijuca,VIII,VIII — Tijuca,-22.9247,-43.2328,23.38,36.0,,19.44,45.36,9.64,,,27.304761904761904,,,70.97761904761904,,0.0,2.88,0.11,12387.09,,79.51,81.46,66.29,90.78,38.88,95.91,23.65,15943.0,67426.0,70.86,Boa,0,0,1
2024-11-18,11,323,Tijuca,VIII,VIII — Tijuca,-22.9247,-43.2328,25.17,49.0,,19.19,48.42,22.47,,,27.412380952380953,35.83,26.15,70.93380952380953,33.33,0.0,6.98,0.11,12411.36,,79.51,81.46,66.29,90.78,38.88,95.91,23.65,15943.0,67426.0,70.86,Boa,0,0,1
2024-11-19,11,324,Tijuca,VIII,VIII — Tijuca,-22.9247,-43.2328,37.33,62.0,,27.01,52.0,26.89,,,27.52,35.45,24.33,70.89,42.35,0.0,5.08,0.98,12442.61,,79.51,81.46,66.29,90.78,38.88,95.91,23.65,15943.0,67426.0,70.86,Boa,0,0,0
2024-11-20,11,325,Tijuca,VIII,VIII — Tijuca,-22.9247,-43.2328,35.33,56.0,,42.34,86.74,,,,29.37,37.18,25.07,62.86,39.18,0.0,-6.5,-0.66,12478.94,,79.51,81.46,66.29,90.78,38.88,95.91,23.65,15943.0,67426.0,70.86,Boa,0,0,0
2024-11-21,11,326,Tijuca,VIII,VIII — Tijuca,-22.9247,-43.2328,24.33,36.0,,31.16,39.86,19.46,,,26.2,31.67,22.68,78.25,52.12,9.6,-5.43,-2.76,12508.77,,79.51,81.46,66.29,90.78,38.88,95.91,23.65,15943.0,67426.0,70.86,Boa,0,0,0
2024-11-22,11,327,Tijuca,VIII,VIII — Tijuca,-22.9247,-43.2328,24.46,42.0,,27.38,37.85,22.24,,,23.85,28.32,22.0,85.23,61.82,4.2,1.3,-1.99,12533.17,,79.51,81.46,66.29,90.78,38.88,95.91,23.65,15943.0,67426.0,70.86,Boa,0,0,0
2024-11-23,11,328,Tijuca,VIII,VIII — Tijuca,-22.9247,-43.2328,26.92,47.0,,25.17,31.55,19.41,,,22.22,26.13,20.93,82.05,64.75,1.4,1.06,0.23,12558.86,,79.51,81.46,66.29,90.78,38.88,95.91,23.65,15943.0,67426.0,70.86,Boa,0,0,0
2024-11-24,11,329,Tijuca,VIII,VIII — Tijuca,-22.9247,-43.2328,26.58,40.0,,29.53,43.85,,,,24.31,31.22,20.03,66.49,39.03,0.0,1.73,1.67,12585.61,,79.51,81.46,66.29,90.78,38.88,95.91,23.65,15943.0,67426.0,70.86,Boa,0,0,0
2024-11-25,11,330,Tijuca,VIII,VIII — Tijuca,-22.9247,-43.2328,30.38,46.0,,32.02,44.52,29.49,,,25.56,32.58,20.8,58.24,35.15,0.0,3.32,2.49,12614.09,,79.51,81.46,66.29,90.78,38.88,95.91,23.65,15943.0,67426.0,70.86,Boa,0,0,0
2024-11-26,11,331,Tijuca,VIII,VIII — Tijuca,-22.9247,-43.2328,33.21,65.0,,45.48,98.06,34.32,,,29.28,39.28,21.18,50.74,23.83,0.0,2.72,3.63,12645.88,,79.51,81.46,66.29,90.78,38.88,95.91,23.65,15943.0,67426.0,70.86,Boa,0,0,0
2024-11-27,11,332,Tijuca,VIII,VIII — Tijuca,-22.9247,-43.2328,35.83,48.0,,47.31,98.19,37.19,,,32.82,43.85,24.9,43.01,16.72,0.0,7.9,2.41,12680.4,,79.51,81.46,66.29,90.78,38.88,95.91,23.65,15943.0,67426.0,70.86,Boa,0,0,0
2024-11-28,11,333,Tijuca,VIII,VIII — Tijuca,-22.9247,-43.2328,49.0,85.0,,59.86,99.12,37.36,,,34.09,44.67,26.77,42.52,17.02,0.4,2.14,-2.18,12722.82,,79.51,81.46,66.29,90.78,38.88,95.91,23.65,15943.0,67426.0,70.86,Boa,0,1,0
2024-11-29,11,334,Tijuca,VIII,VIII — Tijuca,-22.9247,-43.2328,40.12,78.0,,48.66,81.31,,,,28.47,33.0,26.83,61.91,44.38,0.2,-0.12,-2.21,12767.38,,79.51,81.46,66.29,90.78,38.88,95.91,23.65,15943.0,67426.0,70.86,Boa,0,0,0
2024-11-30,11,335,Tijuca,VIII,VIII — Tijuca,-22.9247,-43.2328,48.75,75.0,,56.61,108.04,,,,29.68,37.22,25.67,65.2,39.93,0.0,-4.83,0.16,12811.81,,79.51,81.46,66.29,90.78,38.88,95.91,23.65,15943.0,67426.0,70.86,Boa,0,0,0
2024-12-01,12,336,Tijuca,VIII,VIII — Tijuca,-22.9247,-43.2328,30.46,52.0,,40.49,73.32,,,,28.78,36.9,25.77,67.81,38.55,0.0,-7.04,1.22,12851.42,,79.51,81.46,66.29,90.78,38.88,95.91,23.65,15943.0,67426.0,54.85,Regular,0,0,0
2024-12-02,12,337,Tijuca,VIII,VIII — Tijuca,-22.9247,-43.2328,34.67,58.0,,38.65,94.26,44.22,,,32.12,41.58,24.83,58.23,29.83,0.6,4.33,0.1,12883.98,,79.51,81.46,66.29,90.78,38.88,95.91,23.65,15943.0,67426.0,54.85,Regular,0,0,0
2024-12-03,12,338,Tijuca,VIII,VIII — Tijuca,-22.9247,-43.2328,39.12,69.0,,32.45,50.73,57.46,,,28.99,33.72,26.43,71.5,53.68,0.4,-9.78,-3.97,12920.88,,79.51,81.46,66.29,90.78,38.88,95.91,23.65,15943.0,67426.0,54.85,Regular,0,0,0
2024-12-04,12,339,Tijuca,VIII,VIII — Tijuca,-22.9247,-43.2328,15.12,23.0,,27.63,51.21,22.07,,,24.17,26.73,22.0,92.3,81.77,15.0,-9.0,-2.15,12948.0,,79.51,81.46,66.29,90.78,38.88,95.91,23.65,15943.0,67426.0,54.85,Regular,0,0,0
2024-12-05,12,340,Tijuca,VIII,VIII — Tijuca,-22.9247,-43.2328,21.12,37.0,,15.37,27.17,34.01,,,24.68,27.55,22.02,92.24,71.52,5.0,18.55,3.68,12966.12,,79.51,81.46,66.29,90.78,38.88,95.91,23.65,15943.0,67426.0,54.85,Regular,0,0,0
2024-12-06,12,341,Tijuca,VIII,VIII — Tijuca,-22.9247,-43.2328,52.21,99.0,,35.19,132.73,57.56,,,31.54,41.7,24.6,63.77,25.65,0.2,4.88,4.2,13002.78,,79.51,81.46,66.29,90.78,38.88,95.91,23.65,15943.0,67426.0,54.85,Regular,0,1,0
2024-12-07,12,342,Tijuca,VIII,VIII — Tijuca,-22.9247,-43.2328,30.88,55.0,,69.41,146.72,36.08,,,33.08,43.92,26.25,42.72,18.9,0.0,-11.08,-0.66,13044.33,,79.51,81.46,66.29,90.78,38.88,95.91,23.65,15943.0,67426.0,54.85,Regular,0,0,0
2024-12-08,12,343,Tijuca,VIII,VIII — Tijuca,-22.9247,-43.2328,30.04,52.0,,54.31,72.86,12.78,,,30.22,38.85,27.1,62.86,33.5,0.0,0.56,-1.77,13074.79,,79.51,81.46,66.29,90.78,38.88,95.91,23.65,15943.0,67426.0,54.85,Regular,0,0,0
2024-12-09,12,344,Tijuca,VIII,VIII — Tijuca,-22.9247,-43.2328,32.0,65.0,,37.42,71.13,27.62,,,29.53,39.7,26.23,68.09,35.82,0.4,1.21,-1.06,13105.81,,79.51,81.46,66.29,90.78,38.88,95.91,23.65,15943.0,67426.0,54.85,Regular,0,0,0
2024-12-10,12,345,Tijuca,VIII,VIII — Tijuca,-22.9247,-43.2328,32.46,53.0,,33.07,69.79,33.37,,,28.09,36.32,23.82,74.56,36.97,7.2,0.16,-1.93,13138.04,,79.51,81.46,66.29,90.78,38.88,95.91,23.65,15943.0,67426.0,54.85,Regular,0,0,0
2024-12-11,12,346,Tijuca,VIII,VIII — Tijuca,-22.9247,-43.2328,32.33,46.0,,36.14,44.1,13.23,,,25.68,32.22,22.68,70.11,40.65,5.8,0.29,-1.2,13170.43,,79.51,81.46,66.29,90.78,38.88,95.91,23.65,15943.0,67426.0,54.85,Regular,0,0,0
2024-12-12,12,347,Tijuca,VIII,VIII — Tijuca,-22.9247,-43.2328,33.04,48.0,,33.04,47.35,18.03,,,25.69,32.03,21.33,67.66,42.47,0.0,1.39,0.73,13203.12,,79.51,81.46,66.29,90.78,38.88,95.91,23.65,15943.0,67426.0,54.85,Regular,0,0,0
2024-12-13,12,348,Tijuca,VIII,VIII — Tijuca,-22.9247,-43.2328,35.12,50.0,,34.41,47.23,19.47,,,27.14,34.7,22.2,65.66,40.6,2.0,-0.91,1.54,13237.2,,79.51,81.46,66.29,90.78,38.88,95.91,23.65,15943.0,67426.0,54.85,Regular,0,0,0
2024-12-14,12,349,Tijuca,VIII,VIII — Tijuca,-22.9247,-43.2328,31.21,43.0,,28.96,56.01,20.65,,,28.76,36.65,24.5,64.36,34.72,9.4,-6.22,1.04,13270.36,,79.51,81.46,66.29,90.78,38.88,95.91,23.65,15943.0,67426.0,54.85,Regular,0,0,0
2024-12-15,12,350,Tijuca,VIII,VIII — Tijuca,-22.9247,-43.2328,22.67,39.0,,31.45,59.02,16.4,,,29.22,36.7,24.03,64.49,34.25,2.6,-4.09,1.56,13297.3,,79.51,81.46,66.29,90.78,38.88,95.91,23.65,15943.0,67426.0,54.85,Regular,0,0,0
2024-12-16,12,351,Tijuca,VIII,VIII — Tijuca,-22.9247,-43.2328,23.04,46.0,,36.97,59.77,30.46,,,31.88,41.35,25.42,50.22,25.15,16.2,4.16,-0.69,13320.16,,79.51,81.46,66.29,90.78,38.88,95.91,23.65,15943.0,67426.0,54.85,Regular,0,0,0
2024-12-17,12,352,Tijuca,VIII,VIII — Tijuca,-22.9247,-43.2328,31.0,48.0,,32.82,65.31,20.67,,,27.84,34.6,24.7,61.72,41.93,0.0,7.75,-2.7,13347.18,,79.51,81.46,66.29,90.78,38.88,95.91,23.65,15943.0,67426.0,54.85,Regular,0,0,0
2024-12-18,12,353,Tijuca,VIII,VIII — Tijuca,-22.9247,-43.2328,38.54,63.0,,26.36,61.84,21.11,,,26.47,31.15,24.68,68.71,49.35,0.0,2.16,0.46,13381.95,,79.51,81.46,66.29,90.78,38.88,95.91,23.65,15943.0,67426.0,54.85,Regular,0,0,0
2024-12-19,12,354,Tijuca,VIII,VIII — Tijuca,-22.9247,-43.2328,35.33,49.0,,36.22,64.97,19.9,,,28.76,37.08,23.63,62.0,36.12,0.0,-3.91,1.46,13418.88,,79.51,81.46,66.29,90.78,38.88,95.91,23.65,15943.0,67426.0,54.85,Regular,0,0,0
2024-12-20,12,355,Tijuca,VIII,VIII — Tijuca,-22.9247,-43.2328,30.71,51.0,,27.44,58.74,33.73,,,29.38,40.67,24.08,68.24,28.95,53.0,2.19,-0.15,13451.9,,79.51,81.46,66.29,90.78,38.88,95.91,23.65,15943.0,67426.0,54.85,Regular,0,0,0
2024-12-21,12,356,Tijuca,VIII,VIII — Tijuca,-22.9247,-43.2328,39.71,54.0,,25.29,84.57,50.79,,,28.47,35.07,23.75,73.06,42.78,0.0,5.04,-0.58,13487.11,,79.51,81.46,66.29,90.78,38.88,95.91,23.65,15943.0,67426.0,54.85,Regular,0,0,0
2024-12-22,12,357,Tijuca,VIII,VIII — Tijuca,-22.9247,-43.2328,40.79,60.0,,27.3,69.84,42.34,,,28.22,33.23,25.52,75.87,54.72,0.2,-1.61,-1.32,13527.36,,79.51,81.46,66.29,90.78,38.88,95.91,23.65,15943.0,67426.0,54.85,Regular,0,0,0
2024-12-23,12,358,Tijuca,VIII,VIII — Tijuca,-22.9247,-43.2328,36.5,55.0,,20.18,30.04,23.59,,,25.82,27.95,23.35,85.28,77.73,6.2,-3.59,-1.02,13566.01,,79.51,81.46,66.29,90.78,38.88,95.91,23.65,15943.0,67426.0,54.85,Regular,0,0,0
2024-12-24,12,359,Tijuca,VIII,VIII — Tijuca,-22.9247,-43.2328,33.62,55.0,,24.96,32.24,8.04,,,26.17,31.82,23.73,77.21,50.38,1.0,-7.75,2.14,13601.07,,79.51,81.46,66.29,90.78,38.88,95.91,23.65,15943.0,67426.0,54.85,Regular,0,0,0
2024-12-25,12,360,Tijuca,VIII,VIII — Tijuca,-22.9247,-43.2328,21.0,34.0,,29.18,63.53,12.38,,,30.11,37.57,24.45,66.29,38.48,0.2,-4.47,1.93,13628.38,,79.51,81.46,66.29,90.78,38.88,95.91,23.65,15943.0,67426.0,54.85,Regular,0,0,0
2024-12-26,12,361,Tijuca,VIII,VIII — Tijuca,-22.9247,-43.2328,24.67,40.0,,20.54,44.04,25.41,,,30.03,34.67,24.93,63.33,42.72,7.2,3.69,-0.28,13651.21,,79.51,81.46,66.29,90.78,38.88,95.91,23.65,15943.0,67426.0,54.85,Regular,0,0,0
2024-12-27,12,362,Tijuca,VIII,VIII — Tijuca,-22.9247,-43.2328,28.38,40.0,,24.01,62.59,37.46,,,29.545,,,65.125,,18.4,-1.44,-0.48,13677.74,,79.51,81.46,66.29,90.78,38.88,95.91,23.65,15943.0,67426.0,54.85,Regular,0,0,1
2024-12-28,12,363,Tijuca,VIII,VIII — Tijuca,-22.9247,-43.2328,21.79,41.0,,33.39,87.56,23.06,,,29.060000000000002,,,66.92,,1.0,-2.28,-0.49,13702.82,,79.51,81.46,66.29,90.78,38.88,95.91,23.65,15943.0,67426.0,54.85,Regular,0,0,1
2024-12-29,12,364,Tijuca,VIII,VIII — Tijuca,-22.9247,-43.2328,23.83,34.0,,33.87,59.7,13.28,,,28.575,,,68.715,,0.0,3.07,-0.49,13725.63,,79.51,81.46,66.29,90.78,38.88,95.91,23.65,15943.0,67426.0,54.85,Regular,0,0,1
2024-12-30,12,365,Tijuca,VIII,VIII — Tijuca,-22.9247,-43.2328,27.92,47.0,,24.78,47.49,22.49,,,28.09,32.17,25.57,70.51,52.57,2.6,1.9,0.13,13751.51,,79.51,81.46,66.29,90.78,38.88,95.91,23.65,15943.0,67426.0,54.85,Regular,0,0,0
2024-12-31,12,366,Tijuca,VIII,VIII — Tijuca,-22.9247,-43.2328,27.62,47.0,,29.71,62.95,20.12,,,28.83,37.45,24.48,64.38,36.82,0.0,-0.3,0.74,13779.28,,79.51,81.46,66.29,90.78,38.88,95.91,23.65,15943.0,67426.0,54.85,Regular,0,0,0
2024-01-01,1,1,Irajá,XIV,XIV — Irajá,-22.8317,-43.3283,25.5,75.0,14.42,28.59,50.31,15.99,0.28,,28.92,29.97,27.9,62.05,53.83,0.0,-7.5,0.94,0.0,0.0,65.82,77.04,53.03,67.38,32.52,94.01,28.07,19534.0,69588.0,23.35,Ruim,0,0,0
2024-01-02,1,2,Irajá,XIV,XIV — Irajá,-22.8317,-43.3283,18.0,48.0,6.12,26.4,59.01,15.27,0.25,,29.86,33.15,27.28,68.51,52.05,0.4,1.65,0.72,21.75,10.27,65.82,77.04,53.03,67.38,32.52,94.01,28.07,19534.0,69588.0,23.35,Ruim,0,0,0
2024-01-03,1,3,Irajá,XIV,XIV — Irajá,-22.8317,-43.3283,28.81,84.0,8.0,43.92,185.4,28.43,0.36,,30.36,33.82,28.02,80.26,53.12,27.2,-0.89,-0.59,45.16,17.33,65.82,77.04,53.03,67.38,32.52,94.01,28.07,19534.0,69588.0,23.35,Ruim,0,0,0
2024-01-04,1,4,Irajá,XIV,XIV — Irajá,-22.8317,-43.3283,16.22,47.0,3.79,37.84,91.89,31.12,0.39,,28.67,32.05,27.1,91.53,59.3,11.0,-0.57,-0.31,67.67,23.22,65.82,77.04,53.03,67.38,32.52,94.01,28.07,19534.0,69588.0,23.35,Ruim,0,0,0
2024-01-05,1,5,Irajá,XIV,XIV — Irajá,-22.8317,-43.3283,27.67,52.0,3.04,42.7,70.03,17.95,0.3,,29.74,32.27,28.03,83.15,58.97,0.8,7.54,0.52,89.62,26.64,65.82,77.04,53.03,67.38,32.52,94.01,28.07,19534.0,69588.0,23.35,Ruim,0,0,0
2024-01-06,1,6,Irajá,XIV,XIV — Irajá,-22.8317,-43.3283,31.29,60.0,3.0,31.13,61.93,17.64,0.3,,29.72,32.7,27.52,78.61,49.92,1.2,-1.75,0.65,119.1,29.66,65.82,77.04,53.03,67.38,32.52,94.01,28.07,19534.0,69588.0,23.35,Ruim,0,0,0
2024-01-07,1,7,Irajá,XIV,XIV — Irajá,-22.8317,-43.3283,24.17,54.0,4.0,51.44,121.62,14.34,0.26,,31.03,34.67,28.52,65.35,44.78,0.0,7.53,1.6,146.83,33.16,65.82,77.04,53.03,67.38,32.52,94.01,28.07,19534.0,69588.0,23.35,Ruim,0,0,0
2024-01-08,1,8,Irajá,XIV,XIV — Irajá,-22.8317,-43.3283,46.35,76.0,13.21,66.61,202.07,26.97,0.4,,32.92,37.68,28.73,57.3,32.55,0.0,9.91,1.28,182.09,41.76,65.82,77.04,53.03,67.38,32.52,94.01,28.07,19534.0,69588.0,23.35,Ruim,0,0,0
2024-01-09,1,9,Irajá,XIV,XIV — Irajá,-22.8317,-43.3283,44.0,77.0,14.75,70.92,152.53,34.14,0.45,,33.6,35.8,31.73,50.22,36.93,0.0,-3.89,0.27,227.26,55.74,65.82,77.04,53.03,67.38,32.52,94.01,28.07,19534.0,69588.0,23.35,Ruim,0,0,0
2024-01-10,1,10,Irajá,XIV,XIV — Irajá,-22.8317,-43.3283,38.58,69.0,16.83,88.65,209.07,31.51,0.41,,33.47,36.82,30.33,55.74,34.67,0.0,-9.2,-0.54,268.55,71.54,65.82,77.04,53.03,67.38,32.52,94.01,28.07,19534.0,69588.0,23.35,Ruim,0,0,0
2024-01-11,1,11,Irajá,XIV,XIV — Irajá,-22.8317,-43.3283,25.59,58.0,10.83,69.01,165.76,32.35,0.44,,32.53,38.15,28.6,65.47,30.68,33.4,-7.94,-1.17,300.64,85.36,65.82,77.04,53.03,67.38,32.52,94.01,28.07,19534.0,69588.0,23.35,Ruim,0,0,0
2024-01-12,1,12,Irajá,XIV,XIV — Irajá,-22.8317,-43.3283,22.7,42.0,7.08,62.52,145.86,33.59,0.45,,31.13,36.3,29.28,83.81,42.23,3.4,-5.74,-1.35,324.78,94.32,65.82,77.04,53.03,67.38,32.52,94.01,28.07,19534.0,69588.0,23.35,Ruim,0,0,0
2024-01-13,1,13,Irajá,XIV,XIV — Irajá,-22.8317,-43.3283,14.12,29.0,4.96,32.49,72.72,25.29,0.42,,29.84,31.38,28.42,92.3,67.9,101.0,-6.54,-0.7,343.19,100.34,65.82,77.04,53.03,67.38,32.52,94.01,28.07,19534.0,69588.0,23.35,Ruim,0,0,0
2024-01-14,1,14,Irajá,XIV,XIV — Irajá,-22.8317,-43.3283,9.62,24.0,2.17,33.44,96.05,17.35,0.29,,29.73,32.53,28.03,82.59,50.23,71.3,3.84,1.34,355.06,103.9,65.82,77.04,53.03,67.38,32.52,94.01,28.07,19534.0,69588.0,23.35,Ruim,0,0,0
2024-01-15,1,15,Irajá,XIV,XIV — Irajá,-22.8317,-43.3283,21.79,50.0,5.92,47.65,149.05,26.56,0.36,,32.52,36.3,29.0,52.14,16.03,0.6,10.19,2.42,370.77,107.95,65.82,77.04,53.03,67.38,32.52,94.01,28.07,19534.0,69588.0,23.35,Ruim,0,0,0
2024-01-16,1,16,Irajá,XIV,XIV — Irajá,-22.8317,-43.3283,30.0,59.0,9.58,59.67,157.5,33.05,0.43,,34.56,38.53,31.13,32.54,10.37,0.0,6.09,1.12,396.66,115.7,65.82,77.04,53.03,67.38,32.52,94.01,28.07,19534.0,69588.0,23.35,Ruim,0,0,0
2024-01-17,1,17,Irajá,XIV,XIV — Irajá,-22.8317,-43.3283,33.96,58.0,13.62,85.68,188.45,32.16,0.43,,34.77,38.77,31.95,30.5,11.03,0.0,-2.68,-1.04,428.64,127.3,65.82,77.04,53.03,67.38,32.52,94.01,28.07,19534.0,69588.0,23.35,Ruim,0,0,0
2024-01-18,1,18,Irajá,XIV,XIV — Irajá,-22.8317,-43.3283,24.65,42.0,7.95,80.57,176.91,22.71,0.38,,32.49,34.48,31.25,46.53,36.53,0.0,-1.32,-1.38,457.95,138.08,65.82,77.04,53.03,67.38,32.52,94.01,28.07,19534.0,69588.0,23.35,Ruim,0,0,0
2024-01-19,1,19,Irajá,XIV,XIV — Irajá,-22.8317,-43.3283,31.33,54.0,11.92,46.06,120.29,35.63,0.47,,32.01,34.6,29.53,50.79,27.38,1.2,1.18,0.65,485.94,148.02,65.82,77.04,53.03,67.38,32.52,94.01,28.07,19534.0,69588.0,23.35,Ruim,0,0,0
2024-01-20,1,20,Irajá,XIV,XIV — Irajá,-22.8317,-43.3283,27.0,72.0,10.88,86.05,211.83,30.81,0.49,,33.79,36.37,31.83,34.16,20.93,0.5,-8.7,-0.7,515.1,159.42,65.82,77.04,53.03,67.38,32.52,94.01,28.07,19534.0,69588.0,23.35,Ruim,0,0,0
2024-01-21,1,21,Irajá,XIV,XIV — Irajá,-22.8317,-43.3283,13.94,35.0,4.46,60.05,98.28,14.39,0.34,,30.61,33.07,27.77,63.71,38.15,82.6,-7.75,-1.98,535.57,167.09,65.82,77.04,53.03,67.38,32.52,94.01,28.07,19534.0,69588.0,23.35,Ruim,0,0,0
2024-01-22,1,22,Irajá,XIV,XIV — Irajá,-22.8317,-43.3283,11.5,21.0,2.0,30.12,55.44,14.32,0.27,,29.83,31.97,27.73,68.08,34.47,62.2,-2.47,-1.88,548.29,170.32,65.82,77.04,53.03,67.38,32.52,94.01,28.07,19534.0,69588.0,23.35,Ruim,0,0,0
2024-01-23,1,23,Irajá,XIV,XIV — Irajá,-22.8317,-43.3283,9.0,33.0,2.29,17.08,44.35,24.31,0.32,,26.86,28.2,25.0,98.24,88.28,41.8,0.04,-1.57,558.54,172.46,65.82,77.04,53.03,67.38,32.52,94.01,28.07,19534.0,69588.0,23.35,Ruim,0,0,0
2024-01-24,1,24,Irajá,XIV,XIV — Irajá,-22.8317,-43.3283,11.57,26.0,4.79,29.25,71.03,29.11,0.37,,26.69,28.77,24.92,90.4,63.02,2.8,2.73,0.93,568.83,176.0,65.82,77.04,53.03,67.38,32.52,94.01,28.07,19534.0,69588.0,23.35,Ruim,0,0,0
2024-01-25,1,25,Irajá,XIV,XIV — Irajá,-22.8317,-43.3283,14.46,39.0,4.96,43.49,110.39,22.47,0.29,,28.71,31.7,26.9,77.38,47.0,1.8,-0.83,0.55,581.84,180.88,65.82,77.04,53.03,67.38,32.52,94.01,28.07,19534.0,69588.0,23.35,Ruim,0,0,0
2024-01-26,1,26,Irajá,XIV,XIV — Irajá,-22.8317,-43.3283,9.91,20.0,2.67,20.3,34.83,20.06,0.31,,27.79,29.37,26.52,86.03,69.43,8.0,1.36,0.05,594.02,184.69,65.82,77.04,53.03,67.38,32.52,94.01,28.07,19534.0,69588.0,23.35,Ruim,0,0,0
2024-01-27,1,27,Irajá,XIV,XIV — Irajá,-22.8317,-43.3283,17.17,33.0,4.92,23.73,64.6,21.25,0.35,,28.82,31.62,27.1,74.48,50.25,2.2,3.02,0.44,607.56,188.49,65.82,77.04,53.03,67.38,32.52,94.01,28.07,19534.0,69588.0,23.35,Ruim,0,0,0
2024-01-28,1,28,Irajá,XIV,XIV — Irajá,-22.8317,-43.3283,15.95,36.0,5.75,36.44,124.15,20.36,0.31,,28.66,32.05,26.6,79.8,48.58,20.8,0.7,0.57,624.12,193.82,65.82,77.04,53.03,67.38,32.52,94.01,28.07,19534.0,69588.0,23.35,Ruim,0,0,0
2024-01-29,1,29,Irajá,XIV,XIV — Irajá,-22.8317,-43.3283,18.58,36.0,6.32,50.02,128.2,26.72,0.35,,29.96,33.6,26.6,64.55,32.43,0.0,7.83,1.52,641.39,199.86,65.82,77.04,53.03,67.38,32.52,94.01,28.07,19534.0,69588.0,23.35,Ruim,0,0,0
2024-01-30,1,30,Irajá,XIV,XIV — Irajá,-22.8317,-43.3283,31.61,59.0,13.54,61.16,205.65,32.6,0.4,,31.69,35.77,28.6,50.05,25.33,0.0,7.15,0.35,666.48,209.79,65.82,77.04,53.03,67.38,32.52,94.01,28.07,19534.0,69588.0,23.35,Ruim,0,0,0
2024-01-31,1,31,Irajá,XIV,XIV — Irajá,-22.8317,-43.3283,32.88,57.0,15.35,67.83,193.04,37.9,0.43,,30.66,34.2,27.43,55.95,32.88,13.8,-3.27,-0.87,698.73,224.23,65.82,77.04,53.03,67.38,32.52,94.01,28.07,19534.0,69588.0,23.35,Ruim,0,0,0
2024-02-01,2,32,Irajá,XIV,XIV — Irajá,-22.8317,-43.3283,25.08,90.0,12.0,56.39,134.9,31.37,0.38,,29.95,33.28,27.42,53.68,26.68,0.4,-5.84,-0.56,727.71,237.91,65.82,77.04,53.03,67.38,32.52,94.01,28.07,19534.0,69588.0,47.6,Ruim,0,1,0
2024-02-02,2,33,Irajá,XIV,XIV — Irajá,-22.8317,-43.3283,21.21,44.0,8.29,39.53,74.74,29.87,0.41,,29.54,31.38,27.83,62.28,47.43,0.6,-1.29,0.31,750.86,248.05,65.82,77.04,53.03,67.38,32.52,94.01,28.07,19534.0,69588.0,47.6,Ruim,0,0,0
2024-02-03,2,34,Irajá,XIV,XIV — Irajá,-22.8317,-43.3283,22.5,43.0,8.67,63.0,186.85,26.64,0.38,,30.58,34.08,27.62,57.3,32.05,0.0,-0.7,0.41,772.71,256.53,65.82,77.04,53.03,67.38,32.52,94.01,28.07,19534.0,69588.0,47.6,Ruim,0,0,0
2024-02-04,2,35,Irajá,XIV,XIV — Irajá,-22.8317,-43.3283,19.82,45.0,8.42,54.28,182.81,22.83,0.34,,30.36,34.88,26.85,59.39,28.88,17.8,2.61,0.03,793.87,265.08,65.82,77.04,53.03,67.38,32.52,94.01,28.07,19534.0,69588.0,47.6,Ruim,0,0,0
2024-02-05,2,36,Irajá,XIV,XIV — Irajá,-22.8317,-43.3283,27.71,50.0,10.08,64.92,158.6,36.18,0.48,,30.64,34.55,27.72,53.9,29.8,0.0,3.5,0.38,817.64,274.33,65.82,77.04,53.03,67.38,32.52,94.01,28.07,19534.0,69588.0,47.6,Ruim,0,0,0
2024-02-06,2,37,Irajá,XIV,XIV — Irajá,-22.8317,-43.3283,26.83,53.0,10.96,46.56,131.94,26.38,0.39,,31.11,33.83,28.63,52.19,34.27,0.0,-0.21,0.43,844.9,284.85,65.82,77.04,53.03,67.38,32.52,94.01,28.07,19534.0,69588.0,47.6,Ruim,0,0,0
2024-02-07,2,38,Irajá,XIV,XIV — Irajá,-22.8317,-43.3283,27.29,45.0,12.04,63.25,171.08,23.75,0.36,,31.5,34.77,29.0,48.7,26.05,0.0,-1.91,0.34,871.96,296.35,65.82,77.04,53.03,67.38,32.52,94.01,28.07,19534.0,69588.0,47.6,Ruim,0,0,0
2024-02-08,2,39,Irajá,XIV,XIV — Irajá,-22.8317,-43.3283,23.0,45.0,8.46,56.56,142.64,25.53,0.34,,31.78,35.33,29.52,45.15,25.55,0.0,1.09,0.14,897.11,306.6,65.82,77.04,53.03,67.38,32.52,94.01,28.07,19534.0,69588.0,47.6,Ruim,0,0,0
2024-02-09,2,40,Irajá,XIV,XIV — Irajá,-22.8317,-43.3283,29.46,60.0,12.29,60.44,121.78,29.04,0.4,,31.79,35.63,29.0,40.63,17.83,0.0,-4.38,0.0,923.34,316.97,65.82,77.04,53.03,67.38,32.52,94.01,28.07,19534.0,69588.0,47.6,Ruim,0,0,0
2024-02-10,2,41,Irajá,XIV,XIV — Irajá,-22.8317,-43.3283,14.25,40.0,4.17,41.11,69.01,18.16,0.24,,31.79,35.37,28.97,38.44,16.45,0.0,-7.73,0.48,945.2,325.2,65.82,77.04,53.03,67.38,32.52,94.01,28.07,19534.0,69588.0,47.6,Ruim,0,0,0
2024-02-11,2,42,Irajá,XIV,XIV — Irajá,-22.8317,-43.3283,14.0,27.0,4.54,40.56,103.61,14.8,0.28,,32.75,36.7,29.42,34.23,13.72,0.0,3.48,1.05,959.32,329.56,65.82,77.04,53.03,67.38,32.52,94.01,28.07,19534.0,69588.0,47.6,Ruim,0,0,0
2024-02-12,2,43,Irajá,XIV,XIV — Irajá,-22.8317,-43.3283,21.22,36.0,9.08,47.01,94.17,22.03,0.36,,33.88,37.38,31.63,23.76,9.48,0.0,3.28,0.52,976.93,336.37,65.82,77.04,53.03,67.38,32.52,94.01,28.07,19534.0,69588.0,47.6,Ruim,0,0,0
2024-02-13,2,44,Irajá,XIV,XIV — Irajá,-22.8317,-43.3283,20.57,38.0,8.08,68.47,152.78,20.43,0.3,,33.79,37.68,30.48,24.95,7.62,0.0,-2.85,-1.08,997.82,344.95,65.82,77.04,53.03,67.38,32.52,94.01,28.07,19534.0,69588.0,47.6,Ruim,0,0,0
2024-02-14,2,45,Irajá,XIV,XIV — Irajá,-22.8317,-43.3283,15.52,28.0,5.83,64.8,114.49,18.32,0.32,,31.73,34.42,29.35,35.11,17.68,0.6,-0.63,-2.4,1015.87,351.9,65.82,77.04,53.03,67.38,32.52,94.01,28.07,19534.0,69588.0,47.6,Ruim,0,0,0
2024-02-15,2,46,Irajá,XIV,XIV — Irajá,-22.8317,-43.3283,19.31,38.0,7.5,62.663999999999994,60.12,32.64,0.57,,28.99,29.87,28.23,72.52,63.12,26.4,1.2,-1.35,1033.28,358.57,65.82,77.04,53.03,67.38,32.52,94.01,28.07,19534.0,69588.0,47.6,Ruim,0,0,1
2024-02-16,2,47,Irajá,XIV,XIV — Irajá,-22.8317,-43.3283,17.92,47.0,6.5,60.528,,20.63,0.3,,29.038095238095238,,,72.14581395348837,,0.2,-0.99,0.05,1051.9,365.57,65.82,77.04,53.03,67.38,32.52,94.01,28.07,19534.0,69588.0,47.6,Ruim,0,0,1
2024-02-17,2,48,Irajá,XIV,XIV — Irajá,-22.8317,-43.3283,17.33,29.0,5.0,58.391999999999996,,17.23,0.33,,29.086190476190474,,,71.77162790697675,,0.0,-2.13,0.05,1069.52,371.32,65.82,77.04,53.03,67.38,32.52,94.01,28.07,19534.0,69588.0,47.6,Ruim,0,0,1
2024-02-18,2,49,Irajá,XIV,XIV — Irajá,-22.8317,-43.3283,13.67,29.0,4.92,56.256,,14.11,0.3,,29.134285714285713,,,71.39744186046511,,0.0,0.62,0.05,1085.02,376.28,65.82,77.04,53.03,67.38,32.52,94.01,28.07,19534.0,69588.0,47.6,Ruim,0,0,1
2024-02-19,2,50,Irajá,XIV,XIV — Irajá,-22.8317,-43.3283,18.58,36.0,5.71,54.12,,22.36,0.33,,29.18238095238095,,,71.02325581395348,,2.4,3.52,0.05,1101.15,381.6,65.82,77.04,53.03,67.38,32.52,94.01,28.07,19534.0,69588.0,47.6,Ruim,0,0,1
2024-02-20,2,51,Irajá,XIV,XIV — Irajá,-22.8317,-43.3283,20.71,31.0,7.54,51.983999999999995,,33.15,0.45,,29.23047619047619,,,70.64906976744186,,3.6,2.44,0.05,1120.79,388.22,65.82,77.04,53.03,67.38,32.52,94.01,28.07,19534.0,69588.0,47.6,Ruim,0,0,1
2024-02-21,2,52,Irajá,XIV,XIV — Irajá,-22.8317,-43.3283,23.46,49.0,10.79,49.848,,33.43,0.56,,29.27857142857143,,,70.27488372093023,,6.2,-2.88,0.05,1142.88,397.38,65.82,77.04,53.03,67.38,32.52,94.01,28.07,19534.0,69588.0,47.6,Ruim,0,0,1
2024-02-22,2,53,Irajá,XIV,XIV — Irajá,-22.8317,-43.3283,14.96,37.0,5.08,47.711999999999996,,25.81,0.47,,29.326666666666664,,,69.9006976744186,,0.0,-1.02,0.05,1162.09,405.32,65.82,77.04,53.03,67.38,32.52,94.01,28.07,19534.0,69588.0,47.6,Ruim,0,0,1
2024-02-23,2,54,Irajá,XIV,XIV — Irajá,-22.8317,-43.3283,21.42,53.0,5.43,45.57599999999999,,28.9,0.55,,29.374761904761904,,,69.52651162790697,,0.3,4.77,0.05,1180.28,410.58,65.82,77.04,53.03,67.38,32.52,94.01,28.07,19534.0,69588.0,47.6,Ruim,0,0,1
2024-02-24,2,55,Irajá,XIV,XIV — Irajá,-22.8317,-43.3283,24.5,44.0,9.29,43.44,81.92,24.36,0.49,,29.42285714285714,,,69.15232558139535,,0.4,-1.4,0.05,1203.24,417.94,65.82,77.04,53.03,67.38,32.52,94.01,28.07,19534.0,69588.0,47.6,Ruim,0,0,1
2024-02-25,2,56,Irajá,XIV,XIV — Irajá,-22.8317,-43.3283,18.62,29.0,6.29,43.77,72.89,15.94,0.37,,29.47095238095238,,,68.77813953488372,,0.0,-3.02,0.05,1224.8,425.72,65.82,77.04,53.03,67.38,32.52,94.01,28.07,19534.0,69588.0,47.6,Ruim,0,0,1
2024-02-26,2,57,Irajá,XIV,XIV — Irajá,-22.8317,-43.3283,18.46,39.0,6.75,46.25,78.72,18.56,0.34,,29.51904761904762,,,68.4039534883721,,0.4,-1.33,0.05,1243.34,432.24,65.82,77.04,53.03,67.38,32.52,94.01,28.07,19534.0,69588.0,47.6,Ruim,0,0,1
2024-02-27,2,58,Irajá,XIV,XIV — Irajá,-22.8317,-43.3283,15.96,39.0,4.12,35.4,97.08,16.88,0.26,,29.567142857142855,,,68.02976744186046,,0.0,4.43,0.05,1260.55,437.68,65.82,77.04,53.03,67.38,32.52,94.01,28.07,19534.0,69588.0,47.6,Ruim,0,0,1
2024-02-28,2,59,Irajá,XIV,XIV — Irajá,-22.8317,-43.3283,27.33,66.0,9.42,35.38,95.96,23.33,0.42,,29.615238095238094,,,67.65558139534883,,0.0,1.99,0.05,1282.2,444.45,65.82,77.04,53.03,67.38,32.52,94.01,28.07,19534.0,69588.0,47.6,Ruim,0,0,1
2024-02-29,2,60,Irajá,XIV,XIV — Irajá,-22.8317,-43.3283,19.95,33.0,6.29,41.41,100.21,20.78,0.37,,29.663333333333334,,,67.28139534883721,,0.0,-1.44,0.05,1305.84,452.3,65.82,77.04,53.03,67.38,32.52,94.01,28.07,19534.0,69588.0,47.6,Ruim,0,0,1
2024-03-01,3,61,Irajá,XIV,XIV — Irajá,-22.8317,-43.3283,24.44,35.0,8.88,34.93,85.75,22.69,0.32,,29.71142857142857,,,66.90720930232558,,0.0,4.31,0.05,1328.03,459.89,65.82,77.04,53.03,67.38,32.52,94.01,28.07,19534.0,69588.0,90.03,Boa,0,0,1
2024-03-02,3,62,Irajá,XIV,XIV — Irajá,-22.8317,-43.3283,28.57,,,44.1325,,,,,29.75952380952381,,,66.53302325581394,,0.0,4.13,0.05,1354.54,464.33,65.82,77.04,53.03,67.38,32.52,94.01,28.07,19534.0,69588.0,90.03,Boa,1,0,1
2024-03-03,3,63,Irajá,XIV,XIV — Irajá,-22.8317,-43.3283,32.7,,,53.334999999999994,,,,,29.807619047619045,,,66.15883720930232,,0.0,4.13,0.05,1385.17,464.33,65.82,77.04,53.03,67.38,32.52,94.01,28.07,19534.0,69588.0,90.03,Boa,1,0,1
2024-03-04,3,64,Irajá,XIV,XIV — Irajá,-22.8317,-43.3283,36.83,85.0,13.57,62.537499999999994,140.91,,0.36,,29.855714285714285,,,65.7846511627907,,0.0,4.13,0.05,1419.94,471.12,65.82,77.04,53.03,67.38,32.52,94.01,28.07,19534.0,69588.0,90.03,Boa,1,0,1
2024-03-05,3,65,Irajá,XIV,XIV — Irajá,-22.8317,-43.3283,40.96,66.0,14.62,71.74,184.6,16.86,0.4,,29.903809523809525,,,65.41046511627907,,13.2,-9.6,0.05,1458.83,485.21,65.82,77.04,53.03,67.38,32.52,94.01,28.07,19534.0,69588.0,90.03,Boa,0,0,1
2024-03-06,3,66,Irajá,XIV,XIV — Irajá,-22.8317,-43.3283,17.63,73.0,3.26,40.47,100.75,17.2,0.42,,29.95190476190476,,,65.03627906976745,,19.0,-14.46,0.05,1488.13,494.15,65.82,77.04,53.03,67.38,32.52,94.01,28.07,19534.0,69588.0,90.03,Boa,0,0,1
2024-03-07,3,67,Irajá,XIV,XIV — Irajá,-22.8317,-43.3283,12.04,22.0,1.78,35.56,72.33,12.35,0.31,,30.0,,,64.6620930232558,,0.0,-2.19,0.05,1502.96,496.67,65.82,77.04,53.03,67.38,32.52,94.01,28.07,19534.0,69588.0,90.03,Boa,0,0,1
2024-03-08,3,68,Irajá,XIV,XIV — Irajá,-22.8317,-43.3283,13.25,29.0,4.12,32.13,72.12,9.67,0.29,,30.048095238095236,,,64.28790697674418,,2.2,1.37,0.05,1515.61,499.62,65.82,77.04,53.03,67.38,32.52,94.01,28.07,19534.0,69588.0,90.03,Boa,0,0,1
2024-03-09,3,69,Irajá,XIV,XIV — Irajá,-22.8317,-43.3283,14.78,28.0,3.05,36.48,103.95,9.87,0.35,,30.096190476190475,,,63.91372093023256,,24.2,0.1,0.05,1529.62,503.2,65.82,77.04,53.03,67.38,32.52,94.01,28.07,19534.0,69588.0,90.03,Boa,0,0,1
2024-03-10,3,70,Irajá,XIV,XIV — Irajá,-22.8317,-43.3283,13.45,30.0,3.41,28.51,48.84,9.58,0.41,,30.144285714285715,,,63.539534883720926,,0.0,-0.37,0.05,1543.74,506.44,65.82,77.04,53.03,67.38,32.52,94.01,28.07,19534.0,69588.0,90.03,Boa,0,0,1
2024-03-11,3,71,Irajá,XIV,XIV — Irajá,-22.8317,-43.3283,14.04,26.0,2.12,22.3,44.4,9.82,0.31,,30.19238095238095,,,63.1653488372093,,0.0,1.74,0.05,1557.48,509.2,65.82,77.04,53.03,67.38,32.52,94.01,28.07,19534.0,69588.0,90.03,Boa,0,0,1
2024-03-12,3,72,Irajá,XIV,XIV — Irajá,-22.8317,-43.3283,16.92,26.0,4.71,26.71,54.88,11.72,0.31,,30.24047619047619,,,62.79116279069767,,2.2,5.4,0.05,1572.96,512.62,65.82,77.04,53.03,67.38,32.52,94.01,28.07,19534.0,69588.0,90.03,Boa,0,0,1
2024-03-13,3,73,Irajá,XIV,XIV — Irajá,-22.8317,-43.3283,24.83,39.0,6.38,47.46,77.91,11.15,0.26,,30.288571428571426,,,62.416976744186044,,0.0,7.24,0.05,1593.84,518.16,65.82,77.04,53.03,67.38,32.52,94.01,28.07,19534.0,69588.0,90.03,Boa,0,0,1
2024-03-14,3,74,Irajá,XIV,XIV — Irajá,-22.8317,-43.3283,31.41,76.0,8.92,50.75,136.37,13.75,0.36,,30.336666666666666,,,62.04279069767442,,0.0,7.71,0.05,1621.96,525.81,65.82,77.04,53.03,67.38,32.52,94.01,28.07,19534.0,69588.0,90.03,Boa,0,0,1
2024-03-15,3,75,Irajá,XIV,XIV — Irajá,-22.8317,-43.3283,40.24,58.0,16.33,69.79,202.07,15.19,0.41,,30.384761904761906,,,61.66860465116279,,0.0,5.21,0.05,1657.78,538.43,65.82,77.04,53.03,67.38,32.52,94.01,28.07,19534.0,69588.0,90.03,Boa,0,0,1
2024-03-16,3,76,Irajá,XIV,XIV — Irajá,-22.8317,-43.3283,41.83,67.0,18.92,62.22,154.94,14.28,0.45,,30.43285714285714,,,61.29441860465116,,0.0,5.24,0.05,1698.82,556.06,65.82,77.04,53.03,67.38,32.52,94.01,28.07,19534.0,69588.0,90.03,Boa,0,0,1
2024-03-17,3,77,Irajá,XIV,XIV — Irajá,-22.8317,-43.3283,50.72,80.0,20.12,80.42,164.96,11.76,0.49,,30.48095238095238,,,60.92023255813953,,0.0,-3.03,0.05,1745.09,575.58,65.82,77.04,53.03,67.38,32.52,94.01,28.07,19534.0,69588.0,90.03,Boa,0,0,1
2024-03-18,3,78,Irajá,XIV,XIV — Irajá,-22.8317,-43.3283,35.77,68.0,13.12,61.22,134.28,13.15,0.4,,30.529047619047617,,,60.54604651162791,,0.0,-3.5,0.05,1788.34,592.2,65.82,77.04,53.03,67.38,32.52,94.01,28.07,19534.0,69588.0,90.03,Boa,0,0,1
2024-03-19,3,79,Irajá,XIV,XIV — Irajá,-22.8317,-43.3283,43.73,65.0,18.38,60.05,179.53,14.98,0.46,,30.577142857142857,,,60.171860465116275,,4.0,-2.41,0.05,1828.09,607.95,65.82,77.04,53.03,67.38,32.52,94.01,28.07,19534.0,69588.0,90.03,Boa,0,0,1
2024-03-20,3,80,Irajá,XIV,XIV — Irajá,-22.8317,-43.3283,30.95,47.0,14.29,47.94,142.9,16.84,0.48,,30.625238095238096,,,59.79767441860465,,0.0,-9.66,0.05,1865.43,624.28,65.82,77.04,53.03,67.38,32.52,94.01,28.07,19534.0,69588.0,90.03,Boa,0,0,1
2024-03-21,3,81,Irajá,XIV,XIV — Irajá,-22.8317,-43.3283,24.4,43.0,7.33,37.96,66.55,14.41,0.44,,30.673333333333332,,,59.42348837209302,,2.2,-11.08,0.05,1893.1,635.09,65.82,77.04,53.03,67.38,32.52,94.01,28.07,19534.0,69588.0,90.03,Boa,0,0,1
2024-03-22,3,82,Irajá,XIV,XIV — Irajá,-22.8317,-43.3283,8.79,24.0,1.54,37.97,73.68,10.79,0.3,,30.72142857142857,,,59.049302325581394,,32.0,-1.43,0.05,1909.7,639.53,65.82,77.04,53.03,67.38,32.52,94.01,28.07,19534.0,69588.0,90.03,Boa,0,0,1
2024-03-23,3,83,Irajá,XIV,XIV — Irajá,-22.8317,-43.3283,21.54,40.0,3.17,22.38,40.46,9.5,0.27,,30.76952380952381,,,58.67511627906977,,1.6,-2.6,0.05,1924.86,641.88,65.82,77.04,53.03,67.38,32.52,94.01,28.07,19534.0,69588.0,90.03,Boa,0,0,1
2024-03-24,3,84,Irajá,XIV,XIV — Irajá,-22.8317,-43.3283,3.6,13.0,0.46,17.49,26.09,9.54,0.33,,30.817619047619047,,,58.30093023255814,,17.6,-3.16,0.05,1937.43,643.7,65.82,77.04,53.03,67.38,32.52,94.01,28.07,19534.0,69588.0,90.03,Boa,0,0,1
2024-03-25,3,85,Irajá,XIV,XIV — Irajá,-22.8317,-43.3283,15.21,29.0,3.25,18.03,59.28,11.06,0.37,,30.865714285714287,,,57.92674418604651,,1.1,3.68,0.05,1946.84,645.55,65.82,77.04,53.03,67.38,32.52,94.01,28.07,19534.0,69588.0,90.03,Boa,0,0,1
2024-03-26,3,86,Irajá,XIV,XIV — Irajá,-22.8317,-43.3283,10.96,23.0,2.42,10.23,38.45,11.39,0.3,,30.913809523809523,,,57.55255813953488,,5.4,0.31,0.05,1959.92,648.39,65.82,77.04,53.03,67.38,32.52,94.01,28.07,19534.0,69588.0,90.03,Boa,0,0,1
2024-03-27,3,87,Irajá,XIV,XIV — Irajá,-22.8317,-43.3283,15.83,27.0,3.83,6.96,20.86,14.24,0.44,,30.961904761904762,,,57.178372093023256,,1.4,2.77,0.05,1973.32,651.52,65.82,77.04,53.03,67.38,32.52,94.01,28.07,19534.0,69588.0,90.03,Boa,0,0,1
2024-03-28,3,88,Irajá,XIV,XIV — Irajá,-22.8317,-43.3283,16.5,37.0,4.08,9.53,23.84,12.66,0.34,,31.009999999999998,,,56.804186046511624,,3.4,-1.61,0.05,1989.48,655.47,65.82,77.04,53.03,67.38,32.52,94.01,28.07,19534.0,69588.0,90.03,Boa,0,0,1
2024-03-29,3,89,Irajá,XIV,XIV — Irajá,-22.8317,-43.3283,12.62,47.0,2.46,18.6,41.91,9.69,0.4,,31.058095238095238,,,56.43,,0.8,3.36,0.05,2004.04,658.74,65.82,77.04,53.03,67.38,32.52,94.01,28.07,19534.0,69588.0,90.03,Boa,0,0,1
2024-03-30,3,90,Irajá,XIV,XIV — Irajá,-22.8317,-43.3283,23.22,46.0,6.62,24.71,55.21,11.66,0.4,,31.106190476190477,,,56.05581395348837,,0.0,0.92,0.05,2021.96,663.28,65.82,77.04,53.03,67.38,32.52,94.01,28.07,19534.0,69588.0,90.03,Boa,0,0,1
2024-03-31,3,91,Irajá,XIV,XIV — Irajá,-22.8317,-43.3283,14.45,31.0,3.04,27.98,63.66,8.79,0.31,,31.154285714285713,,,55.68162790697674,,0.0,-0.67,0.05,2040.8,668.11,65.82,77.04,53.03,67.38,32.52,94.01,28.07,19534.0,69588.0,90.03,Boa,0,0,1
2024-04-01,4,92,Irajá,XIV,XIV — Irajá,-22.8317,-43.3283,21.88,41.0,5.0,22.07,86.0,14.44,0.27,,31.202380952380953,,,55.30744186046512,,0.0,10.24,0.05,2058.96,672.13,65.82,77.04,53.03,67.38,32.52,94.01,28.07,19534.0,69588.0,82.18,Boa,0,0,1
2024-04-02,4,93,Irajá,XIV,XIV — Irajá,-22.8317,-43.3283,34.92,66.0,11.7,32.98,88.56,40.61,0.46,,31.250476190476192,,,54.93325581395349,,0.0,8.48,0.05,2087.36,680.48,65.82,77.04,53.03,67.38,32.52,94.01,28.07,19534.0,69588.0,82.18,Boa,0,0,1
2024-04-03,4,94,Irajá,XIV,XIV — Irajá,-22.8317,-43.3283,38.83,70.0,14.92,52.61,118.74,38.22,0.42,,31.298571428571428,,,54.559069767441855,,0.0,3.43,0.05,2124.24,693.79,65.82,77.04,53.03,67.38,32.52,94.01,28.07,19534.0,69588.0,82.18,Boa,0,0,1
2024-04-04,4,95,Irajá,XIV,XIV — Irajá,-22.8317,-43.3283,41.78,98.0,20.42,79.59,235.87,33.91,0.39,,31.346666666666668,,,54.18488372093023,,0.0,-4.18,0.05,2164.54,711.46,65.82,77.04,53.03,67.38,32.52,94.01,28.07,19534.0,69588.0,82.18,Boa,0,1,1
2024-04-05,4,96,Irajá,XIV,XIV — Irajá,-22.8317,-43.3283,30.46,72.0,13.0,59.08,159.81,26.67,0.35,,31.394761904761904,,,53.810697674418606,,0.0,-9.26,0.05,2200.66,728.17,65.82,77.04,53.03,67.38,32.52,94.01,28.07,19534.0,69588.0,82.18,Boa,0,0,1
2024-04-06,4,97,Irajá,XIV,XIV — Irajá,-22.8317,-43.3283,23.25,50.0,9.96,41.4,94.06,24.1,0.37,,31.442857142857143,,,53.43651162790698,,0.0,-2.08,0.05,2227.52,739.65,65.82,77.04,53.03,67.38,32.52,94.01,28.07,19534.0,69588.0,82.18,Boa,0,0,1
2024-04-07,4,98,Irajá,XIV,XIV — Irajá,-22.8317,-43.3283,26.3,50.0,10.54,37.98,97.7,21.68,0.31,,31.490952380952383,,,53.06232558139535,,0.0,5.09,0.05,2252.29,749.9,65.82,77.04,53.03,67.38,32.52,94.01,28.07,19534.0,69588.0,82.18,Boa,0,0,1
2024-04-08,4,99,Irajá,XIV,XIV — Irajá,-22.8317,-43.3283,33.42,70.0,12.75,49.72,138.75,35.29,0.37,,31.53904761904762,,,52.68813953488372,,0.0,8.08,0.05,2282.15,761.54,65.82,77.04,53.03,67.38,32.52,94.01,28.07,19534.0,69588.0,82.18,Boa,0,0,1
2024-04-09,4,100,Irajá,XIV,XIV — Irajá,-22.8317,-43.3283,42.46,70.0,17.46,41.34,110.04,37.99,0.45,,31.587142857142858,,,52.31395348837209,,0.0,6.66,0.05,2320.09,776.65,65.82,77.04,53.03,67.38,32.52,94.01,28.07,19534.0,69588.0,82.18,Boa,0,0,1
2024-04-10,4,101,Irajá,XIV,XIV — Irajá,-22.8317,-43.3283,46.75,81.0,19.54,40.55,149.1,42.84,0.53,,31.635238095238094,,,51.93976744186047,,0.0,-1.11,0.05,2364.7,795.15,65.82,77.04,53.03,67.38,32.52,94.01,28.07,19534.0,69588.0,82.18,Boa,0,0,1
2024-04-11,4,102,Irajá,XIV,XIV — Irajá,-22.8317,-43.3283,40.25,71.0,18.5,44.6,117.01,33.01,0.42,,31.683333333333334,,,51.565581395348836,,0.0,-12.68,0.05,2408.2,814.17,65.82,77.04,53.03,67.38,32.52,94.01,28.07,19534.0,69588.0,82.18,Boa,0,0,1
2024-04-12,4,103,Irajá,XIV,XIV — Irajá,-22.8317,-43.3283,21.39,58.0,6.71,28.01,75.25,24.61,0.34,,31.731428571428573,,,51.191395348837204,,0.0,-13.08,0.05,2439.02,826.78,65.82,77.04,53.03,67.38,32.52,94.01,28.07,19534.0,69588.0,82.18,Boa,0,0,1
2024-04-13,4,104,Irajá,XIV,XIV — Irajá,-22.8317,-43.3283,14.08,30.0,3.17,33.87,85.32,16.65,0.23,,31.77952380952381,,,50.81720930232558,,0.0,-3.86,0.05,2456.75,831.72,65.82,77.04,53.03,67.38,32.52,94.01,28.07,19534.0,69588.0,82.18,Boa,0,0,1
2024-04-14,4,105,Irajá,XIV,XIV — Irajá,-22.8317,-43.3283,13.67,26.0,3.21,35.69,71.44,14.63,0.24,,31.82761904761905,,,50.443023255813955,,0.0,4.85,0.05,2470.63,834.91,65.82,77.04,53.03,67.38,32.52,94.01,28.07,19534.0,69588.0,82.18,Boa,0,0,1
2024-04-15,4,106,Irajá,XIV,XIV — Irajá,-22.8317,-43.3283,23.79,47.0,5.96,40.48,126.14,20.74,0.25,,31.875714285714288,,,50.06883720930233,,0.0,4.5,0.05,2489.36,839.49,65.82,77.04,53.03,67.38,32.52,94.01,28.07,19534.0,69588.0,82.18,Boa,0,0,1
2024-04-16,4,107,Irajá,XIV,XIV — Irajá,-22.8317,-43.3283,22.67,53.0,7.04,35.71,90.23,18.98,0.23,,31.923809523809524,,,49.6946511627907,,0.0,7.4,0.05,2512.59,845.99,65.82,77.04,53.03,67.38,32.52,94.01,28.07,19534.0,69588.0,82.18,Boa,0,0,1
2024-04-17,4,108,Irajá,XIV,XIV — Irajá,-22.8317,-43.3283,38.58,79.0,13.83,39.11,129.8,41.83,0.49,,31.971904761904764,,,49.32046511627907,,0.0,1.35,0.05,2543.21,856.42,65.82,77.04,53.03,67.38,32.52,94.01,28.07,19534.0,69588.0,82.18,Boa,0,0,1
2024-04-18,4,109,Irajá,XIV,XIV — Irajá,-22.8317,-43.3283,25.38,68.0,7.62,33.22,71.28,24.51,0.28,,32.02,,,48.94627906976744,,2.5,-7.9,0.05,2575.19,867.15,65.82,77.04,53.03,67.38,32.52,94.01,28.07,19534.0,69588.0,82.18,Boa,0,0,1
2024-04-19,4,110,Irajá,XIV,XIV — Irajá,-22.8317,-43.3283,22.79,37.0,5.62,27.72,62.58,28.87,0.28,,32.06809523809524,,,48.57209302325582,,0.0,2.08,0.05,2599.28,873.77,65.82,77.04,53.03,67.38,32.52,94.01,28.07,19534.0,69588.0,82.18,Boa,0,0,1
2024-04-20,4,111,Irajá,XIV,XIV — Irajá,-22.8317,-43.3283,29.54,78.0,10.88,39.94,115.86,27.5,0.31,,32.116190476190475,,,48.197906976744186,,0.0,-1.38,0.05,2625.44,882.02,65.82,77.04,53.03,67.38,32.52,94.01,28.07,19534.0,69588.0,82.18,Boa,0,0,1
2024-04-21,4,112,Irajá,XIV,XIV — Irajá,-22.8317,-43.3283,20.04,39.0,9.0,46.03,125.3,23.4,0.28,,32.16428571428572,,,47.823720930232554,,0.0,2.61,0.05,2650.23,891.96,65.82,77.04,53.03,67.38,32.52,94.01,28.07,19534.0,69588.0,82.18,Boa,0,0,1
2024-04-22,4,113,Irajá,XIV,XIV — Irajá,-22.8317,-43.3283,34.75,68.0,14.46,51.5,157.04,35.91,0.36,,32.212380952380954,,,47.44953488372093,,0.0,13.44,0.05,2677.63,903.69,65.82,77.04,53.03,67.38,32.52,94.01,28.07,19534.0,69588.0,82.18,Boa,0,0,1
2024-04-23,4,114,Irajá,XIV,XIV — Irajá,-22.8317,-43.3283,46.92,78.0,24.92,58.31,158.7,40.03,0.52,,32.26047619047619,,,47.075348837209305,,0.0,12.92,0.05,2718.46,923.38,65.82,77.04,53.03,67.38,32.52,94.01,28.07,19534.0,69588.0,82.18,Boa,0,0,1
2024-04-24,4,115,Irajá,XIV,XIV — Irajá,-22.8317,-43.3283,60.58,134.0,28.75,54.07,146.57,40.94,0.52,,32.308571428571426,,,46.70116279069768,,0.0,-7.34,0.05,2772.21,950.22,65.82,77.04,53.03,67.38,32.52,94.01,28.07,19534.0,69588.0,82.18,Boa,0,1,1
2024-04-25,4,116,Irajá,XIV,XIV — Irajá,-22.8317,-43.3283,32.25,59.0,12.58,56.98,91.39,25.36,0.32,,32.35666666666667,,,46.32697674418605,,0.0,-12.62,0.05,2818.63,970.88,65.82,77.04,53.03,67.38,32.52,94.01,28.07,19534.0,69588.0,82.18,Boa,0,0,1
2024-04-26,4,117,Irajá,XIV,XIV — Irajá,-22.8317,-43.3283,35.33,67.0,9.38,32.61,65.36,20.41,0.21,,32.404761904761905,,,45.952790697674416,,0.0,-0.77,0.05,2852.42,981.86,65.82,77.04,53.03,67.38,32.52,94.01,28.07,19534.0,69588.0,82.18,Boa,0,0,1
2024-04-27,4,118,Irajá,XIV,XIV — Irajá,-22.8317,-43.3283,30.71,55.0,12.54,42.79,147.34,27.29,0.33,,32.45285714285714,,,45.57860465116279,,0.0,1.11,0.05,2885.44,992.82,65.82,77.04,53.03,67.38,32.52,94.01,28.07,19534.0,69588.0,82.18,Boa,0,0,1
2024-04-28,4,119,Irajá,XIV,XIV — Irajá,-22.8317,-43.3283,37.54,55.0,19.29,43.96,115.14,37.9,0.6,,32.500952380952384,,,45.20441860465117,,0.0,7.36,0.05,2919.56,1008.74,65.82,77.04,53.03,67.38,32.52,94.01,28.07,19534.0,69588.0,82.18,Boa,0,0,1
2024-04-29,4,120,Irajá,XIV,XIV — Irajá,-22.8317,-43.3283,45.42,79.0,19.08,77.13,179.27,32.8,0.4,,32.54904761904762,,,44.830232558139535,,0.0,5.0,0.05,2961.04,1027.92,65.82,77.04,53.03,67.38,32.52,94.01,28.07,19534.0,69588.0,82.18,Boa,0,0,1
2024-04-30,4,121,Irajá,XIV,XIV — Irajá,-22.8317,-43.3283,47.54,66.0,20.5,46.73,118.78,39.55,0.45,,32.597142857142856,,,44.4560465116279,,0.0,0.6,0.05,3007.52,1047.71,65.82,77.04,53.03,67.38,32.52,94.01,28.07,19534.0,69588.0,82.18,Boa,0,0,1
2024-05-01,5,122,Irajá,XIV,XIV — Irajá,-22.8317,-43.3283,46.62,82.0,22.08,55.8,148.77,31.82,0.44,,32.6452380952381,,,44.08186046511628,,0.0,-1.14,0.05,3054.6,1069.0,65.82,77.04,53.03,67.38,32.52,94.01,28.07,19534.0,69588.0,60.89,Regular,0,0,1
2024-05-02,5,123,Irajá,XIV,XIV — Irajá,-22.8317,-43.3283,45.25,85.0,18.79,35.55,93.77,41.9,0.49,,32.693333333333335,,,43.707674418604654,,0.0,-3.2,0.05,3100.54,1089.44,65.82,77.04,53.03,67.38,32.52,94.01,28.07,19534.0,69588.0,60.89,Regular,0,0,1
2024-05-03,5,124,Irajá,XIV,XIV — Irajá,-22.8317,-43.3283,40.21,83.0,18.17,35.05,103.14,37.18,0.45,,32.74142857142857,,,43.33348837209303,,0.0,2.09,0.05,3143.27,1107.92,65.82,77.04,53.03,67.38,32.52,94.01,28.07,19534.0,69588.0,60.89,Regular,0,0,1
2024-05-04,5,125,Irajá,XIV,XIV — Irajá,-22.8317,-43.3283,49.42,82.0,22.12,44.75,130.18,39.41,0.54,,32.789523809523814,,,42.9593023255814,,0.0,-0.98,0.05,3188.08,1128.06,65.82,77.04,53.03,67.38,32.52,94.01,28.07,19534.0,69588.0,60.89,Regular,0,0,1
2024-05-05,5,126,Irajá,XIV,XIV — Irajá,-22.8317,-43.3283,38.26,64.0,19.22,59.88,199.56,27.17,0.39,,32.83761904761905,,,42.585116279069766,,0.0,-9.59,0.05,3231.92,1148.73,65.82,77.04,53.03,67.38,32.52,94.01,28.07,19534.0,69588.0,60.89,Regular,0,0,1
2024-05-06,5,127,Irajá,XIV,XIV — Irajá,-22.8317,-43.3283,30.25,55.0,11.29,29.64,89.78,30.12,0.34,,32.885714285714286,,,42.21093023255814,,0.0,3.17,0.05,3266.18,1163.99,65.82,77.04,53.03,67.38,32.52,94.01,28.07,19534.0,69588.0,60.89,Regular,0,0,1
2024-05-07,5,128,Irajá,XIV,XIV — Irajá,-22.8317,-43.3283,44.59,97.0,19.0,11.65,45.08,36.77,0.42,,32.93380952380952,,,41.836744186046516,,0.0,5.54,0.05,3303.6,1179.13,65.82,77.04,53.03,67.38,32.52,94.01,28.07,19534.0,69588.0,60.89,Regular,0,1,1
2024-05-08,5,129,Irajá,XIV,XIV — Irajá,-22.8317,-43.3283,41.33,64.0,14.96,23.04,67.3,39.02,,,32.981904761904765,,,41.462558139534885,,0.0,3.39,0.05,3346.56,1196.11,65.82,77.04,53.03,67.38,32.52,94.01,28.07,19534.0,69588.0,60.89,Regular,0,0,1
2024-05-09,5,130,Irajá,XIV,XIV — Irajá,-22.8317,-43.3283,51.38,86.0,22.58,44.28,89.74,42.88,,,33.03,36.42,27.08,41.08837209302325,49.2,0.0,7.22,-0.81,3392.91,1214.88,65.82,77.04,53.03,67.38,32.52,94.01,28.07,19534.0,69588.0,60.89,Regular,0,1,1
2024-05-10,5,131,Irajá,XIV,XIV — Irajá,-22.8317,-43.3283,55.775000000000006,,,43.97,,,,,31.37,,,40.71418604651163,,3881.1,4.39,-1.66,3446.49,1226.17,65.82,77.04,53.03,67.38,32.52,94.01,28.07,19534.0,69588.0,60.89,Regular,1,0,1
2024-05-11,5,132,Irajá,XIV,XIV — Irajá,-22.8317,-43.3283,60.17,111.0,23.29,43.66,119.06,46.42,,,29.71,36.42,24.2,40.34,6.53,0.0,2.95,-0.29,3504.46,1237.82,65.82,77.04,53.03,67.38,32.52,94.01,28.07,19534.0,69588.0,60.89,Regular,0,1,0
2024-05-12,5,133,Irajá,XIV,XIV — Irajá,-22.8317,-43.3283,61.67,132.0,33.29,53.34,120.64,41.25,,,30.8,37.17,26.12,29.65,4.08,0.0,6.96,0.45,3565.38,1266.11,65.82,77.04,53.03,67.38,32.52,94.01,28.07,19534.0,69588.0,60.89,Regular,0,1,0
2024-05-13,5,134,Irajá,XIV,XIV — Irajá,-22.8317,-43.3283,74.09,178.0,38.0,35.65,108.52,55.58,,,30.60891304347826,,,30.741304347826084,,0.0,-12.92,-0.19,3633.26,1301.75,65.82,77.04,53.03,67.38,32.52,94.01,28.07,19534.0,69588.0,60.89,Regular,0,1,1
2024-05-14,5,135,Irajá,XIV,XIV — Irajá,-22.8317,-43.3283,35.83,96.0,11.21,47.68,99.28,25.55,0.38,,30.417826086956524,,,31.832608695652173,,0.0,-33.3,-0.19,3688.22,1326.36,65.82,77.04,53.03,67.38,32.52,94.01,28.07,19534.0,69588.0,60.89,Regular,0,1,1
2024-05-15,5,136,Irajá,XIV,XIV — Irajá,-22.8317,-43.3283,7.48,24.0,1.62,27.74,47.19,25.87,0.34,,30.226739130434783,,,32.92391304347826,,0.8,-7.7,-0.19,3709.88,1332.77,65.82,77.04,53.03,67.38,32.52,94.01,28.07,19534.0,69588.0,60.89,Regular,0,0,1
2024-05-16,5,137,Irajá,XIV,XIV — Irajá,-22.8317,-43.3283,20.42,48.0,6.04,26.86,71.08,31.22,0.37,,30.035652173913043,,,34.01521739130435,,0.6,22.26,-0.19,3723.83,1336.6,65.82,77.04,53.03,67.38,32.52,94.01,28.07,19534.0,69588.0,60.89,Regular,0,0,1
2024-05-17,5,138,Irajá,XIV,XIV — Irajá,-22.8317,-43.3283,52.0,110.0,19.71,32.16,114.02,54.9,0.8,,29.844565217391306,,,35.106521739130436,,0.0,19.48,-0.19,3760.04,1349.48,65.82,77.04,53.03,67.38,32.52,94.01,28.07,19534.0,69588.0,60.89,Regular,0,1,1
2024-05-18,5,139,Irajá,XIV,XIV — Irajá,-22.8317,-43.3283,59.38,103.0,26.12,51.64,108.58,38.15,0.84,,29.653478260869566,,,36.19782608695652,,0.0,-7.06,-0.19,3815.73,1372.39,65.82,77.04,53.03,67.38,32.52,94.01,28.07,19534.0,69588.0,60.89,Regular,0,1,1
2024-05-19,5,140,Irajá,XIV,XIV — Irajá,-22.8317,-43.3283,37.88,54.0,13.88,64.48,105.39,23.17,0.38,,29.462391304347825,,,37.28913043478261,,0.0,-10.23,-0.19,3864.36,1392.39,65.82,77.04,53.03,67.38,32.52,94.01,28.07,19534.0,69588.0,60.89,Regular,0,0,1
2024-05-20,5,141,Irajá,XIV,XIV — Irajá,-22.8317,-43.3283,38.92,80.0,15.25,54.45,132.25,26.64,0.39,,29.27130434782609,,,38.380434782608695,,0.0,-6.23,-0.19,3902.76,1406.96,65.82,77.04,53.03,67.38,32.52,94.01,28.07,19534.0,69588.0,60.89,Regular,0,0,1
2024-05-21,5,142,Irajá,XIV,XIV — Irajá,-22.8317,-43.3283,25.43,50.0,5.71,22.2,47.13,28.4,0.36,,29.08021739130435,,,39.471739130434784,,0.0,-5.21,-0.19,3934.93,1417.44,65.82,77.04,53.03,67.38,32.52,94.01,28.07,19534.0,69588.0,60.89,Regular,0,0,1
2024-05-22,5,143,Irajá,XIV,XIV — Irajá,-22.8317,-43.3283,28.5,64.0,7.21,33.67,88.1,31.42,0.34,,28.889130434782608,,,40.563043478260866,,0.0,5.37,-0.19,3961.9,1423.9,65.82,77.04,53.03,67.38,32.52,94.01,28.07,19534.0,69588.0,60.89,Regular,0,0,1
2024-05-23,5,144,Irajá,XIV,XIV — Irajá,-22.8317,-43.3283,36.17,73.0,13.46,31.07,90.2,43.29,0.5,,28.69804347826087,,,41.654347826086955,,0.0,12.23,-0.19,3994.23,1434.23,65.82,77.04,53.03,67.38,32.52,94.01,28.07,19534.0,69588.0,60.89,Regular,0,0,1
2024-05-24,5,145,Irajá,XIV,XIV — Irajá,-22.8317,-43.3283,52.96,93.0,21.5,38.99,86.35,39.14,0.59,,28.50695652173913,,,42.745652173913044,,0.0,-3.8,-0.19,4038.8,1451.71,65.82,77.04,53.03,67.38,32.52,94.01,28.07,19534.0,69588.0,60.89,Regular,0,1,1
2024-05-25,5,146,Irajá,XIV,XIV — Irajá,-22.8317,-43.3283,28.58,61.0,10.12,29.19,49.77,27.57,0.41,,28.315869565217394,,,43.836956521739125,,0.4,-21.98,-0.19,4079.57,1467.52,65.82,77.04,53.03,67.38,32.52,94.01,28.07,19534.0,69588.0,60.89,Regular,0,0,1
2024-05-26,5,147,Irajá,XIV,XIV — Irajá,-22.8317,-43.3283,9.0,29.0,3.79,24.9,37.97,25.89,0.41,,28.124782608695654,,,44.928260869565214,,19.8,-2.83,-0.19,4098.36,1474.48,65.82,77.04,53.03,67.38,32.52,94.01,28.07,19534.0,69588.0,60.89,Regular,0,0,1
2024-05-27,5,148,Irajá,XIV,XIV — Irajá,-22.8317,-43.3283,22.915,,,28.79,,,,,27.933695652173913,,,46.0195652173913,,3722.7,13.92,-0.19,4114.31,1476.37,65.82,77.04,53.03,67.38,32.52,94.01,28.07,19534.0,69588.0,60.89,Regular,1,0,1
2024-05-28,5,149,Irajá,XIV,XIV — Irajá,-22.8317,-43.3283,36.83,59.0,14.21,32.68,69.74,32.66,0.49,,27.742608695652176,,,47.110869565217385,,0.0,-2.85,-0.19,4144.19,1483.48,65.82,77.04,53.03,67.38,32.52,94.01,28.07,19534.0,69588.0,60.89,Regular,0,0,1
2024-05-29,5,150,Irajá,XIV,XIV — Irajá,-22.8317,-43.3283,17.21,28.0,3.58,32.93,46.71,21.9,0.29,,27.551521739130436,,,48.202173913043474,,0.4,-8.02,-0.19,4171.21,1492.37,65.82,77.04,53.03,67.38,32.52,94.01,28.07,19534.0,69588.0,60.89,Regular,0,0,1
2024-05-30,5,151,Irajá,XIV,XIV — Irajá,-22.8317,-43.3283,20.78,49.0,6.54,33.74,64.22,23.77,0.35,,27.360434782608696,,,49.29347826086956,,0.0,4.29,-0.19,4190.2,1497.43,65.82,77.04,53.03,67.38,32.52,94.01,28.07,19534.0,69588.0,60.89,Regular,0,0,1
2024-05-31,5,152,Irajá,XIV,XIV — Irajá,-22.8317,-43.3283,25.79,57.0,10.25,19.28,42.66,30.87,0.41,,27.16934782608696,,,50.384782608695645,,0.0,7.2,-0.19,4213.49,1505.82,65.82,77.04,53.03,67.38,32.52,94.01,28.07,19534.0,69588.0,60.89,Regular,0,0,1
2024-06-01,6,153,Irajá,XIV,XIV — Irajá,-22.8317,-43.3283,35.18,,,25.64,,,,,26.97826086956522,,,51.47608695652174,,0.0,9.39,-0.19,4243.97,1510.95,65.82,77.04,53.03,67.38,32.52,94.01,28.07,19534.0,69588.0,72.57,Boa,1,0,1
2024-06-02,6,154,Irajá,XIV,XIV — Irajá,-22.8317,-43.3283,44.57,,,32.0,,,,,26.787173913043482,,,52.56739130434782,,0.0,9.39,-0.19,4283.85,1510.95,65.82,77.04,53.03,67.38,32.52,94.01,28.07,19534.0,69588.0,72.57,Boa,1,0,1
2024-06-03,6,155,Irajá,XIV,XIV — Irajá,-22.8317,-43.3283,53.96,124.0,21.46,38.36,243.84,49.13,0.69,,26.59608695652174,,,53.65869565217391,,0.0,-2.2,-0.19,4333.11,1521.68,65.82,77.04,53.03,67.38,32.52,94.01,28.07,19534.0,69588.0,72.57,Boa,0,1,1
2024-06-04,6,156,Irajá,XIV,XIV — Irajá,-22.8317,-43.3283,40.17,118.0,16.5,35.15,60.78,31.55,0.5,,26.405,,,54.75,,26.8,-19.75,-0.19,4380.18,1540.66,65.82,77.04,53.03,67.38,32.52,94.01,28.07,19534.0,69588.0,72.57,Boa,0,1,1
2024-06-05,6,157,Irajá,XIV,XIV — Irajá,-22.8317,-43.3283,14.46,27.0,6.38,25.96,59.82,32.03,0.39,,26.213913043478264,,,55.84130434782608,,3.8,-3.42,-0.19,4407.49,1552.1,65.82,77.04,53.03,67.38,32.52,94.01,28.07,19534.0,69588.0,72.57,Boa,0,0,1
2024-06-06,6,158,Irajá,XIV,XIV — Irajá,-22.8317,-43.3283,33.33,80.0,12.32,20.57,100.75,43.91,0.58,,26.022826086956524,,,56.93260869565217,,0.0,23.75,-0.19,4431.39,1561.45,65.82,77.04,53.03,67.38,32.52,94.01,28.07,19534.0,69588.0,72.57,Boa,0,0,1
2024-06-07,6,159,Irajá,XIV,XIV — Irajá,-22.8317,-43.3283,61.96,93.0,24.5,33.47,107.41,49.61,0.8,,25.831739130434784,,,58.02391304347826,,0.0,18.4,-0.19,4479.03,1579.86,65.82,77.04,53.03,67.38,32.52,94.01,28.07,19534.0,69588.0,72.57,Boa,0,1,1
2024-06-08,6,160,Irajá,XIV,XIV — Irajá,-22.8317,-43.3283,70.12,124.0,34.67,56.26,110.62,44.77,0.73,,25.640652173913047,,,59.11521739130434,,0.0,-6.07,-0.19,4545.07,1609.45,65.82,77.04,53.03,67.38,32.52,94.01,28.07,19534.0,69588.0,72.57,Boa,0,1,1
2024-06-09,6,161,Irajá,XIV,XIV — Irajá,-22.8317,-43.3283,49.83,99.0,27.33,28.53,83.93,38.06,0.67,,25.449565217391307,,,60.20652173913043,,0.0,-4.65,-0.19,4605.05,1640.45,65.82,77.04,53.03,67.38,32.52,94.01,28.07,19534.0,69588.0,72.57,Boa,0,1,1
2024-06-10,6,162,Irajá,XIV,XIV — Irajá,-22.8317,-43.3283,60.83,129.0,25.21,30.19,104.32,53.01,0.98,,25.258478260869566,,,61.29782608695652,,0.0,9.23,-0.19,4660.38,1666.72,65.82,77.04,53.03,67.38,32.52,94.01,28.07,19534.0,69588.0,72.57,Boa,0,1,1
2024-06-11,6,163,Irajá,XIV,XIV — Irajá,-22.8317,-43.3283,68.29,101.0,30.58,36.72,111.67,58.83,0.74,,25.06739130434783,,,62.38913043478261,,0.0,11.25,-0.19,4724.94,1694.61,65.82,77.04,53.03,67.38,32.52,94.01,28.07,19534.0,69588.0,72.57,Boa,0,1,1
2024-06-12,6,164,Irajá,XIV,XIV — Irajá,-22.8317,-43.3283,83.33,167.0,38.21,41.74,139.78,53.79,0.75,,24.87630434782609,,,63.48043478260869,,0.0,4.25,-0.19,4800.75,1729.0,65.82,77.04,53.03,67.38,32.52,94.01,28.07,19534.0,69588.0,72.57,Boa,0,1,1
2024-06-13,6,165,Irajá,XIV,XIV — Irajá,-22.8317,-43.3283,76.79,126.0,37.25,36.9,147.37,55.94,0.68,,24.68521739130435,,,64.57173913043478,,0.0,-13.75,-0.19,4880.81,1766.74,65.82,77.04,53.03,67.38,32.52,94.01,28.07,19534.0,69588.0,72.57,Boa,0,1,1
2024-06-14,6,166,Irajá,XIV,XIV — Irajá,-22.8317,-43.3283,55.83,109.0,21.62,39.05375,54.56,46.51,0.73,,24.494130434782612,,,65.66304347826087,,0.0,-3.42,-0.19,4947.12,1796.17,65.82,77.04,53.03,67.38,32.52,94.01,28.07,19534.0,69588.0,72.57,Boa,0,1,1
2024-06-15,6,167,Irajá,XIV,XIV — Irajá,-22.8317,-43.3283,69.96,111.0,30.04,41.207499999999996,3.02,47.22,0.96,,24.30304347826087,,,66.75434782608696,,0.0,0.12,-0.19,5010.01,1822.0,65.82,77.04,53.03,67.38,32.52,94.01,28.07,19534.0,69588.0,72.57,Boa,0,1,1
2024-06-16,6,168,Irajá,XIV,XIV — Irajá,-22.8317,-43.3283,56.08,127.0,29.25,43.36125,,40.06,0.91,,24.11195652173913,,,67.84565217391304,,0.0,-7.64,-0.19,5073.03,1851.64,65.82,77.04,53.03,67.38,32.52,94.01,28.07,19534.0,69588.0,72.57,Boa,0,1,1
2024-06-17,6,169,Irajá,XIV,XIV — Irajá,-22.8317,-43.3283,54.67,105.0,23.88,45.515,79.36,45.91,0.8,,23.920869565217394,,,68.93695652173912,,0.0,2.69,-0.19,5128.41,1878.21,65.82,77.04,53.03,67.38,32.52,94.01,28.07,19534.0,69588.0,72.57,Boa,0,1,1
2024-06-18,6,170,Irajá,XIV,XIV — Irajá,-22.8317,-43.3283,61.46,118.0,25.08,47.66875,,47.85,0.76,,23.729782608695654,,,70.02826086956522,,0.0,6.94,-0.19,5186.47,1902.69,65.82,77.04,53.03,67.38,32.52,94.01,28.07,19534.0,69588.0,72.57,Boa,0,1,1
2024-06-19,6,171,Irajá,XIV,XIV — Irajá,-22.8317,-43.3283,68.54,117.0,30.62,49.822500000000005,,53.3,0.52,,23.538695652173914,,,71.1195652173913,,0.0,11.67,-0.19,5251.47,1930.54,65.82,77.04,53.03,67.38,32.52,94.01,28.07,19534.0,69588.0,72.57,Boa,0,1,1
2024-06-20,6,172,Irajá,XIV,XIV — Irajá,-22.8317,-43.3283,84.79,154.0,42.17,51.97625,,69.02,0.72,,23.347608695652177,,,72.2108695652174,,0.0,7.73,-0.19,5328.14,1966.94,65.82,77.04,53.03,67.38,32.52,94.01,28.07,19534.0,69588.0,72.57,Boa,0,1,1
2024-06-21,6,173,Irajá,XIV,XIV — Irajá,-22.8317,-43.3283,84.0,144.0,39.96,54.13,107.68,54.32,0.64,,23.156521739130437,,,73.30217391304348,,0.0,-15.73,-0.19,5412.53,2008.0,65.82,77.04,53.03,67.38,32.52,94.01,28.07,19534.0,69588.0,72.57,Boa,0,1,1
2024-06-22,6,174,Irajá,XIV,XIV — Irajá,-22.8317,-43.3283,53.33,114.0,25.67,33.77,76.24,38.93,0.36,,22.965434782608696,,,74.39347826086956,,0.0,-23.16,-0.19,5481.2,2040.82,65.82,77.04,53.03,67.38,32.52,94.01,28.07,19534.0,69588.0,72.57,Boa,0,1,1
2024-06-23,6,175,Irajá,XIV,XIV — Irajá,-22.8317,-43.3283,37.67,68.0,14.83,28.19,72.95,34.28,0.5,,22.77434782608696,,,75.48478260869564,,0.0,2.88,-0.19,5526.7,2061.06,65.82,77.04,53.03,67.38,32.52,94.01,28.07,19534.0,69588.0,72.57,Boa,0,0,1
2024-06-24,6,176,Irajá,XIV,XIV — Irajá,-22.8317,-43.3283,59.08,103.0,24.38,27.41,76.34,41.82,0.96,,22.58326086956522,,,76.57608695652173,,0.0,-0.96,-0.19,5575.07,2080.67,65.82,77.04,53.03,67.38,32.52,94.01,28.07,19534.0,69588.0,72.57,Boa,0,1,1
2024-06-25,6,177,Irajá,XIV,XIV — Irajá,-22.8317,-43.3283,35.74,72.0,8.83,59.41,92.51,28.63,0.3,,22.39217391304348,,,77.66739130434783,,0.2,-7.91,-0.19,5622.48,2097.28,65.82,77.04,53.03,67.38,32.52,94.01,28.07,19534.0,69588.0,72.57,Boa,0,0,1
2024-06-26,6,178,Irajá,XIV,XIV — Irajá,-22.8317,-43.3283,43.25,117.0,15.68,44.7,160.69,45.31,0.71,,22.201086956521742,31.3,22.98,78.75869565217391,,0.0,3.32,-0.19,5661.98,2109.53,65.82,77.04,53.03,67.38,32.52,94.01,28.07,19534.0,69588.0,72.57,Boa,0,1,1
2024-06-27,6,179,Irajá,XIV,XIV — Irajá,-22.8317,-43.3283,42.38,101.0,16.63,38.21,54.09,31.64,0.49,,22.01,23.53,20.52,79.85,70.48,0.0,1.94,1.35,5704.79,2125.69,65.82,77.04,53.03,67.38,32.52,94.01,28.07,19534.0,69588.0,72.57,Boa,0,1,0
2024-06-28,6,180,Irajá,XIV,XIV — Irajá,-22.8317,-43.3283,47.13,88.0,17.1,47.29,99.23,41.12,0.47,,24.91,33.5,18.63,74.74,49.87,0.0,9.77,0.21,5749.55,2142.55,65.82,77.04,53.03,67.38,32.52,94.01,28.07,19534.0,69588.0,72.57,Boa,0,1,0
2024-06-29,6,181,Irajá,XIV,XIV — Irajá,-22.8317,-43.3283,61.92,129.0,27.79,41.7,86.14,31.34,0.64,,22.44,28.45,17.42,77.35,57.87,0.0,-18.69,-5.5,5804.07,2165.0,65.82,77.04,53.03,67.38,32.52,94.01,28.07,19534.0,69588.0,72.57,Boa,0,1,0
2024-06-30,6,182,Irajá,XIV,XIV — Irajá,-22.8317,-43.3283,9.75,23.0,3.43,45.03,61.84,19.13,0.28,,13.91,17.03,11.53,94.75,89.85,4.2,-20.48,-4.71,5839.91,2180.61,65.82,77.04,53.03,67.38,32.52,94.01,28.07,19534.0,69588.0,72.57,Boa,0,0,0
2024-07-01,7,183,Irajá,XIV,XIV — Irajá,-22.8317,-43.3283,20.96,36.0,8.92,21.74,42.13,34.55,0.52,,13.03,16.58,11.42,95.37,79.88,12.2,11.43,1.69,5855.26,2186.78,65.82,77.04,53.03,67.38,32.52,94.01,28.07,19534.0,69588.0,79.3,Boa,0,0,0
2024-07-02,7,184,Irajá,XIV,XIV — Irajá,-22.8317,-43.3283,32.62,65.0,12.55,30.58,82.44,33.36,0.65,,17.29,24.88,10.92,86.73,62.3,0.0,19.25,4.32,5882.05,2197.52,65.82,77.04,53.03,67.38,32.52,94.01,28.07,19534.0,69588.0,79.3,Boa,0,0,0
2024-07-03,7,185,Irajá,XIV,XIV — Irajá,-22.8317,-43.3283,59.46,97.0,27.08,32.82,90.27,43.44,0.87,,21.68,31.92,12.92,76.92,48.32,0.0,11.82,3.8,5928.09,2217.33,65.82,77.04,53.03,67.38,32.52,94.01,28.07,19534.0,69588.0,79.3,Boa,0,1,0
2024-07-04,7,186,Irajá,XIV,XIV — Irajá,-22.8317,-43.3283,56.25,89.0,24.58,30.08,157.18,54.05,0.72,,24.88,34.1,18.63,67.99,43.45,0.0,6.53,0.8,5985.95,2243.16,65.82,77.04,53.03,67.38,32.52,94.01,28.07,19534.0,69588.0,79.3,Boa,0,1,0
2024-07-05,7,187,Irajá,XIV,XIV — Irajá,-22.8317,-43.3283,72.52,97.0,37.0,28.56,191.88,,0.95,,23.27,32.65,18.15,73.14,43.28,0.0,-5.5,-2.77,6050.33,2273.95,65.82,77.04,53.03,67.38,32.52,94.01,28.07,19534.0,69588.0,79.3,Boa,0,1,0
2024-07-06,7,188,Irajá,XIV,XIV — Irajá,-22.8317,-43.3283,45.25,138.0,22.79,42.32,70.16,,0.48,,19.34,22.02,16.65,80.09,69.5,0.0,-10.55,-1.41,6109.22,2303.85,65.82,77.04,53.03,67.38,32.52,94.01,28.07,19534.0,69588.0,79.3,Boa,0,1,0
2024-07-07,7,189,Irajá,XIV,XIV — Irajá,-22.8317,-43.3283,51.42,75.0,26.92,51.46,128.56,,0.53,,20.45,29.18,15.53,78.71,55.92,0.0,-11.16,-0.72,6157.55,2328.7,65.82,77.04,53.03,67.38,32.52,94.01,28.07,19534.0,69588.0,79.3,Boa,0,0,0
2024-07-08,7,190,Irajá,XIV,XIV — Irajá,-22.8317,-43.3283,22.92,48.0,6.46,38.09,62.27,,0.34,,17.89,19.55,16.13,85.44,76.95,0.6,-16.69,-1.89,6194.72,2345.39,65.82,77.04,53.03,67.38,32.52,94.01,28.07,19534.0,69588.0,79.3,Boa,0,0,0
2024-07-09,7,191,Irajá,XIV,XIV — Irajá,-22.8317,-43.3283,18.04,32.0,4.62,25.21,44.51,,0.35,,16.66,19.67,14.85,91.71,80.8,0.6,5.25,0.64,6215.2,2350.93,65.82,77.04,53.03,67.38,32.52,94.01,28.07,19534.0,69588.0,79.3,Boa,0,0,0
2024-07-10,7,192,Irajá,XIV,XIV — Irajá,-22.8317,-43.3283,33.42,70.0,15.58,36.05,167.4,,0.47,,19.18,26.7,15.05,88.99,68.25,16.0,9.19,0.78,6240.93,2361.03,65.82,77.04,53.03,67.38,32.52,94.01,28.07,19534.0,69588.0,79.3,Boa,0,0,0
2024-07-11,7,193,Irajá,XIV,XIV — Irajá,-22.8317,-43.3283,36.42,53.0,14.0,18.06,41.44,,0.47,,18.21,21.02,15.78,93.72,85.77,0.0,-2.07,-0.4,6275.85,2375.82,65.82,77.04,53.03,67.38,32.52,94.01,28.07,19534.0,69588.0,79.3,Boa,0,0,0
2024-07-12,7,194,Irajá,XIV,XIV — Irajá,-22.8317,-43.3283,29.29,62.0,9.46,15.5,40.35,42.29,0.46,,18.37,19.92,16.93,92.64,87.33,0.0,-13.54,-1.04,6308.71,2387.55,65.82,77.04,53.03,67.38,32.52,94.01,28.07,19534.0,69588.0,79.3,Boa,0,0,0
2024-07-13,7,195,Irajá,XIV,XIV — Irajá,-22.8317,-43.3283,9.35,35.0,3.08,18.44,32.25,32.05,0.42,,16.12,17.5,15.0,98.07,90.98,6.3,-5.02,0.03,6328.03,2393.82,65.82,77.04,53.03,67.38,32.52,94.01,28.07,19534.0,69588.0,79.3,Boa,0,0,0
2024-07-14,7,196,Irajá,XIV,XIV — Irajá,-22.8317,-43.3283,19.25,45.0,10.42,47.72,123.62,23.63,0.38,,18.42,26.65,14.83,89.08,68.02,0.0,3.1,0.21,6342.33,2400.57,65.82,77.04,53.03,67.38,32.52,94.01,28.07,19534.0,69588.0,79.3,Boa,0,0,0
2024-07-15,7,197,Irajá,XIV,XIV — Irajá,-22.8317,-43.3283,15.54,26.0,3.21,28.39,47.47,27.97,0.34,,16.53,20.03,14.38,88.37,78.68,0.0,5.46,-0.47,6359.72,2407.39,65.82,77.04,53.03,67.38,32.52,94.01,28.07,19534.0,69588.0,79.3,Boa,0,0,0
2024-07-16,7,198,Irajá,XIV,XIV — Irajá,-22.8317,-43.3283,30.18,59.0,13.42,37.08,106.99,36.22,0.44,,17.49,25.53,12.23,84.47,63.47,0.0,4.34,0.65,6382.58,2415.7,65.82,77.04,53.03,67.38,32.52,94.01,28.07,19534.0,69588.0,79.3,Boa,0,0,0
2024-07-17,7,199,Irajá,XIV,XIV — Irajá,-22.8317,-43.3283,24.21,43.0,6.25,36.56,73.5,29.07,0.33,,17.84,24.27,14.8,84.74,66.25,0.0,7.91,-0.08,6409.78,2425.54,65.82,77.04,53.03,67.38,32.52,94.01,28.07,19534.0,69588.0,79.3,Boa,0,0,0
2024-07-18,7,200,Irajá,XIV,XIV — Irajá,-22.8317,-43.3283,46.0,86.0,19.04,31.52,94.56,36.41,0.47,,17.33,27.08,12.83,85.91,60.9,0.0,-0.28,-0.17,6444.88,2438.18,65.82,77.04,53.03,67.38,32.52,94.01,28.07,19534.0,69588.0,79.3,Boa,0,1,0
2024-07-19,7,201,Irajá,XIV,XIV — Irajá,-22.8317,-43.3283,23.65,38.0,6.62,34.01,69.76,31.12,0.37,,17.5,22.83,14.12,80.87,64.3,0.0,-2.44,-0.48,6479.71,2451.01,65.82,77.04,53.03,67.38,32.52,94.01,28.07,19534.0,69588.0,79.3,Boa,0,0,0
2024-07-20,7,202,Irajá,XIV,XIV — Irajá,-22.8317,-43.3283,41.12,74.0,19.75,33.92,100.2,37.94,0.56,,16.36,23.75,10.75,80.67,56.05,0.0,6.16,0.25,6512.09,2464.2,65.82,77.04,53.03,67.38,32.52,94.01,28.07,19534.0,69588.0,79.3,Boa,0,0,0
2024-07-21,7,203,Irajá,XIV,XIV — Irajá,-22.8317,-43.3283,35.96,68.0,19.83,41.87,97.27,31.53,0.45,,18.0,25.73,12.92,77.73,51.77,0.0,4.38,0.79,6550.63,2483.99,65.82,77.04,53.03,67.38,32.52,94.01,28.07,19534.0,69588.0,79.3,Boa,0,0,0
2024-07-22,7,204,Irajá,XIV,XIV — Irajá,-22.8317,-43.3283,49.88,82.0,26.88,41.55,110.05,38.22,0.58,,17.93,28.92,11.1,82.0,53.15,0.0,7.38,-0.12,6593.55,2507.34,65.82,77.04,53.03,67.38,32.52,94.01,28.07,19534.0,69588.0,79.3,Boa,0,0,0
2024-07-23,7,205,Irajá,XIV,XIV — Irajá,-22.8317,-43.3283,50.71,74.0,27.62,69.49,135.7,41.98,0.46,,17.77,25.15,14.27,76.15,57.47,0.0,1.14,0.47,6643.85,2534.59,65.82,77.04,53.03,67.38,32.52,94.01,28.07,19534.0,69588.0,79.3,Boa,0,0,0
2024-07-24,7,206,Irajá,XIV,XIV — Irajá,-22.8317,-43.3283,52.17,94.0,28.38,52.35,102.75,37.05,0.39,,18.88,28.42,13.17,75.86,46.17,0.0,5.45,1.41,6695.29,2562.59,65.82,77.04,53.03,67.38,32.52,94.01,28.07,19534.0,69588.0,79.3,Boa,0,1,0
2024-07-25,7,207,Irajá,XIV,XIV — Irajá,-22.8317,-43.3283,61.62,123.0,29.17,37.42,157.6,54.6,0.74,,20.59,30.5,12.68,73.41,47.5,0.0,9.25,1.7,6752.18,2591.37,65.82,77.04,53.03,67.38,32.52,94.01,28.07,19534.0,69588.0,79.3,Boa,0,1,0
2024-07-26,7,208,Irajá,XIV,XIV — Irajá,-22.8317,-43.3283,70.67,103.0,34.5,30.76,102.66,65.3,0.71,,22.28,33.2,13.9,68.74,38.87,0.0,11.67,0.93,6818.33,2623.2,65.82,77.04,53.03,67.38,32.52,94.01,28.07,19534.0,69588.0,79.3,Boa,0,1,0
2024-07-27,7,209,Irajá,XIV,XIV — Irajá,-22.8317,-43.3283,84.96,127.0,43.67,42.31,149.12,69.95,0.95,,22.44,31.7,14.77,65.31,44.68,0.0,6.41,1.08,6896.14,2662.29,65.82,77.04,53.03,67.38,32.52,94.01,28.07,19534.0,69588.0,79.3,Boa,0,1,0
2024-07-28,7,210,Irajá,XIV,XIV — Irajá,-22.8317,-43.3283,83.5,165.0,48.29,42.88,107.52,53.39,0.82,,24.44,37.38,15.3,66.79,35.83,0.0,-19.04,-1.7,6980.37,2708.27,65.82,77.04,53.03,67.38,32.52,94.01,28.07,19534.0,69588.0,79.3,Boa,0,1,0
2024-07-29,7,211,Irajá,XIV,XIV — Irajá,-22.8317,-43.3283,46.88,84.0,22.29,66.87,104.38,31.66,0.45,,19.05,23.63,16.6,81.59,70.88,0.0,-31.86,-4.49,7045.56,2743.56,65.82,77.04,53.03,67.38,32.52,94.01,28.07,19534.0,69588.0,79.3,Boa,0,0,0
2024-07-30,7,212,Irajá,XIV,XIV — Irajá,-22.8317,-43.3283,19.77,40.0,6.5,40.25,84.79,31.45,0.36,,15.47,18.75,12.48,91.37,77.78,12.2,-14.8,-0.68,7078.89,2757.95,65.82,77.04,53.03,67.38,32.52,94.01,28.07,19534.0,69588.0,79.3,Boa,0,0,0
2024-07-31,7,213,Irajá,XIV,XIV — Irajá,-22.8317,-43.3283,17.29,37.0,3.75,34.54,64.83,23.51,0.22,,17.7,25.43,12.77,84.35,63.52,0.0,0.18,1.92,7097.42,2763.08,65.82,77.04,53.03,67.38,32.52,94.01,28.07,19534.0,69588.0,79.3,Boa,0,0,0
2024-08-01,8,214,Irajá,XIV,XIV — Irajá,-22.8317,-43.3283,20.12,59.0,3.42,42.22,79.18,18.33,0.24,,19.3,27.57,13.3,76.8,56.73,0.0,4.27,1.05,7116.12,2766.66,65.82,77.04,53.03,67.38,32.52,94.01,28.07,19534.0,69588.0,65.8,Regular,0,0,0
2024-08-02,8,215,Irajá,XIV,XIV — Irajá,-22.8317,-43.3283,25.83,49.0,8.0,41.73,97.2,26.83,0.25,,19.81,27.97,13.18,72.37,47.77,0.0,0.48,0.86,7139.1,2772.37,65.82,77.04,53.03,67.38,32.52,94.01,28.07,19534.0,69588.0,65.8,Regular,0,0,0
2024-08-03,8,216,Irajá,XIV,XIV — Irajá,-22.8317,-43.3283,21.08,45.0,6.62,45.2,93.39,22.48,0.28,,21.02,29.62,13.65,78.39,53.6,0.0,-2.83,2.15,7162.55,2779.68,65.82,77.04,53.03,67.38,32.52,94.01,28.07,19534.0,69588.0,65.8,Regular,0,0,0
2024-08-04,8,217,Irajá,XIV,XIV — Irajá,-22.8317,-43.3283,20.17,41.0,7.59,42.75,137.13,26.19,0.39,,24.1,33.9,16.23,75.28,53.8,0.0,7.84,2.08,7183.18,2786.79,65.82,77.04,53.03,67.38,32.52,94.01,28.07,19534.0,69588.0,65.8,Regular,0,0,0
2024-08-05,8,218,Irajá,XIV,XIV — Irajá,-22.8317,-43.3283,36.75,85.0,13.92,41.31,132.34,40.31,0.49,,25.17,35.93,16.32,71.05,43.88,0.0,8.83,1.01,7211.64,2797.54,65.82,77.04,53.03,67.38,32.52,94.01,28.07,19534.0,69588.0,65.8,Regular,0,0,0
2024-08-06,8,219,Irajá,XIV,XIV — Irajá,-22.8317,-43.3283,37.83,65.0,16.5,36.3,121.73,37.75,0.47,,26.12,36.53,17.88,65.98,38.13,0.0,2.91,0.85,7248.93,2812.75,65.82,77.04,53.03,67.38,32.52,94.01,28.07,19534.0,69588.0,65.8,Regular,0,0,0
2024-08-07,8,220,Irajá,XIV,XIV — Irajá,-22.8317,-43.3283,42.58,72.0,21.1,17.44,68.17,45.96,0.49,,26.87,36.52,17.75,59.4,33.78,0.0,8.3,0.22,7289.13,2831.55,65.82,77.04,53.03,67.38,32.52,94.01,28.07,19534.0,69588.0,65.8,Regular,0,0,0
2024-08-08,8,221,Irajá,XIV,XIV — Irajá,-22.8317,-43.3283,54.43,86.0,21.58,30.44,72.61,49.05,0.51,,26.56,37.18,18.98,62.21,34.42,0.0,-0.18,-2.5,7337.64,2852.89,65.82,77.04,53.03,67.38,32.52,94.01,28.07,19534.0,69588.0,65.8,Regular,0,1,0
2024-08-09,8,222,Irajá,XIV,XIV — Irajá,-22.8317,-43.3283,42.21,61.0,13.92,56.81,103.81,32.45,0.41,,21.87,29.93,17.62,78.02,46.52,1.8,-22.22,-7.4,7385.96,2870.64,65.82,77.04,53.03,67.38,32.52,94.01,28.07,19534.0,69588.0,65.8,Regular,0,0,0
2024-08-10,8,223,Irajá,XIV,XIV — Irajá,-22.8317,-43.3283,10.0,36.0,3.92,26.64,47.9,30.49,0.43,,11.75,16.32,9.88,96.67,87.52,24.4,-9.98,-4.14,7412.06,2879.56,65.82,77.04,53.03,67.38,32.52,94.01,28.07,19534.0,69588.0,65.8,Regular,0,0,0
2024-08-11,8,224,Irajá,XIV,XIV — Irajá,-22.8317,-43.3283,22.25,36.0,9.04,31.16,86.8,31.68,0.45,,13.6,22.22,6.48,78.4,52.17,0.0,16.1,1.56,7428.19,2886.04,65.82,77.04,53.03,67.38,32.52,94.01,28.07,19534.0,69588.0,65.8,Regular,0,0,0
2024-08-12,8,225,Irajá,XIV,XIV — Irajá,-22.8317,-43.3283,42.21,76.0,17.12,35.1,68.26,33.04,0.58,,14.87,22.52,8.7,67.7,38.28,0.0,13.16,-0.47,7460.42,2899.12,65.82,77.04,53.03,67.38,32.52,94.01,28.07,19534.0,69588.0,65.8,Regular,0,0,0
2024-08-13,8,226,Irajá,XIV,XIV — Irajá,-22.8317,-43.3283,48.58,127.0,13.58,28.99,70.24,41.32,0.35,,12.66,17.78,7.1,61.97,52.12,0.0,4.23,0.13,7505.81,2914.47,65.82,77.04,53.03,67.38,32.52,94.01,28.07,19534.0,69588.0,65.8,Regular,0,1,0
2024-08-14,8,227,Irajá,XIV,XIV — Irajá,-22.8317,-43.3283,50.67,121.0,19.88,35.73,92.7,39.08,0.44,,15.13,24.8,7.02,70.25,49.35,0.0,2.96,3.38,7555.44,2931.2,65.82,77.04,53.03,67.38,32.52,94.01,28.07,19534.0,69588.0,65.8,Regular,0,1,0
2024-08-15,8,228,Irajá,XIV,XIV — Irajá,-22.8317,-43.3283,54.5,86.0,19.33,38.31,123.35,46.9,0.48,,19.42,30.4,10.82,77.8,47.7,0.0,11.06,3.8,7608.02,2950.81,65.82,77.04,53.03,67.38,32.52,94.01,28.07,19534.0,69588.0,65.8,Regular,0,1,0
2024-08-16,8,229,Irajá,XIV,XIV — Irajá,-22.8317,-43.3283,72.79,99.0,30.88,39.73,132.28,58.4,0.68,,22.74,35.32,14.17,76.87,42.33,0.0,14.06,2.54,7671.67,2975.91,65.82,77.04,53.03,67.38,32.52,94.01,28.07,19534.0,69588.0,65.8,Regular,0,1,0
2024-08-17,8,230,Irajá,XIV,XIV — Irajá,-22.8317,-43.3283,82.62,147.0,41.88,48.99,184.13,64.67,0.94,,24.5,36.98,14.45,69.41,32.98,0.0,8.64,0.96,7749.37,3012.29,65.82,77.04,53.03,67.38,32.52,94.01,28.07,19534.0,69588.0,65.8,Regular,0,1,0
2024-08-18,8,231,Irajá,XIV,XIV — Irajá,-22.8317,-43.3283,90.08,172.0,56.67,59.44,183.75,55.58,1.07,,24.66,36.63,15.22,67.7,35.17,0.0,-13.85,0.85,7835.72,3061.57,65.82,77.04,53.03,67.38,32.52,94.01,28.07,19534.0,69588.0,65.8,Regular,0,1,0
2024-08-19,8,232,Irajá,XIV,XIV — Irajá,-22.8317,-43.3283,54.92,80.0,25.08,42.0,128.83,48.38,0.47,,26.2,37.85,16.48,63.47,35.2,0.0,-12.5,-1.24,7908.22,3102.44,65.82,77.04,53.03,67.38,32.52,94.01,28.07,19534.0,69588.0,65.8,Regular,0,0,0
2024-08-20,8,233,Irajá,XIV,XIV — Irajá,-22.8317,-43.3283,65.08,120.0,31.62,65.55,124.43,37.14,0.61,,22.17,28.6,18.0,72.37,46.6,0.0,-6.38,-2.12,7968.22,3130.79,65.82,77.04,53.03,67.38,32.52,94.01,28.07,19534.0,69588.0,65.8,Regular,0,1,0
2024-08-21,8,234,Irajá,XIV,XIV — Irajá,-22.8317,-43.3283,42.17,54.0,23.09,81.24,124.66,29.88,0.35,,21.97,29.48,17.83,73.09,53.77,0.0,-2.89,1.61,8021.85,3158.15,65.82,77.04,53.03,67.38,32.52,94.01,28.07,19534.0,69588.0,65.8,Regular,0,0,0
2024-08-22,8,235,Irajá,XIV,XIV — Irajá,-22.8317,-43.3283,59.29,95.0,29.67,51.29,180.38,47.78,0.43,,25.4,37.37,15.97,71.22,38.58,0.0,7.18,4.14,8072.58,3184.53,65.82,77.04,53.03,67.38,32.52,94.01,28.07,19534.0,69588.0,65.8,Regular,0,1,0
2024-08-23,8,236,Irajá,XIV,XIV — Irajá,-22.8317,-43.3283,56.54,99.0,22.96,45.47,109.7,51.79,0.57,,30.25,41.45,20.02,53.63,31.17,0.0,-8.67,-1.55,8130.49,3210.84,65.82,77.04,53.03,67.38,32.52,94.01,28.07,19534.0,69588.0,65.8,Regular,0,1,0
2024-08-24,8,237,Irajá,XIV,XIV — Irajá,-22.8317,-43.3283,41.95,65.0,16.83,75.32,105.06,22.16,0.41,,22.29,30.1,19.27,77.34,58.15,0.0,-24.9,-7.46,8179.74,3230.74,65.82,77.04,53.03,67.38,32.52,94.01,28.07,19534.0,69588.0,65.8,Regular,0,0,0
2024-08-25,8,238,Irajá,XIV,XIV — Irajá,-22.8317,-43.3283,6.74,19.0,3.54,40.25,51.17,20.1,0.26,,15.32,18.47,10.23,88.28,81.18,12.4,-11.48,-6.21,8204.08,3240.92,65.82,77.04,53.03,67.38,32.52,94.01,28.07,19534.0,69588.0,65.8,Regular,0,0,0
2024-08-26,8,239,Irajá,XIV,XIV — Irajá,-22.8317,-43.3283,19.0,36.0,5.71,18.25,53.84,36.15,0.3,,9.87,12.15,7.18,83.56,67.62,9.0,6.95,-0.86,8216.95,3245.55,65.82,77.04,53.03,67.38,32.52,94.01,28.07,19534.0,69588.0,65.8,Regular,0,0,0
2024-08-27,8,240,Irajá,XIV,XIV — Irajá,-22.8317,-43.3283,20.65,45.0,8.79,35.03,84.6,30.72,0.27,,13.6,21.22,6.22,64.17,34.08,0.0,3.38,3.64,8236.78,3252.8,65.82,77.04,53.03,67.38,32.52,94.01,28.07,19534.0,69588.0,65.8,Regular,0,0,0
2024-08-28,8,241,Irajá,XIV,XIV — Irajá,-22.8317,-43.3283,25.77,73.0,9.38,43.39,85.7,24.89,0.28,,17.15,25.35,10.22,65.53,50.15,0.0,4.94,2.68,8259.99,3261.88,65.82,77.04,53.03,67.38,32.52,94.01,28.07,19534.0,69588.0,65.8,Regular,0,0,0
2024-08-29,8,242,Irajá,XIV,XIV — Irajá,-22.8317,-43.3283,30.52,63.0,14.54,43.65,106.31,30.67,0.36,,18.96,28.18,10.78,69.7,45.22,0.0,7.68,1.91,8288.13,3273.84,65.82,77.04,53.03,67.38,32.52,94.01,28.07,19534.0,69588.0,65.8,Regular,0,0,0
2024-08-30,8,243,Irajá,XIV,XIV — Irajá,-22.8317,-43.3283,41.14,75.0,18.21,44.47,171.9,47.18,0.56,,20.97,32.97,12.22,67.36,44.35,0.0,11.2,0.61,8323.96,3290.22,65.82,77.04,53.03,67.38,32.52,94.01,28.07,19534.0,69588.0,65.8,Regular,0,0,0
2024-08-31,8,244,Irajá,XIV,XIV — Irajá,-22.8317,-43.3283,52.92,97.0,30.88,50.78,130.26,37.6,0.6,,20.17,29.82,14.02,75.11,49.97,0.0,-0.91,1.77,8370.99,3314.76,65.82,77.04,53.03,67.38,32.52,94.01,28.07,19534.0,69588.0,65.8,Regular,0,1,0
2024-09-01,9,245,Irajá,XIV,XIV — Irajá,-22.8317,-43.3283,39.33,67.0,23.42,66.77,150.35,29.43,0.47,,24.5,34.82,17.33,70.6,43.28,0.0,-2.75,0.33,8417.12,3341.91,65.82,77.04,53.03,67.38,32.52,94.01,28.07,19534.0,69588.0,55.44,Regular,0,0,0
2024-09-02,9,246,Irajá,XIV,XIV — Irajá,-22.8317,-43.3283,47.43,75.0,22.91,40.86,84.52,30.8,0.47,,20.84,25.07,18.55,78.31,58.43,0.0,1.5,-1.87,8460.5,3365.08,65.82,77.04,53.03,67.38,32.52,94.01,28.07,19534.0,69588.0,55.44,Regular,0,0,0
2024-09-03,9,247,Irajá,XIV,XIV — Irajá,-22.8317,-43.3283,42.33,96.0,15.0,44.69,83.91,33.21,0.38,,20.76,25.78,17.32,76.19,64.03,0.0,-0.46,1.26,8505.38,3384.03,65.82,77.04,53.03,67.38,32.52,94.01,28.07,19534.0,69588.0,55.44,Regular,0,1,0
2024-09-04,9,248,Irajá,XIV,XIV — Irajá,-22.8317,-43.3283,46.5,71.0,21.38,53.12,124.36,34.79,0.42,,23.35,33.4,16.48,76.25,52.02,0.0,7.36,0.49,8549.79,3402.22,65.82,77.04,53.03,67.38,32.52,94.01,28.07,19534.0,69588.0,55.44,Regular,0,0,0
2024-09-05,9,249,Irajá,XIV,XIV — Irajá,-22.8317,-43.3283,57.04,158.0,29.42,51.31,102.55,36.54,0.51,,21.75,31.53,17.88,81.07,60.08,0.0,-10.62,-1.96,8601.56,3427.62,65.82,77.04,53.03,67.38,32.52,94.01,28.07,19534.0,69588.0,55.44,Regular,0,1,0
2024-09-06,9,250,Irajá,XIV,XIV — Irajá,-22.8317,-43.3283,25.25,45.0,12.12,39.54,74.6,42.77,0.44,,19.44,21.25,18.43,87.04,82.35,0.0,0.02,1.0,8642.71,3448.39,65.82,77.04,53.03,67.38,32.52,94.01,28.07,19534.0,69588.0,55.44,Regular,0,0,0
2024-09-07,9,251,Irajá,XIV,XIV — Irajá,-22.8317,-43.3283,57.08,105.0,33.54,41.9,123.69,48.77,0.57,,23.75,31.75,18.43,79.66,59.97,0.0,16.34,3.18,8683.87,3471.22,65.82,77.04,53.03,67.38,32.52,94.01,28.07,19534.0,69588.0,55.44,Regular,0,1,0
2024-09-08,9,252,Irajá,XIV,XIV — Irajá,-22.8317,-43.3283,57.92,85.0,34.25,45.07,138.38,38.59,0.6,,25.8,34.72,18.72,74.62,52.57,0.0,-3.34,1.62,8741.37,3505.12,65.82,77.04,53.03,67.38,32.52,94.01,28.07,19534.0,69588.0,55.44,Regular,0,0,0
2024-09-09,9,253,Irajá,XIV,XIV — Irajá,-22.8317,-43.3283,50.39,104.0,23.42,50.92,143.89,33.9,0.52,,26.99,38.52,18.25,67.38,42.25,0.0,-1.55,1.06,8795.53,3533.95,65.82,77.04,53.03,67.38,32.52,94.01,28.07,19534.0,69588.0,55.44,Regular,0,1,0
2024-09-10,9,254,Irajá,XIV,XIV — Irajá,-22.8317,-43.3283,54.83,80.0,30.83,59.45,181.53,49.3,0.75,,27.92,39.25,17.9,61.11,37.27,0.0,13.43,2.42,8848.14,3561.08,65.82,77.04,53.03,67.38,32.52,94.01,28.07,19534.0,69588.0,55.44,Regular,0,0,0
2024-09-11,9,255,Irajá,XIV,XIV — Irajá,-22.8317,-43.3283,77.25,132.0,40.25,52.87,152.97,59.85,0.81,,31.83,43.82,20.78,51.37,24.03,0.0,7.49,1.81,8914.18,3596.62,65.82,77.04,53.03,67.38,32.52,94.01,28.07,19534.0,69588.0,55.44,Regular,0,1,0
2024-09-12,9,256,Irajá,XIV,XIV — Irajá,-22.8317,-43.3283,69.81,129.0,37.43,46.56,168.7,52.57,0.62,,31.54,43.07,21.92,50.12,25.23,0.0,-3.52,-1.07,8987.71,3635.46,65.82,77.04,53.03,67.38,32.52,94.01,28.07,19534.0,69588.0,55.44,Regular,0,1,0
2024-09-13,9,257,Irajá,XIV,XIV — Irajá,-22.8317,-43.3283,70.21000000000001,,,52.91,,,,,29.68,,,53.05,,0.0,0.4,-1.86,9057.72,3654.17,65.82,77.04,53.03,67.38,32.52,94.01,28.07,19534.0,69588.0,55.44,Regular,1,0,1
2024-09-14,9,258,Irajá,XIV,XIV — Irajá,-22.8317,-43.3283,70.61,104.0,36.83,59.26,111.44,53.24,0.58,,27.82,39.38,22.12,55.98,30.12,0.0,-9.96,-3.59,9128.13,3672.59,65.82,77.04,53.03,67.38,32.52,94.01,28.07,19534.0,69588.0,55.44,Regular,0,1,0
2024-09-15,9,259,Irajá,XIV,XIV — Irajá,-22.8317,-43.3283,50.29,68.0,34.54,72.05,98.42,33.45,0.62,,22.5,26.65,19.6,76.62,66.53,0.0,-11.3,-3.18,9188.58,3708.27,65.82,77.04,53.03,67.38,32.52,94.01,28.07,19534.0,69588.0,55.44,Regular,0,0,0
2024-09-16,9,260,Irajá,XIV,XIV — Irajá,-22.8317,-43.3283,48.0,82.0,25.71,55.42,94.84,35.05,0.5,,21.47,28.15,16.75,80.36,65.77,0.0,-19.84,-3.39,9237.72,3738.4,65.82,77.04,53.03,67.38,32.52,94.01,28.07,19534.0,69588.0,55.44,Regular,0,0,0
2024-09-17,9,261,Irajá,XIV,XIV — Irajá,-22.8317,-43.3283,10.62,18.0,4.12,43.81,86.6,43.25,0.36,,15.71,17.57,14.38,92.35,79.03,0.0,-14.25,-0.96,9267.03,3753.31,65.82,77.04,53.03,67.38,32.52,94.01,28.07,19534.0,69588.0,55.44,Regular,0,0,0
2024-09-18,9,262,Irajá,XIV,XIV — Irajá,-22.8317,-43.3283,19.5,44.0,6.52,57.06,89.27,22.23,0.21,,19.55,26.3,15.05,73.39,55.0,0.0,8.25,3.19,9282.09,3758.63,65.82,77.04,53.03,67.38,32.52,94.01,28.07,19534.0,69588.0,55.44,Regular,0,0,0
2024-09-19,9,263,Irajá,XIV,XIV — Irajá,-22.8317,-43.3283,27.12,43.0,10.16,55.83,102.84,27.14,0.26,,22.09,31.58,14.02,67.3,49.98,0.0,6.75,3.15,9305.4,3766.97,65.82,77.04,53.03,67.38,32.52,94.01,28.07,19534.0,69588.0,55.44,Regular,0,0,0
2024-09-20,9,264,Irajá,XIV,XIV — Irajá,-22.8317,-43.3283,33.0,48.0,15.21,50.41,100.39,28.79,0.33,,25.86,36.2,17.96,68.99,47.87,0.0,10.52,1.47,9335.46,3779.66,65.82,77.04,53.03,67.38,32.52,94.01,28.07,19534.0,69588.0,55.44,Regular,0,0,0
2024-09-21,9,265,Irajá,XIV,XIV — Irajá,-22.8317,-43.3283,48.17,82.0,21.5,66.91,134.47,31.57,0.38,,25.03,35.73,20.72,74.62,51.12,0.0,-0.04,-0.28,9376.05,3798.01,65.82,77.04,53.03,67.38,32.52,94.01,28.07,19534.0,69588.0,55.44,Regular,0,0,0
2024-09-22,9,266,Irajá,XIV,XIV — Irajá,-22.8317,-43.3283,32.92,49.0,21.42,70.73,160.44,32.48,0.5,,25.31,34.55,20.57,74.14,48.55,0.0,2.33,1.1,9416.59,3819.47,65.82,77.04,53.03,67.38,32.52,94.01,28.07,19534.0,69588.0,55.44,Regular,0,0,0
2024-09-23,9,267,Irajá,XIV,XIV — Irajá,-22.8317,-43.3283,52.83,86.0,31.67,60.37,165.28,49.36,0.61,,27.24,39.28,19.68,72.88,41.07,0.0,9.12,0.85,9459.47,3846.02,65.82,77.04,53.03,67.38,32.52,94.01,28.07,19534.0,69588.0,55.44,Regular,0,1,0
2024-09-24,9,268,Irajá,XIV,XIV — Irajá,-22.8317,-43.3283,51.17,72.0,25.58,59.27,155.22,40.15,0.46,,27.01,38.75,20.7,72.23,43.88,0.0,-2.93,0.93,9511.47,3874.64,65.82,77.04,53.03,67.38,32.52,94.01,28.07,19534.0,69588.0,55.44,Regular,0,0,0
2024-09-25,9,269,Irajá,XIV,XIV — Irajá,-22.8317,-43.3283,46.96,72.0,22.38,56.26,155.83,41.17,0.41,,29.1,40.68,20.1,64.66,37.43,0.0,2.14,1.16,9560.53,3898.62,65.82,77.04,53.03,67.38,32.52,94.01,28.07,19534.0,69588.0,55.44,Regular,0,0,0
2024-09-26,9,270,Irajá,XIV,XIV — Irajá,-22.8317,-43.3283,55.46,115.0,27.67,52.42,145.0,39.73,0.51,,29.33,42.82,21.47,65.09,32.07,0.0,2.14,-2.33,9611.74,3923.65,65.82,77.04,53.03,67.38,32.52,94.01,28.07,19534.0,69588.0,55.44,Regular,0,1,0
2024-09-27,9,271,Irajá,XIV,XIV — Irajá,-22.8317,-43.3283,51.25,119.0,26.88,67.57,163.78,,0.48,,24.44,33.4,19.18,77.81,57.75,0.0,-18.62,-5.02,9665.1,3950.92,65.82,77.04,53.03,67.38,32.52,94.01,28.07,19534.0,69588.0,55.44,Regular,0,1,0
2024-09-28,9,272,Irajá,XIV,XIV — Irajá,-22.8317,-43.3283,18.21,32.0,6.21,49.4,70.58,,0.33,,19.29,20.88,17.37,77.8,71.18,0.0,-14.94,-1.18,9699.83,3967.47,65.82,77.04,53.03,67.38,32.52,94.01,28.07,19534.0,69588.0,55.44,Regular,0,0,0
2024-09-29,9,273,Irajá,XIV,XIV — Irajá,-22.8317,-43.3283,21.38,44.0,7.5,63.7,97.07,,0.25,,22.09,29.82,17.22,71.49,54.7,0.0,6.43,2.78,9719.62,3974.32,65.82,77.04,53.03,67.38,32.52,94.01,28.07,19534.0,69588.0,55.44,Regular,0,0,0
2024-09-30,9,274,Irajá,XIV,XIV — Irajá,-22.8317,-43.3283,31.08,51.0,12.38,63.79,109.98,,0.23,,24.85,35.5,16.78,67.84,44.33,0.0,5.17,4.44,9745.85,3984.26,65.82,77.04,53.03,67.38,32.52,94.01,28.07,19534.0,69588.0,55.44,Regular,0,0,0
2024-10-01,10,275,Irajá,XIV,XIV — Irajá,-22.8317,-43.3283,31.71,65.0,13.42,52.57,122.47,,0.4,,30.98,42.55,19.75,53.72,25.88,0.0,10.57,1.77,9777.25,3997.16,65.82,77.04,53.03,67.38,32.52,94.01,28.07,19534.0,69588.0,78.37,Boa,0,0,0
2024-10-02,10,276,Irajá,XIV,XIV — Irajá,-22.8317,-43.3283,52.21,78.0,26.96,58.58,141.72,,0.45,,28.4,43.6,21.85,63.42,30.67,0.0,0.18,-3.9,9819.21,4017.35,65.82,77.04,53.03,67.38,32.52,94.01,28.07,19534.0,69588.0,78.37,Boa,0,0,0
2024-10-03,10,277,Irajá,XIV,XIV — Irajá,-22.8317,-43.3283,32.08,49.0,15.42,68.23,99.44,,0.43,,23.17,27.07,20.15,79.1,66.97,0.0,-22.7,-5.72,9861.35,4038.54,65.82,77.04,53.03,67.38,32.52,94.01,28.07,19534.0,69588.0,78.37,Boa,0,0,0
2024-10-04,10,278,Irajá,XIV,XIV — Irajá,-22.8317,-43.3283,6.82,15.0,1.87,42.11,73.18,,0.44,,16.97,20.35,15.45,97.17,88.85,0.0,-8.4,-1.93,9880.8,4047.19,65.82,77.04,53.03,67.38,32.52,94.01,28.07,19534.0,69588.0,78.37,Boa,0,0,0
2024-10-05,10,279,Irajá,XIV,XIV — Irajá,-22.8317,-43.3283,15.29,29.0,3.54,50.49,74.37,,0.27,,19.32,26.65,14.57,75.83,53.75,0.0,2.11,1.99,9891.86,4049.89,65.82,77.04,53.03,67.38,32.52,94.01,28.07,19534.0,69588.0,78.37,Boa,0,0,0
2024-10-06,10,280,Irajá,XIV,XIV — Irajá,-22.8317,-43.3283,11.04,23.0,1.92,58.71,80.65,,0.25,,20.94,28.73,15.87,58.48,45.22,0.0,2.76,1.31,9905.02,4052.62,65.82,77.04,53.03,67.38,32.52,94.01,28.07,19534.0,69588.0,78.37,Boa,0,0,0
2024-10-07,10,281,Irajá,XIV,XIV — Irajá,-22.8317,-43.3283,20.81,41.0,5.67,63.14,133.87,,0.25,,21.95,29.53,17.03,59.04,45.15,0.0,8.51,0.64,9920.95,4056.42,65.82,77.04,53.03,67.38,32.52,94.01,28.07,19534.0,69588.0,78.37,Boa,0,0,0
2024-10-08,10,282,Irajá,XIV,XIV — Irajá,-22.8317,-43.3283,28.05,77.0,8.73,56.8,99.5,,0.32,,22.23,30.87,16.6,69.81,50.32,0.0,4.22,-0.28,9945.38,4063.62,65.82,77.04,53.03,67.38,32.52,94.01,28.07,19534.0,69588.0,78.37,Boa,0,0,0
2024-10-09,10,283,Irajá,XIV,XIV — Irajá,-22.8317,-43.3283,29.24,60.0,9.67,51.53,77.99,,0.41,,21.4,26.13,18.52,84.61,68.83,0.0,-7.48,-1.38,9974.02,4072.82,65.82,77.04,53.03,67.38,32.52,94.01,28.07,19534.0,69588.0,78.37,Boa,0,0,0
2024-10-10,10,284,Irajá,XIV,XIV — Irajá,-22.8317,-43.3283,13.09,25.0,4.33,41.83,51.86,,0.29,,19.48,22.03,17.57,89.07,79.42,2.0,-6.32,1.61,9995.19,4079.82,65.82,77.04,53.03,67.38,32.52,94.01,28.07,19534.0,69588.0,78.37,Boa,0,0,0
2024-10-11,10,285,Irajá,XIV,XIV — Irajá,-22.8317,-43.3283,16.59,27.0,4.88,37.46,70.08,,0.39,,24.61,32.15,18.18,75.99,56.95,0.0,4.28,3.59,10010.03,4084.42,65.82,77.04,53.03,67.38,32.52,94.01,28.07,19534.0,69588.0,78.37,Boa,0,0,0
2024-10-12,10,286,Irajá,XIV,XIV — Irajá,-22.8317,-43.3283,21.65,46.0,7.25,72.19,106.37,,0.45,,26.66,35.25,21.4,69.37,50.87,0.2,-0.32,-1.15,10029.15,4090.49,65.82,77.04,53.03,67.38,32.52,94.01,28.07,19534.0,69588.0,78.37,Boa,0,0,0
2024-10-13,10,287,Irajá,XIV,XIV — Irajá,-22.8317,-43.3283,15.95,22.0,5.12,62.94,81.16,,0.34,,22.3,26.62,19.78,75.56,63.15,0.0,2.89,-2.48,10047.95,4096.67,65.82,77.04,53.03,67.38,32.52,94.01,28.07,19534.0,69588.0,78.37,Boa,0,0,0
2024-10-14,10,288,Irajá,XIV,XIV — Irajá,-22.8317,-43.3283,27.42,44.0,8.62,56.68,82.63,,0.26,,21.69,27.52,17.73,67.61,53.52,0.0,4.99,0.21,10069.63,4103.54,65.82,77.04,53.03,67.38,32.52,94.01,28.07,19534.0,69588.0,78.37,Boa,0,0,0
2024-10-15,10,289,Irajá,XIV,XIV — Irajá,-22.8317,-43.3283,25.92,42.0,8.62,59.14,94.79,,0.25,,22.73,29.92,17.67,61.43,47.13,0.0,7.59,1.21,10096.3,4112.16,65.82,77.04,53.03,67.38,32.52,94.01,28.07,19534.0,69588.0,78.37,Boa,0,0,0
2024-10-16,10,290,Irajá,XIV,XIV — Irajá,-22.8317,-43.3283,42.59,80.0,17.46,61.32,153.76,,0.41,,24.11,36.07,16.5,64.36,43.97,0.0,3.2,-0.05,10130.56,4125.2,65.82,77.04,53.03,67.38,32.52,94.01,28.07,19534.0,69588.0,78.37,Boa,0,0,0
2024-10-17,10,291,Irajá,XIV,XIV — Irajá,-22.8317,-43.3283,32.32,54.0,12.96,64.52,104.05,,0.35,,22.62,28.72,18.08,72.81,59.35,0.0,-4.98,-1.03,10168.01,4140.41,65.82,77.04,53.03,67.38,32.52,94.01,28.07,19534.0,69588.0,78.37,Boa,0,0,0
2024-10-18,10,292,Irajá,XIV,XIV — Irajá,-22.8317,-43.3283,32.64,74.0,14.12,61.1,131.18,,0.38,,22.06,28.57,18.18,81.73,63.35,1.0,-10.06,-2.12,10200.49,4153.95,65.82,77.04,53.03,67.38,32.52,94.01,28.07,19534.0,69588.0,78.37,Boa,0,0,0
2024-10-19,10,293,Irajá,XIV,XIV — Irajá,-22.8317,-43.3283,12.21,24.0,3.54,53.03,95.36,,0.38,,18.39,20.65,14.6,94.04,85.23,24.0,-13.14,-2.44,10222.92,4162.78,65.82,77.04,53.03,67.38,32.52,94.01,28.07,19534.0,69588.0,78.37,Boa,0,0,0
2024-10-20,10,294,Irajá,XIV,XIV — Irajá,-22.8317,-43.3283,6.36,18.0,2.52,33.44,65.28,,0.51,,17.18,19.07,14.57,99.32,99.28,29.4,0.28,1.65,10232.2,4165.81,65.82,77.04,53.03,67.38,32.52,94.01,28.07,19534.0,69588.0,78.37,Boa,0,0,0
2024-10-21,10,295,Irajá,XIV,XIV — Irajá,-22.8317,-43.3283,12.78,39.0,5.12,31.7,70.31,,0.41,,21.69,25.95,17.83,92.62,79.27,0.2,12.25,5.14,10241.77,4169.63,65.82,77.04,53.03,67.38,32.52,94.01,28.07,19534.0,69588.0,78.37,Boa,0,0,0
2024-10-22,10,296,Irajá,XIV,XIV — Irajá,-22.8317,-43.3283,30.86,74.0,7.46,42.03,111.11,,0.39,,27.47,37.67,18.18,75.62,50.38,0.0,15.32,3.11,10263.59,4175.92,65.82,77.04,53.03,67.38,32.52,94.01,28.07,19534.0,69588.0,78.37,Boa,0,0,0
2024-10-23,10,297,Irajá,XIV,XIV — Irajá,-22.8317,-43.3283,43.42,81.0,15.75,46.74,104.98,,0.58,,27.91,37.08,22.32,74.83,51.6,0.0,4.02,-1.18,10300.73,4187.53,65.82,77.04,53.03,67.38,32.52,94.01,28.07,19534.0,69588.0,78.37,Boa,0,0,0
2024-10-24,10,298,Irajá,XIV,XIV — Irajá,-22.8317,-43.3283,38.9,82.0,14.25,61.45,140.12,,0.45,,25.1,40.08,19.0,85.29,47.43,20.8,-2.05,-0.23,10341.89,4202.53,65.82,77.04,53.03,67.38,32.52,94.01,28.07,19534.0,69588.0,78.37,Boa,0,0,0
2024-10-25,10,299,Irajá,XIV,XIV — Irajá,-22.8317,-43.3283,39.325,,,80.535,,,,,27.450000000000003,,,77.13,,0.0,0.43,2.35,10381.0,4209.65,65.82,77.04,53.03,67.38,32.52,94.01,28.07,19534.0,69588.0,78.37,Boa,1,0,1
2024-10-26,10,300,Irajá,XIV,XIV — Irajá,-22.8317,-43.3283,39.75,65.0,19.14,99.62,197.48,,0.65,,29.8,42.12,21.25,68.97,43.1,0.8,-11.54,-4.06,10420.54,4219.22,65.82,77.04,53.03,67.38,32.52,94.01,28.07,19534.0,69588.0,78.37,Boa,0,0,0
2024-10-27,10,301,Irajá,XIV,XIV — Irajá,-22.8317,-43.3283,16.25,26.0,7.12,53.47,70.19,,0.24,,19.34,21.87,16.27,87.71,72.83,11.6,-10.0,-5.13,10448.54,4232.35,65.82,77.04,53.03,67.38,32.52,94.01,28.07,19534.0,69588.0,78.37,Boa,0,0,0
2024-10-28,10,302,Irajá,XIV,XIV — Irajá,-22.8317,-43.3283,19.75,32.0,8.92,20.59,43.13,,0.31,,19.54,21.23,18.5,85.45,78.13,0.0,0.74,1.05,10466.54,4240.37,65.82,77.04,53.03,67.38,32.52,94.01,28.07,19534.0,69588.0,78.37,Boa,0,0,0
2024-10-29,10,303,Irajá,XIV,XIV — Irajá,-22.8317,-43.3283,17.73,40.0,5.54,34.25,69.1,,0.26,,21.45,26.98,17.73,81.62,65.65,0.0,-0.04,1.49,10485.28,4247.6,65.82,77.04,53.03,67.38,32.52,94.01,28.07,19534.0,69588.0,78.37,Boa,0,0,0
2024-10-30,10,304,Irajá,XIV,XIV — Irajá,-22.8317,-43.3283,19.68,,,36.965,,,,,22.515,,,77.43,,0.0,1.95,1.06,10503.99,4250.37,65.82,77.04,53.03,67.38,32.52,94.01,28.07,19534.0,69588.0,78.37,Boa,1,0,1
2024-10-31,10,305,Irajá,XIV,XIV — Irajá,-22.8317,-43.3283,21.63,39.0,4.54,39.68,80.64,,0.24,,23.58,32.17,17.98,73.24,49.9,0.0,2.76,1.25,10524.64,4252.64,65.82,77.04,53.03,67.38,32.52,94.01,28.07,19534.0,69588.0,78.37,Boa,0,0,0
2024-11-01,11,306,Irajá,XIV,XIV — Irajá,-22.8317,-43.3283,25.2,64.0,7.33,43.88,112.93,,0.33,,25.02,33.58,18.6,73.66,50.68,0.0,1.83,1.53,10548.06,4258.58,65.82,77.04,53.03,67.38,32.52,94.01,28.07,19534.0,69588.0,76.51,Boa,0,0,0
2024-11-02,11,307,Irajá,XIV,XIV — Irajá,-22.8317,-43.3283,25.29,43.0,8.79,47.6,99.09,,0.46,,26.64,35.92,20.47,72.35,52.92,0.0,-6.12,0.95,10573.3,4266.64,65.82,77.04,53.03,67.38,32.52,94.01,28.07,19534.0,69588.0,76.51,Boa,0,0,0
2024-11-03,11,308,Irajá,XIV,XIV — Irajá,-22.8317,-43.3283,12.95,28.0,3.71,46.61,90.64,,0.29,,26.91,36.37,20.98,73.05,50.05,0.0,-3.59,-0.73,10592.42,4272.89,65.82,77.04,53.03,67.38,32.52,94.01,28.07,19534.0,69588.0,76.51,Boa,0,0,0
2024-11-04,11,309,Irajá,XIV,XIV — Irajá,-22.8317,-43.3283,18.11,58.0,3.14,20.44,48.11,36.44,0.39,,25.18,32.07,22.13,80.33,59.82,6.6,3.9,0.06,10607.95,4276.31,65.82,77.04,53.03,67.38,32.52,94.01,28.07,19534.0,69588.0,76.51,Boa,0,0,0
2024-11-05,11,310,Irajá,XIV,XIV — Irajá,-22.8317,-43.3283,20.75,58.0,2.33,24.67,55.7,22.26,0.34,,27.03,33.03,21.9,72.49,59.15,0.0,7.09,2.32,10627.38,4279.05,65.82,77.04,53.03,67.38,32.52,94.01,28.07,19534.0,69588.0,76.51,Boa,0,0,0
2024-11-06,11,311,Irajá,XIV,XIV — Irajá,-22.8317,-43.3283,32.29,51.0,4.04,34.26,86.01,24.37,0.3,,29.82,38.22,22.78,62.22,44.12,0.0,3.77,1.85,10653.9,4282.23,65.82,77.04,53.03,67.38,32.52,94.01,28.07,19534.0,69588.0,76.51,Boa,0,0,0
2024-11-07,11,312,Irajá,XIV,XIV — Irajá,-22.8317,-43.3283,28.29,62.0,5.29,27.47,79.42,27.2,0.35,,30.74,39.73,23.17,61.13,41.42,0.1,-5.92,-2.06,10684.19,4286.9,65.82,77.04,53.03,67.38,32.52,94.01,28.07,19534.0,69588.0,76.51,Boa,0,0,0
2024-11-08,11,313,Irajá,XIV,XIV — Irajá,-22.8317,-43.3283,20.44,32.0,8.23,25.98,53.9,30.92,0.43,,25.7,31.52,18.27,77.25,59.83,35.6,-8.45,-5.46,10708.56,4293.66,65.82,77.04,53.03,67.38,32.52,94.01,28.07,19534.0,69588.0,76.51,Boa,0,0,0
2024-11-09,11,314,Irajá,XIV,XIV — Irajá,-22.8317,-43.3283,11.38,21.0,,28.1,40.51,20.38,0.38,,19.83,22.77,17.03,88.21,71.27,4.6,-4.34,-2.61,10724.47,4297.77,65.82,77.04,53.03,67.38,32.52,94.01,28.07,19534.0,69588.0,76.51,Boa,0,0,0
2024-11-10,11,315,Irajá,XIV,XIV — Irajá,-22.8317,-43.3283,11.77,20.0,,34.88,51.43,20.6,0.3,,20.49,24.17,16.65,75.56,54.83,0.0,6.92,2.62,10736.04,4297.77,65.82,77.04,53.03,67.38,32.52,94.01,28.07,19534.0,69588.0,76.51,Boa,0,0,0
2024-11-11,11,316,Irajá,XIV,XIV — Irajá,-22.8317,-43.3283,25.23,82.0,7.67,44.58,108.22,30.87,0.34,3.49,25.08,35.17,16.28,65.2,43.77,0.0,9.08,3.2,10754.54,4301.61,65.82,77.04,53.03,67.38,32.52,94.01,28.07,19534.0,69588.0,76.51,Boa,0,0,0
2024-11-12,11,317,Irajá,XIV,XIV — Irajá,-22.8317,-43.3283,29.92,62.0,11.68,50.81,131.05,31.17,0.39,,26.88,41.2,19.25,66.45,41.35,0.8,-6.86,-3.66,10782.12,4311.28,65.82,77.04,53.03,67.38,32.52,94.01,28.07,19534.0,69588.0,76.51,Boa,0,0,0
2024-11-13,11,318,Irajá,XIV,XIV — Irajá,-22.8317,-43.3283,11.5,34.0,0.78,34.38,65.28,27.86,0.38,5.45,17.75,20.73,15.12,98.12,94.0,18.0,-7.13,-3.91,10802.83,4317.51,65.82,77.04,53.03,67.38,32.52,94.01,28.07,19534.0,69588.0,76.51,Boa,0,0,0
2024-11-14,11,319,Irajá,XIV,XIV — Irajá,-22.8317,-43.3283,15.67,27.0,5.54,29.9,70.62,29.01,0.3,6.34,19.05,24.88,14.63,85.13,67.08,1.2,-1.77,1.84,10816.41,4320.67,65.82,77.04,53.03,67.38,32.52,94.01,28.07,19534.0,69588.0,76.51,Boa,0,0,0
2024-11-15,11,320,Irajá,XIV,XIV — Irajá,-22.8317,-43.3283,7.96,19.0,3.38,39.28,88.21,24.05,0.33,7.14,21.43,27.93,16.4,92.59,74.33,15.6,-2.07,0.51,10828.23,4325.13,65.82,77.04,53.03,67.38,32.52,94.01,28.07,19534.0,69588.0,76.51,Boa,0,0,0
2024-11-16,11,321,Irajá,XIV,XIV — Irajá,-22.8317,-43.3283,11.54,29.0,3.33,13.62,25.71,31.82,0.55,8.14,20.07,21.48,18.72,99.32,99.3,26.8,3.46,1.29,10837.98,4328.49,65.82,77.04,53.03,67.38,32.52,94.01,28.07,19534.0,69588.0,76.51,Boa,0,0,0
2024-11-17,11,322,Irajá,XIV,XIV — Irajá,-22.8317,-43.3283,14.88,33.0,5.75,40.62,87.5,21.27,0.39,8.22,24.01,32.7,18.32,83.73,61.42,0.0,1.98,3.12,10851.19,4333.03,65.82,77.04,53.03,67.38,32.52,94.01,28.07,19534.0,69588.0,76.51,Boa,0,0,0
2024-11-18,11,323,Irajá,XIV,XIV — Irajá,-22.8317,-43.3283,15.5,38.0,5.38,48.28,110.19,28.19,0.32,5.79,26.31,37.03,19.25,76.49,46.42,0.0,3.52,0.14,10866.38,4338.59,65.82,77.04,53.03,67.38,32.52,94.01,28.07,19534.0,69588.0,76.51,Boa,0,0,0
2024-11-19,11,324,Irajá,XIV,XIV — Irajá,-22.8317,-43.3283,21.92,43.0,10.79,43.89,96.27,23.01,0.3,7.19,24.29,30.02,21.08,82.05,67.2,0.0,2.31,-0.27,10885.09,4346.68,65.82,77.04,53.03,67.38,32.52,94.01,28.07,19534.0,69588.0,76.51,Boa,0,0,0
2024-11-20,11,325,Irajá,XIV,XIV — Irajá,-22.8317,-43.3283,20.13,41.0,10.12,56.31,157.63,17.14,0.3,8.3,25.77,34.17,21.53,81.21,59.88,0.0,-4.42,-0.73,10906.11,4357.13,65.82,77.04,53.03,67.38,32.52,94.01,28.07,19534.0,69588.0,76.51,Boa,0,0,0
2024-11-21,11,326,Irajá,XIV,XIV — Irajá,-22.8317,-43.3283,13.08,32.0,4.12,36.48,50.94,16.7,0.23,7.39,22.82,25.8,19.98,89.63,76.55,0.4,-6.73,-2.48,10922.72,4364.25,65.82,77.04,53.03,67.38,32.52,94.01,28.07,19534.0,69588.0,76.51,Boa,0,0,0
2024-11-22,11,327,Irajá,XIV,XIV — Irajá,-22.8317,-43.3283,6.67,14.0,1.25,36.05,47.13,15.03,0.26,5.83,20.81,24.68,17.95,89.07,74.27,1.2,-2.92,-2.18,10932.59,4366.94,65.82,77.04,53.03,67.38,32.52,94.01,28.07,19534.0,69588.0,76.51,Boa,0,0,0
2024-11-23,11,328,Irajá,XIV,XIV — Irajá,-22.8317,-43.3283,7.24,21.0,2.87,30.8,44.21,16.46,0.25,5.22,18.47,24.28,16.7,88.96,72.82,2.4,0.64,-0.02,10939.55,4369.0,65.82,77.04,53.03,67.38,32.52,94.01,28.07,19534.0,69588.0,76.51,Boa,0,0,0
2024-11-24,11,329,Irajá,XIV,XIV — Irajá,-22.8317,-43.3283,7.96,18.0,2.96,42.76,65.95,17.33,0.25,8.61,20.77,27.28,15.03,75.56,55.47,0.0,2.66,2.29,10947.15,4371.91,65.82,77.04,53.03,67.38,32.52,94.01,28.07,19534.0,69588.0,76.51,Boa,0,0,0
2024-11-25,11,330,Irajá,XIV,XIV — Irajá,-22.8317,-43.3283,12.56,22.0,3.08,44.38,82.88,16.81,0.18,8.6,23.05,32.0,15.62,68.25,46.5,0.0,6.56,3.62,10957.41,4374.93,65.82,77.04,53.03,67.38,32.52,94.01,28.07,19534.0,69588.0,76.51,Boa,0,0,0
2024-11-26,11,331,Irajá,XIV,XIV — Irajá,-22.8317,-43.3283,21.08,41.0,7.88,59.77,144.3,30.43,0.3,9.63,28.02,39.65,17.48,59.91,36.87,0.0,7.95,5.1,10974.23,4380.41,65.82,77.04,53.03,67.38,32.52,94.01,28.07,19534.0,69588.0,76.51,Boa,0,0,0
2024-11-27,11,332,Irajá,XIV,XIV — Irajá,-22.8317,-43.3283,28.46,47.0,11.67,66.67,143.9,33.51,0.39,6.06,33.24,43.68,21.78,53.33,31.25,0.0,4.98,3.03,10999.0,4390.19,65.82,77.04,53.03,67.38,32.52,94.01,28.07,19534.0,69588.0,76.51,Boa,0,0,0
2024-11-28,11,333,Irajá,XIV,XIV — Irajá,-22.8317,-43.3283,31.04,51.0,12.75,75.32,146.4,34.54,0.4,12.14,34.07,46.38,25.12,56.18,28.08,1.2,0.04,-3.56,11028.75,4402.4,65.82,77.04,53.03,67.38,32.52,94.01,28.07,19534.0,69588.0,76.51,Boa,0,0,0
2024-11-29,11,334,Irajá,XIV,XIV — Irajá,-22.8317,-43.3283,28.54,56.0,13.0,63.05,99.11,38.51,0.5,7.29,26.13,30.07,23.58,75.64,61.93,0.0,2.14,-3.29,11058.54,4415.27,65.82,77.04,53.03,67.38,32.52,94.01,28.07,19534.0,69588.0,76.51,Boa,0,0,0
2024-11-30,11,335,Irajá,XIV,XIV — Irajá,-22.8317,-43.3283,35.33,59.0,20.42,82.65,180.16,31.25,0.5,8.97,27.49,34.62,23.43,79.15,63.17,0.0,-4.53,0.23,11090.47,4431.98,65.82,77.04,53.03,67.38,32.52,94.01,28.07,19534.0,69588.0,76.51,Boa,0,0,0
2024-12-01,12,336,Irajá,XIV,XIV — Irajá,-22.8317,-43.3283,19.48,34.0,9.5,66.03,132.95,17.28,0.32,4.97,26.59,34.08,23.1,79.21,58.42,0.0,-7.45,1.87,11117.88,4446.94,65.82,77.04,53.03,67.38,32.52,94.01,28.07,19534.0,69588.0,76.44,Boa,0,0,0
2024-12-02,12,337,Irajá,XIV,XIV — Irajá,-22.8317,-43.3283,20.42,63.0,8.62,70.58,154.33,27.38,0.35,10.29,31.23,44.08,21.87,70.38,41.02,2.8,-0.03,-0.02,11137.83,4456.0,65.82,77.04,53.03,67.38,32.52,94.01,28.07,19534.0,69588.0,76.44,Boa,0,0,0
2024-12-03,12,338,Irajá,XIV,XIV — Irajá,-22.8317,-43.3283,19.43,47.0,9.23,51.73,86.08,37.01,0.5,8.28,26.55,31.87,24.1,83.79,72.0,5.4,-6.21,-5.3,11157.75,4464.93,65.82,77.04,53.03,67.38,32.52,94.01,28.07,19534.0,69588.0,76.44,Boa,0,0,0
2024-12-04,12,339,Irajá,XIV,XIV — Irajá,-22.8317,-43.3283,8.0,20.0,2.25,28.35,69.78,28.12,0.46,6.11,20.62,24.45,17.52,97.22,90.12,22.4,-3.16,-2.75,11171.47,4470.67,65.82,77.04,53.03,67.38,32.52,94.01,28.07,19534.0,69588.0,76.44,Boa,0,0,0
2024-12-05,12,340,Irajá,XIV,XIV — Irajá,-22.8317,-43.3283,13.12,39.0,4.46,20.2,41.44,36.48,0.42,4.49,21.05,25.02,17.28,97.19,84.42,6.0,17.34,5.49,11182.03,4474.02,65.82,77.04,53.03,67.38,32.52,94.01,28.07,19534.0,69588.0,76.44,Boa,0,0,0
2024-12-06,12,341,Irajá,XIV,XIV — Irajá,-22.8317,-43.3283,42.67,81.0,19.33,73.05,177.02,54.6,0.6,17.98,31.6,43.5,21.57,73.25,40.15,0.0,8.09,6.17,11209.92,4485.92,65.82,77.04,53.03,67.38,32.52,94.01,28.07,19534.0,69588.0,76.44,Boa,0,0,0
2024-12-07,12,342,Irajá,XIV,XIV — Irajá,-22.8317,-43.3283,29.29,57.0,13.38,89.95,152.82,44.95,0.52,2.29,33.4,45.83,25.4,55.32,29.88,0.0,-10.86,-1.57,11245.9,4502.27,65.82,77.04,53.03,67.38,32.52,94.01,28.07,19534.0,69588.0,76.44,Boa,0,0,0
2024-12-08,12,343,Irajá,XIV,XIV — Irajá,-22.8317,-43.3283,20.95,30.0,7.42,78.86,156.96,18.8,0.38,5.96,28.46,36.98,24.23,76.81,53.08,0.0,-3.58,-2.99,11271.02,4512.67,65.82,77.04,53.03,67.38,32.52,94.01,28.07,19534.0,69588.0,76.44,Boa,0,0,0
2024-12-09,12,344,Irajá,XIV,XIV — Irajá,-22.8317,-43.3283,22.12,47.0,8.54,58.28,143.39,25.27,0.36,6.66,27.42,37.2,23.94,80.34,55.3,0.2,0.51,-1.11,11292.56,4520.65,65.82,77.04,53.03,67.38,32.52,94.01,28.07,19534.0,69588.0,76.44,Boa,0,0,0
2024-12-10,12,345,Irajá,XIV,XIV — Irajá,-22.8317,-43.3283,21.96,46.0,7.75,38.93,84.06,31.21,0.31,7.83,26.24,36.48,19.9,84.64,49.72,22.6,-3.58,-2.54,11314.6,4528.8,65.82,77.04,53.03,67.38,32.52,94.01,28.07,19534.0,69588.0,76.44,Boa,0,0,0
2024-12-11,12,346,Irajá,XIV,XIV — Irajá,-22.8317,-43.3283,14.96,36.0,3.5,40.09,70.0,23.83,0.23,9.56,22.35,29.48,17.75,83.6,55.63,3.2,-4.19,-1.39,11333.06,4534.42,65.82,77.04,53.03,67.38,32.52,94.01,28.07,19534.0,69588.0,76.44,Boa,0,0,0
2024-12-12,12,347,Irajá,XIV,XIV — Irajá,-22.8317,-43.3283,13.58,28.0,3.96,44.42,79.18,20.51,0.18,5.58,23.45,29.85,17.98,75.06,51.27,0.0,0.48,1.31,11347.33,4538.15,65.82,77.04,53.03,67.38,32.52,94.01,28.07,19534.0,69588.0,76.44,Boa,0,0,0
2024-12-13,12,348,Irajá,XIV,XIV — Irajá,-22.8317,-43.3283,15.92,34.0,4.42,51.78,92.77,18.31,0.25,7.52,24.97,34.03,17.98,75.55,53.78,1.8,1.66,1.8,11362.08,4542.34,65.82,77.04,53.03,67.38,32.52,94.01,28.07,19534.0,69588.0,76.44,Boa,0,0,0
2024-12-14,12,349,Irajá,XIV,XIV — Irajá,-22.8317,-43.3283,16.9,37.0,5.5,37.17,92.53,25.53,0.27,10.22,27.05,36.55,21.28,75.78,48.77,6.2,-0.49,2.2,11378.49,4547.3,65.82,77.04,53.03,67.38,32.52,94.01,28.07,19534.0,69588.0,76.44,Boa,0,0,0
2024-12-15,12,350,Irajá,XIV,XIV — Irajá,-22.8317,-43.3283,14.95,27.0,4.88,37.76,67.93,30.95,0.37,4.4,29.37,37.55,22.25,70.07,48.18,1.4,0.47,1.89,11394.41,4552.49,65.82,77.04,53.03,67.38,32.52,94.01,28.07,19534.0,69588.0,76.44,Boa,0,0,0
2024-12-16,12,351,Irajá,XIV,XIV — Irajá,-22.8317,-43.3283,17.84,36.0,5.75,38.61,79.89,36.86,0.33,8.0,30.84,40.75,24.15,60.73,41.43,1.0,5.74,-1.88,11410.81,4557.8,65.82,77.04,53.03,67.38,32.52,94.01,28.07,19534.0,69588.0,76.44,Boa,0,0,0
2024-12-17,12,352,Irajá,XIV,XIV — Irajá,-22.8317,-43.3283,26.42,55.0,10.88,37.11,93.35,28.91,0.33,6.88,25.6,30.93,22.58,73.19,58.28,0.0,0.43,-3.41,11432.94,4566.12,65.82,77.04,53.03,67.38,32.52,94.01,28.07,19534.0,69588.0,76.44,Boa,0,0,0
2024-12-18,12,353,Irajá,XIV,XIV — Irajá,-22.8317,-43.3283,18.7,32.0,5.75,37.38,91.71,21.08,0.31,6.5,24.01,27.97,21.22,76.32,62.9,0.0,-2.96,0.45,11455.5,4574.43,65.82,77.04,53.03,67.38,32.52,94.01,28.07,19534.0,69588.0,76.44,Boa,0,0,0
2024-12-19,12,354,Irajá,XIV,XIV — Irajá,-22.8317,-43.3283,20.5,30.0,7.83,57.52,117.01,22.35,0.22,9.21,26.5,34.93,20.62,72.05,52.58,0.0,0.99,2.3,11475.1,4581.22,65.82,77.04,53.03,67.38,32.52,94.01,28.07,19534.0,69588.0,76.44,Boa,0,0,0
2024-12-20,12,355,Irajá,XIV,XIV — Irajá,-22.8317,-43.3283,20.67,39.0,6.46,36.5,65.62,30.68,0.42,4.77,28.6,42.38,22.45,77.19,41.65,21.6,2.84,0.13,11495.68,4588.37,65.82,77.04,53.03,67.38,32.52,94.01,28.07,19534.0,69588.0,76.44,Boa,0,0,0
2024-12-21,12,356,Irajá,XIV,XIV — Irajá,-22.8317,-43.3283,26.17,48.0,10.54,39.72,118.97,42.63,0.51,9.87,26.77,33.7,22.17,82.16,57.95,0.0,2.85,-1.54,11519.1,4596.87,65.82,77.04,53.03,67.38,32.52,94.01,28.07,19534.0,69588.0,76.44,Boa,0,0,0
2024-12-22,12,357,Irajá,XIV,XIV — Irajá,-22.8317,-43.3283,26.38,52.0,14.46,43.86,106.22,33.46,0.65,14.73,25.52,32.25,21.27,86.49,69.15,25.8,-3.78,-1.73,11545.38,4609.37,65.82,77.04,53.03,67.38,32.52,94.01,28.07,19534.0,69588.0,76.44,Boa,0,0,0
2024-12-23,12,358,Irajá,XIV,XIV — Irajá,-22.8317,-43.3283,18.62,47.0,6.92,25.38,59.06,29.78,0.31,4.05,23.31,26.82,20.0,95.21,84.45,2.0,-4.58,-1.31,11567.88,4620.06,65.82,77.04,53.03,67.38,32.52,94.01,28.07,19534.0,69588.0,76.44,Boa,0,0,0
2024-12-24,12,359,Irajá,XIV,XIV — Irajá,-22.8317,-43.3283,17.22,39.0,4.67,21.34,40.6,19.07,0.32,6.33,22.9,28.57,19.62,90.48,71.8,0.0,-1.49,2.63,11585.8,4625.85,65.82,77.04,53.03,67.38,32.52,94.01,28.07,19534.0,69588.0,76.44,Boa,0,0,0
2024-12-25,12,360,Irajá,XIV,XIV — Irajá,-22.8317,-43.3283,15.65,38.0,4.92,39.32,78.54,17.79,0.25,7.28,28.57,36.22,21.18,78.0,56.37,0.2,-0.49,2.51,11602.23,4630.65,65.82,77.04,53.03,67.38,32.52,94.01,28.07,19534.0,69588.0,76.44,Boa,0,0,0
2024-12-26,12,361,Irajá,XIV,XIV — Irajá,-22.8317,-43.3283,16.23,82.0,3.58,21.38,59.91,32.89,0.49,12.0,27.91,35.35,23.18,80.62,54.93,11.6,0.36,-1.53,11618.17,4634.9,65.82,77.04,53.03,67.38,32.52,94.01,28.07,19534.0,69588.0,76.44,Boa,0,0,0
2024-12-27,12,362,Irajá,XIV,XIV — Irajá,-22.8317,-43.3283,16.38,38.0,3.79,25.11,67.81,35.28,0.28,5.5,25.52,31.68,21.53,91.51,74.22,22.4,-1.1,-1.1,11634.48,4638.58,65.82,77.04,53.03,67.38,32.52,94.01,28.07,19534.0,69588.0,76.44,Boa,0,0,0
2024-12-28,12,363,Irajá,XIV,XIV — Irajá,-22.8317,-43.3283,14.04,32.0,4.17,46.0,115.44,27.65,0.46,7.77,25.72,33.07,20.6,85.49,67.42,0.4,-1.37,0.1,11649.69,4642.56,65.82,77.04,53.03,67.38,32.52,94.01,28.07,19534.0,69588.0,76.44,Boa,0,0,0
2024-12-29,12,364,Irajá,XIV,XIV — Irajá,-22.8317,-43.3283,13.63,22.0,3.54,41.93,90.69,20.81,0.41,4.75,25.72,29.63,22.45,85.93,70.58,0.0,1.85,-0.77,11663.52,4646.42,65.82,77.04,53.03,67.38,32.52,94.01,28.07,19534.0,69588.0,76.44,Boa,0,0,0
2024-12-30,12,365,Irajá,XIV,XIV — Irajá,-22.8317,-43.3283,17.74,29.0,3.58,24.14,54.91,32.71,0.31,6.75,24.18,28.52,22.48,93.94,79.37,5.4,5.74,0.32,11679.21,4649.98,65.82,77.04,53.03,67.38,32.52,94.01,28.07,19534.0,69588.0,76.44,Boa,0,0,0
2024-12-31,12,366,Irajá,XIV,XIV — Irajá,-22.8317,-43.3283,25.1,43.0,9.5,51.74,139.97,23.28,0.32,4.8,26.36,33.73,20.03,78.72,58.58,0.0,7.36,2.18,11700.63,4656.52,65.82,77.04,53.03,67.38,32.52,94.01,28.07,19534.0,69588.0,76.44,Boa,0,0,0
2024-01-01,1,1,Bangu,XVII,XVII — Bangu,-22.8804,-43.4651,32.3,60.0,,32.38,56.78,14.62,,6.46,27.52,28.6,26.8,71.17,66.27,0.0,-6.55,1.11,0.0,,57.47,71.78,41.21,59.4,23.7,77.77,6.36,8940.0,140676.0,53.22,Regular,0,0,0
2024-01-02,1,2,Bangu,XVII,XVII — Bangu,-22.8804,-43.4651,25.75,40.0,,45.26,97.24,11.27,,2.69,28.63,31.37,26.13,74.42,60.05,0.4,-4.27,0.69,29.02,,57.47,71.78,41.21,59.4,23.7,77.77,6.36,8940.0,140676.0,53.22,Regular,0,0,0
2024-01-03,1,3,Bangu,XVII,XVII — Bangu,-22.8804,-43.4651,23.75,48.0,,45.24,99.23,16.27,,6.11,28.89,32.68,26.25,87.47,60.85,79.2,-7.79,-0.64,53.78,,57.47,71.78,41.21,59.4,23.7,77.77,6.36,8940.0,140676.0,53.22,Regular,0,0,0
2024-01-04,1,4,Bangu,XVII,XVII — Bangu,-22.8804,-43.4651,10.17,30.0,,54.56,83.92,7.32,,5.01,27.35,30.28,26.0,96.11,80.62,14.8,-2.47,-0.38,70.74,,57.47,71.78,41.21,59.4,23.7,77.77,6.36,8940.0,140676.0,53.22,Regular,0,0,0
2024-01-05,1,5,Bangu,XVII,XVII — Bangu,-22.8804,-43.4651,18.8,51.0,,47.5,63.47,5.61,,3.95,28.12,30.58,26.7,92.85,74.05,0.2,3.33,0.34,85.22,,57.47,71.78,41.21,59.4,23.7,77.77,6.36,8940.0,140676.0,53.22,Regular,0,0,0
2024-01-06,1,6,Bangu,XVII,XVII — Bangu,-22.8804,-43.4651,16.83,41.0,,32.08,51.13,10.03,,2.95,28.03,31.07,26.22,90.98,65.27,8.0,3.2,0.63,103.04,,57.47,71.78,41.21,59.4,23.7,77.77,6.36,8940.0,140676.0,53.22,Regular,0,0,0
2024-01-07,1,7,Bangu,XVII,XVII — Bangu,-22.8804,-43.4651,25.21,51.0,,60.36,147.58,12.4,,4.78,29.38,32.53,26.63,82.47,61.62,0.0,8.34,1.73,124.06,,57.47,71.78,41.21,59.4,23.7,77.77,6.36,8940.0,140676.0,53.22,Regular,0,0,0
2024-01-08,1,8,Bangu,XVII,XVII — Bangu,-22.8804,-43.4651,33.5,59.0,,61.17,171.66,19.47,,13.9,31.5,36.27,27.52,72.52,41.63,0.0,2.91,1.36,153.41,,57.47,71.78,41.21,59.4,23.7,77.77,6.36,8940.0,140676.0,53.22,Regular,0,0,0
2024-01-09,1,9,Bangu,XVII,XVII — Bangu,-22.8804,-43.4651,31.04,64.0,,92.17,130.77,10.41,,4.18,32.09,34.53,30.43,61.54,49.35,0.0,10.14,0.13,185.68,,57.47,71.78,41.21,59.4,23.7,77.77,6.36,8940.0,140676.0,53.22,Regular,0,0,0
2024-01-10,1,10,Bangu,XVII,XVII — Bangu,-22.8804,-43.4651,53.78,105.0,,108.46,257.68,20.0,,,31.77,34.77,28.73,69.99,48.7,0.0,-3.43,-0.21,228.09,,57.47,71.78,41.21,59.4,23.7,77.77,6.36,8940.0,140676.0,53.22,Regular,0,1,0
2024-01-11,1,11,Bangu,XVII,XVII — Bangu,-22.8804,-43.4651,24.18,59.0,,76.53,126.69,11.21,,,31.68,36.77,28.37,70.27,42.02,2.2,-15.98,-0.55,267.07,,57.47,71.78,41.21,59.4,23.7,77.77,6.36,8940.0,140676.0,53.22,Regular,0,0,0
2024-01-12,1,12,Bangu,XVII,XVII — Bangu,-22.8804,-43.4651,21.83,51.0,,71.64,136.1,7.44,,,30.67,34.68,28.32,76.15,53.0,1.2,-1.36,-1.51,290.08,,57.47,71.78,41.21,59.4,23.7,77.77,6.36,8940.0,140676.0,53.22,Regular,0,0,0
2024-01-13,1,13,Bangu,XVII,XVII — Bangu,-22.8804,-43.4651,21.46,47.0,,44.61,64.31,10.52,,,28.66,30.88,27.4,97.02,84.33,79.8,0.48,-1.2,311.72,,57.47,71.78,41.21,59.4,23.7,77.77,6.36,8940.0,140676.0,53.22,Regular,0,0,0
2024-01-14,1,14,Bangu,XVII,XVII — Bangu,-22.8804,-43.4651,22.79,63.0,,37.59,78.03,8.29,,,28.27,30.43,27.02,98.8,98.72,51.8,9.21,1.18,333.84,,57.47,71.78,41.21,59.4,23.7,77.77,6.36,8940.0,140676.0,53.22,Regular,0,0,0
2024-01-15,1,15,Bangu,XVII,XVII — Bangu,-22.8804,-43.4651,39.88,109.0,,50.78,126.52,13.99,,,31.02,34.77,27.23,80.25,45.53,0.0,6.88,2.38,365.18,,57.47,71.78,41.21,59.4,23.7,77.77,6.36,8940.0,140676.0,53.22,Regular,0,1,0
2024-01-16,1,16,Bangu,XVII,XVII — Bangu,-22.8804,-43.4651,36.54,75.0,,71.54,125.67,12.42,,,33.02,37.33,29.38,62.6,40.25,0.0,-2.94,1.19,403.39,,57.47,71.78,41.21,59.4,23.7,77.77,6.36,8940.0,140676.0,53.22,Regular,0,0,0
2024-01-17,1,17,Bangu,XVII,XVII — Bangu,-22.8804,-43.4651,34.0,68.0,,90.22,127.14,9.69,,,33.4,37.17,30.52,60.4,41.25,0.0,-2.27,-0.97,438.66,,57.47,71.78,41.21,59.4,23.7,77.77,6.36,8940.0,140676.0,53.22,Regular,0,0,0
2024-01-18,1,18,Bangu,XVII,XVII — Bangu,-22.8804,-43.4651,32.0,62.0,,68.06,104.31,8.08,,,31.09,33.6,29.43,79.37,65.83,0.0,-1.25,-1.35,471.66,,57.47,71.78,41.21,59.4,23.7,77.77,6.36,8940.0,140676.0,53.22,Regular,0,0,0
2024-01-19,1,19,Bangu,XVII,XVII — Bangu,-22.8804,-43.4651,31.5,72.0,,45.27,96.63,14.28,,,30.69,32.98,28.3,82.23,62.45,0.0,-2.36,0.47,503.41,,57.47,71.78,41.21,59.4,23.7,77.77,6.36,8940.0,140676.0,53.22,Regular,0,0,0
2024-01-20,1,20,Bangu,XVII,XVII — Bangu,-22.8804,-43.4651,27.29,47.0,,62.04,121.2,12.75,,,32.04,35.28,30.02,67.04,50.75,0.2,-7.8,-0.85,532.8,,57.47,71.78,41.21,59.4,23.7,77.77,6.36,8940.0,140676.0,53.22,Regular,0,0,0
2024-01-21,1,21,Bangu,XVII,XVII — Bangu,-22.8804,-43.4651,15.9,43.0,,53.21,75.9,5.94,,,29.0,31.25,26.6,91.5,74.13,0.0,-3.17,-1.96,554.4,,57.47,71.78,41.21,59.4,23.7,77.77,6.36,8940.0,140676.0,53.22,Regular,0,0,0
2024-01-22,1,22,Bangu,XVII,XVII — Bangu,-22.8804,-43.4651,20.94,42.0,,28.75,48.07,5.58,,,28.13,30.45,26.52,93.27,72.2,0.0,-2.26,-1.69,572.82,,57.47,71.78,41.21,59.4,23.7,77.77,6.36,8940.0,140676.0,53.22,Regular,0,0,0
2024-01-23,1,23,Bangu,XVII,XVII — Bangu,-22.8804,-43.4651,11.38,56.0,,22.51,43.76,11.38,,,25.63,26.78,23.8,98.71,98.7,34.8,-1.16,-1.39,588.98,,57.47,71.78,41.21,59.4,23.7,77.77,6.36,8940.0,140676.0,53.22,Regular,0,0,0
2024-01-24,1,24,Bangu,XVII,XVII — Bangu,-22.8804,-43.4651,18.62,51.0,,20.88,46.31,16.78,,,25.35,27.08,23.7,98.72,98.7,3.0,4.52,0.95,603.98,,57.47,71.78,41.21,59.4,23.7,77.77,6.36,8940.0,140676.0,53.22,Regular,0,0,0
2024-01-25,1,25,Bangu,XVII,XVII — Bangu,-22.8804,-43.4651,20.42,73.0,,36.39,70.52,13.31,,,27.53,30.68,25.7,94.9,80.95,0.4,-4.33,0.4,623.5,,57.47,71.78,41.21,59.4,23.7,77.77,6.36,8940.0,140676.0,53.22,Regular,0,0,0
2024-01-26,1,26,Bangu,XVII,XVII — Bangu,-22.8804,-43.4651,9.96,35.0,,29.51,37.44,7.52,,,26.15,27.18,25.32,98.73,98.7,14.4,1.08,-0.1,638.69,,57.47,71.78,41.21,59.4,23.7,77.77,6.36,8940.0,140676.0,53.22,Regular,0,0,0
2024-01-27,1,27,Bangu,XVII,XVII — Bangu,-22.8804,-43.4651,22.58,46.0,,20.27,41.25,10.16,,,27.33,29.83,25.8,98.71,97.57,1.8,8.38,0.59,654.96,,57.47,71.78,41.21,59.4,23.7,77.77,6.36,8940.0,140676.0,53.22,Regular,0,0,0
2024-01-28,1,28,Bangu,XVII,XVII — Bangu,-22.8804,-43.4651,26.71,75.0,,36.33,99.19,14.08,,,27.32,30.2,25.3,98.74,98.5,12.8,2.57,0.15,679.6,,57.47,71.78,41.21,59.4,23.7,77.77,6.36,8940.0,140676.0,53.22,Regular,0,0,0
2024-01-29,1,29,Bangu,XVII,XVII — Bangu,-22.8804,-43.4651,27.71,69.0,,47.01,108.99,7.7,,,27.62,31.78,25.62,93.97,75.47,0.0,4.53,2.47,706.82,,57.47,71.78,41.21,59.4,23.7,77.77,6.36,8940.0,140676.0,53.22,Regular,0,0,0
2024-01-30,1,30,Bangu,XVII,XVII — Bangu,-22.8804,-43.4651,35.77,64.0,,78.41,137.14,,,,32.26,34.22,29.35,68.91,56.32,0.0,1.98,0.79,738.56,,57.47,71.78,41.21,59.4,23.7,77.77,6.36,8940.0,140676.0,53.22,Regular,0,0,0
2024-01-31,1,31,Bangu,XVII,XVII — Bangu,-22.8804,-43.4651,31.67,75.0,,69.26,140.65,17.64,,,29.2,32.47,26.18,88.68,69.95,9.4,-4.45,-1.81,772.28,,57.47,71.78,41.21,59.4,23.7,77.77,6.36,8940.0,140676.0,53.22,Regular,0,0,0
2024-02-01,2,32,Bangu,XVII,XVII — Bangu,-22.8804,-43.4651,26.88,58.0,,65.23,123.27,11.9,,,28.63,31.67,26.03,83.69,60.73,0.0,-2.92,-0.66,801.55,,57.47,71.78,41.21,59.4,23.7,77.77,6.36,8940.0,140676.0,58.23,Regular,0,0,0
2024-02-02,2,33,Bangu,XVII,XVII — Bangu,-22.8804,-43.4651,25.83,59.0,,41.61,60.31,13.8,,,27.87,29.57,26.0,97.77,92.2,5.2,5.06,0.14,827.9,,57.47,71.78,41.21,59.4,23.7,77.77,6.36,8940.0,140676.0,58.23,Regular,0,0,0
2024-02-03,2,34,Bangu,XVII,XVII — Bangu,-22.8804,-43.4651,37.0,71.0,,64.48,175.04,17.66,,,28.91,32.05,25.93,91.42,71.38,0.0,0.21,0.5,859.32,,57.47,71.78,41.21,59.4,23.7,77.77,6.36,8940.0,140676.0,58.23,Regular,0,0,0
2024-02-04,2,35,Bangu,XVII,XVII — Bangu,-22.8804,-43.4651,26.25,61.0,,30.08,104.47,16.72,,,28.87,33.35,26.12,92.22,60.88,1.2,-3.5,0.2,890.94,,57.47,71.78,41.21,59.4,23.7,77.77,6.36,8940.0,140676.0,58.23,Regular,0,0,0
2024-02-05,2,36,Bangu,XVII,XVII — Bangu,-22.8804,-43.4651,30.0,67.0,,38.75,111.53,19.6,,,29.3,33.13,26.32,85.02,62.42,0.0,4.46,0.42,919.07,,57.47,71.78,41.21,59.4,23.7,77.77,6.36,8940.0,140676.0,58.23,Regular,0,0,0
2024-02-06,2,37,Bangu,XVII,XVII — Bangu,-22.8804,-43.4651,35.17,66.0,,39.67,95.15,13.9,,,29.71,32.28,27.52,84.38,62.77,0.0,6.73,-0.24,951.66,,57.47,71.78,41.21,59.4,23.7,77.77,6.36,8940.0,140676.0,58.23,Regular,0,0,0
2024-02-07,2,38,Bangu,XVII,XVII — Bangu,-22.8804,-43.4651,43.46,80.0,,31.41,118.42,19.6,,,28.82,31.03,27.65,92.17,77.2,0.0,1.47,-0.31,990.97,,57.47,71.78,41.21,59.4,23.7,77.77,6.36,8940.0,140676.0,58.23,Regular,0,0,0
2024-02-08,2,39,Bangu,XVII,XVII — Bangu,-22.8804,-43.4651,38.12,91.0,,20.36,56.83,19.82,,,29.09,33.98,26.73,84.42,64.42,0.0,-6.29,0.45,1031.76,,57.47,71.78,41.21,59.4,23.7,77.77,6.36,8940.0,140676.0,58.23,Regular,0,0,0
2024-02-09,2,40,Bangu,XVII,XVII — Bangu,-22.8804,-43.4651,30.88,79.0,,18.21,49.21,21.75,,,29.72,34.9,24.98,73.64,50.92,0.0,-5.56,0.13,1066.26,,57.47,71.78,41.21,59.4,23.7,77.77,6.36,8940.0,140676.0,58.23,Regular,0,0,0
2024-02-10,2,41,Bangu,XVII,XVII — Bangu,-22.8804,-43.4651,27.0,65.0,,13.96,32.2,17.29,,,29.36,34.85,25.02,72.47,45.45,0.0,-2.06,0.62,1095.2,,57.47,71.78,41.21,59.4,23.7,77.77,6.36,8940.0,140676.0,58.23,Regular,0,0,0
2024-02-11,2,42,Bangu,XVII,XVII — Bangu,-22.8804,-43.4651,26.75,49.0,,13.753636363636364,,12.41,,,30.96,36.27,25.48,67.88,45.87,0.0,-1.64,1.29,1122.08,,57.47,71.78,41.21,59.4,23.7,77.77,6.36,8940.0,140676.0,58.23,Regular,0,0,1
2024-02-12,2,43,Bangu,XVII,XVII — Bangu,-22.8804,-43.4651,23.71,52.0,,13.547272727272729,,11.04,,,31.94,37.62,28.18,57.62,42.02,0.0,1.28,0.88,1147.3,,57.47,71.78,41.21,59.4,23.7,77.77,6.36,8940.0,140676.0,58.23,Regular,0,0,1
2024-02-13,2,44,Bangu,XVII,XVII — Bangu,-22.8804,-43.4651,29.3,58.0,,13.340909090909092,,10.98,,,32.72,38.67,27.22,56.88,39.82,0.0,-0.26,-1.32,1173.81,,57.47,71.78,41.21,59.4,23.7,77.77,6.36,8940.0,140676.0,58.23,Regular,0,0,1
2024-02-14,2,45,Bangu,XVII,XVII — Bangu,-22.8804,-43.4651,23.19,43.0,,13.134545454545455,,7.92,,,29.31,32.3,25.83,71.38,56.95,1.2,-6.26,-3.78,1200.06,,57.47,71.78,41.21,59.4,23.7,77.77,6.36,8940.0,140676.0,58.23,Regular,0,0,1
2024-02-15,2,46,Bangu,XVII,XVII — Bangu,-22.8804,-43.4651,16.79,35.0,,12.928181818181818,,19.38,,,25.15,26.55,24.0,98.6,98.57,67.8,-2.33,-1.71,1220.04,,57.47,71.78,41.21,59.4,23.7,77.77,6.36,8940.0,140676.0,58.23,Regular,0,0,1
2024-02-16,2,47,Bangu,XVII,XVII — Bangu,-22.8804,-43.4651,18.54,55.0,,12.721818181818183,,,,,25.89,28.75,23.93,94.15,82.15,1.8,1.89,0.94,1237.71,,57.47,71.78,41.21,59.4,23.7,77.77,6.36,8940.0,140676.0,58.23,Regular,0,0,1
2024-02-17,2,48,Bangu,XVII,XVII — Bangu,-22.8804,-43.4651,20.58,74.0,,12.515454545454546,,,,,27.02,31.12,23.62,88.71,66.53,0.0,0.29,0.84,1257.27,,57.47,71.78,41.21,59.4,23.7,77.77,6.36,8940.0,140676.0,58.23,Regular,0,0,1
2024-02-18,2,49,Bangu,XVII,XVII — Bangu,-22.8804,-43.4651,19.12,44.0,,12.309090909090909,,,,,27.57,31.97,25.25,88.08,65.65,0.0,1.5,0.53,1277.12,,57.47,71.78,41.21,59.4,23.7,77.77,6.36,8940.0,140676.0,58.23,Regular,0,0,1
2024-02-19,2,50,Bangu,XVII,XVII — Bangu,-22.8804,-43.4651,23.58,69.0,,12.102727272727272,,,,,28.08,32.85,25.2,85.76,63.75,0.0,5.08,-0.45,1298.47,,57.47,71.78,41.21,59.4,23.7,77.77,6.36,8940.0,140676.0,58.23,Regular,0,0,1
2024-02-20,2,51,Bangu,XVII,XVII — Bangu,-22.8804,-43.4651,29.29,61.0,,11.896363636363636,,,,,26.67,31.13,24.7,95.05,74.57,6.8,0.92,-0.82,1324.9,,57.47,71.78,41.21,59.4,23.7,77.77,6.36,8940.0,140676.0,58.23,Regular,0,0,1
2024-02-21,2,52,Bangu,XVII,XVII — Bangu,-22.8804,-43.4651,25.42,62.0,,11.69,26.9,19.49,,,26.44,31.27,22.77,97.15,82.55,100.4,6.25,0.31,1352.26,,57.47,71.78,41.21,59.4,23.7,77.77,6.36,8940.0,140676.0,58.23,Regular,0,0,0
2024-02-22,2,53,Bangu,XVII,XVII — Bangu,-22.8804,-43.4651,41.79,105.0,,9.32,23.59,15.28,,,27.3,33.58,22.85,93.14,62.0,0.6,18.95,2.22,1385.86,,57.47,71.78,41.21,59.4,23.7,77.77,6.36,8940.0,140676.0,58.23,Regular,0,1,0
2024-02-23,2,54,Bangu,XVII,XVII — Bangu,-22.8804,-43.4651,63.33,149.0,,11.28,23.62,10.65,,,30.88,35.4,26.72,77.01,55.67,0.0,0.48,2.09,1438.42,,57.47,71.78,41.21,59.4,23.7,77.77,6.36,8940.0,140676.0,58.23,Regular,0,1,0
2024-02-24,2,55,Bangu,XVII,XVII — Bangu,-22.8804,-43.4651,42.75,66.0,,14.62,30.47,9.89,,,31.48,37.07,27.65,75.07,48.37,0.0,-13.93,-0.36,1491.46,,57.47,71.78,41.21,59.4,23.7,77.77,6.36,8940.0,140676.0,58.23,Regular,0,0,0
2024-02-25,2,56,Bangu,XVII,XVII — Bangu,-22.8804,-43.4651,35.46,54.0,,16.38,24.45,7.96,,,30.16,34.13,26.63,81.8,61.63,0.0,-3.39,-1.5,1530.57,,57.47,71.78,41.21,59.4,23.7,77.77,6.36,8940.0,140676.0,58.23,Regular,0,0,0
2024-02-26,2,57,Bangu,XVII,XVII — Bangu,-22.8804,-43.4651,35.96,90.0,,16.94,25.63,7.08,,,28.49,31.18,26.28,87.38,74.82,0.0,-0.36,-0.26,1566.28,,57.47,71.78,41.21,59.4,23.7,77.77,6.36,8940.0,140676.0,58.23,Regular,0,0,0
2024-02-27,2,58,Bangu,XVII,XVII — Bangu,-22.8804,-43.4651,34.75,109.0,,18.66,44.38,15.82,,,29.65,34.57,25.82,82.97,60.22,0.0,-0.32,0.82,1601.63,,57.47,71.78,41.21,59.4,23.7,77.77,6.36,8940.0,140676.0,58.23,Regular,0,1,0
2024-02-28,2,59,Bangu,XVII,XVII — Bangu,-22.8804,-43.4651,35.33,78.0,,17.23,38.28,8.81,,,30.12,34.55,27.32,80.75,58.5,0.4,-0.39,-0.04,1636.67,,57.47,71.78,41.21,59.4,23.7,77.77,6.36,8940.0,140676.0,58.23,Regular,0,0,0
2024-02-29,2,60,Bangu,XVII,XVII — Bangu,-22.8804,-43.4651,33.96,109.0,,18.97,31.97,7.2,,,29.58,33.85,26.13,82.45,61.95,0.0,-1.97,-0.59,1671.32,,57.47,71.78,41.21,59.4,23.7,77.77,6.36,8940.0,140676.0,58.23,Regular,0,1,0
2024-03-01,3,61,Bangu,XVII,XVII — Bangu,-22.8804,-43.4651,31.38,80.0,,16.64,34.04,7.33,,,28.94,33.33,25.77,86.0,65.42,0.0,-7.79,-1.37,1703.99,,57.47,71.78,41.21,59.4,23.7,77.77,6.36,8940.0,140676.0,68.03,Regular,0,0,0
2024-03-02,3,62,Bangu,XVII,XVII — Bangu,-22.8804,-43.4651,18.38,47.0,,12.08,19.78,5.77,,,26.84,30.25,23.98,85.7,63.43,1.0,-1.01,-0.31,1728.87,,57.47,71.78,41.21,59.4,23.7,77.77,6.36,8940.0,140676.0,68.03,Regular,0,0,0
2024-03-03,3,63,Bangu,XVII,XVII — Bangu,-22.8804,-43.4651,29.354999999999997,,,17.835,,,,,28.32,,,78.03999999999999,,0.0,10.98,1.48,1752.74,,57.47,71.78,41.21,59.4,23.7,77.77,6.36,8940.0,140676.0,68.03,Regular,1,0,1
2024-03-04,3,64,Bangu,XVII,XVII — Bangu,-22.8804,-43.4651,40.33,92.0,,23.59,62.85,21.67,,,29.8,37.08,23.45,70.38,34.66,0.0,1.99,0.62,1787.58,,57.47,71.78,41.21,59.4,23.7,77.77,6.36,8940.0,140676.0,68.03,Regular,0,0,0
2024-03-05,3,65,Bangu,XVII,XVII — Bangu,-22.8804,-43.4651,33.339999999999996,56.0,,22.49,43.03,14.36,,,29.57,36.5,24.13,79.34,52.7,12.4,-6.99,-1.61,1824.42,,57.47,71.78,41.21,59.4,23.7,77.77,6.36,8940.0,140676.0,68.03,Regular,1,0,1
2024-03-06,3,66,Bangu,XVII,XVII — Bangu,-22.8804,-43.4651,26.35,53.0,,24.572,19.82,14.21,,,26.58,30.13,23.75,96.84,86.77,7.8,-6.99,-1.08,1854.26,,57.47,71.78,41.21,59.4,23.7,77.77,6.36,8940.0,140676.0,68.03,Regular,1,0,1
2024-03-07,3,67,Bangu,XVII,XVII — Bangu,-22.8804,-43.4651,19.36,67.0,,26.654,,11.89,,,27.41,30.85,25.38,94.64,80.57,7.2,-0.16,0.75,1877.12,,57.47,71.78,41.21,59.4,23.7,77.77,6.36,8940.0,140676.0,68.03,Regular,0,0,1
2024-03-08,3,68,Bangu,XVII,XVII — Bangu,-22.8804,-43.4651,26.04,60.0,,28.735999999999997,,11.34,,,28.08,32.1,26.08,90.38,71.52,0.0,4.7,0.95,1899.82,,57.47,71.78,41.21,59.4,23.7,77.77,6.36,8940.0,140676.0,68.03,Regular,0,0,1
2024-03-09,3,69,Bangu,XVII,XVII — Bangu,-22.8804,-43.4651,28.75,69.0,,30.817999999999998,,13.92,,,29.3,34.58,25.22,85.37,61.93,17.4,-3.31,0.06,1927.21,,57.47,71.78,41.21,59.4,23.7,77.77,6.36,8940.0,140676.0,68.03,Regular,0,0,1
2024-03-10,3,70,Bangu,XVII,XVII — Bangu,-22.8804,-43.4651,19.42,50.0,,32.9,,4.51,,,28.19,30.57,25.83,96.16,84.57,0.4,-3.78,-0.89,1951.3,,57.47,71.78,41.21,59.4,23.7,77.77,6.36,8940.0,140676.0,68.03,Regular,0,0,1
2024-03-11,3,71,Bangu,XVII,XVII — Bangu,-22.8804,-43.4651,21.18,42.0,,34.982,,5.32,,,27.52,31.08,25.27,90.13,68.35,6.0,3.95,-0.85,1971.6,,57.47,71.78,41.21,59.4,23.7,77.77,6.36,8940.0,140676.0,68.03,Regular,0,0,1
2024-03-12,3,72,Bangu,XVII,XVII — Bangu,-22.8804,-43.4651,27.33,60.0,,37.064,,8.62,,,26.49,29.02,24.4,92.85,81.08,0.0,8.57,-0.27,1995.85,,57.47,71.78,41.21,59.4,23.7,77.77,6.36,8940.0,140676.0,68.03,Regular,0,0,1
2024-03-13,3,73,Bangu,XVII,XVII — Bangu,-22.8804,-43.4651,38.33,81.0,,39.146,,20.45,,,26.98,29.75,25.27,86.83,75.23,0.0,8.48,1.2,2028.68,,57.47,71.78,41.21,59.4,23.7,77.77,6.36,8940.0,140676.0,68.03,Regular,0,0,1
2024-03-14,3,74,Bangu,XVII,XVII — Bangu,-22.8804,-43.4651,44.29,77.0,,41.228,112.52,20.36,,,28.9,35.0,24.85,81.45,56.73,0.0,8.19,2.0,2069.99,,57.47,71.78,41.21,59.4,23.7,77.77,6.36,8940.0,140676.0,68.03,Regular,0,0,1
2024-03-15,3,75,Bangu,XVII,XVII — Bangu,-22.8804,-43.4651,54.71,95.0,,43.31,114.16,22.67,,,30.99,37.98,26.27,77.84,46.62,0.0,7.34,1.71,2119.49,,57.47,71.78,41.21,59.4,23.7,77.77,6.36,8940.0,140676.0,68.03,Regular,0,0,0
2024-03-16,3,76,Bangu,XVII,XVII — Bangu,-22.8804,-43.4651,58.96,90.0,,49.32,116.59,25.48,,,32.32,39.22,26.87,74.22,42.65,0.0,-0.75,0.72,2176.33,,57.47,71.78,41.21,59.4,23.7,77.77,6.36,8940.0,140676.0,68.03,Regular,0,0,0
2024-03-17,3,77,Bangu,XVII,XVII — Bangu,-22.8804,-43.4651,53.21,84.0,,51.73,97.45,16.01,,,32.44,39.57,27.87,76.2,43.45,0.0,-8.19,-1.13,2232.41,,57.47,71.78,41.21,59.4,23.7,77.77,6.36,8940.0,140676.0,68.03,Regular,0,0,0
2024-03-18,3,78,Bangu,XVII,XVII — Bangu,-22.8804,-43.4651,42.58,78.0,,67.4,119.09,11.1,,,30.06,34.27,27.82,84.86,66.75,0.0,-2.27,-1.27,2280.31,,57.47,71.78,41.21,59.4,23.7,77.77,6.36,8940.0,140676.0,68.03,Regular,0,0,0
2024-03-19,3,79,Bangu,XVII,XVII — Bangu,-22.8804,-43.4651,48.67,73.0,,59.96,155.2,15.99,,,29.89,33.37,27.45,86.89,70.43,0.0,0.69,-0.26,2325.93,,57.47,71.78,41.21,59.4,23.7,77.77,6.36,8940.0,140676.0,68.03,Regular,0,0,0
2024-03-20,3,80,Bangu,XVII,XVII — Bangu,-22.8804,-43.4651,43.96,72.0,,58.09,149.35,18.45,,,29.54,34.58,26.72,87.37,62.33,0.2,-8.9,1.03,2372.25,,57.47,71.78,41.21,59.4,23.7,77.77,6.36,8940.0,140676.0,68.03,Regular,0,0,0
2024-03-21,3,81,Bangu,XVII,XVII — Bangu,-22.8804,-43.4651,30.88,84.0,,39.28,71.99,13.34,,,31.95,38.77,26.2,74.12,47.53,0.6,-15.71,-1.87,2409.67,,57.47,71.78,41.21,59.4,23.7,77.77,6.36,8940.0,140676.0,68.03,Regular,0,0,0
2024-03-22,3,82,Bangu,XVII,XVII — Bangu,-22.8804,-43.4651,12.54,49.0,,46.27,71.47,6.11,,,25.8,29.77,22.62,96.91,76.68,36.0,-5.44,-4.14,2431.38,,57.47,71.78,41.21,59.4,23.7,77.77,6.36,8940.0,140676.0,68.03,Regular,0,0,0
2024-03-23,3,83,Bangu,XVII,XVII — Bangu,-22.8804,-43.4651,20.0,63.0,,22.45,34.38,8.23,,,23.66,26.67,21.62,93.26,74.72,10.0,-1.52,-1.55,2447.65,,57.47,71.78,41.21,59.4,23.7,77.77,6.36,8940.0,140676.0,68.03,Regular,0,0,0
2024-03-24,3,84,Bangu,XVII,XVII — Bangu,-22.8804,-43.4651,9.5,27.0,,16.58,26.74,8.43,,,22.7,24.35,21.52,98.53,98.5,25.2,3.86,0.93,2462.4,,57.47,71.78,41.21,59.4,23.7,77.77,6.36,8940.0,140676.0,68.03,Regular,0,0,0
2024-03-25,3,85,Bangu,XVII,XVII — Bangu,-22.8804,-43.4651,27.71,77.0,,17.44,46.8,8.24,,,25.52,28.95,22.97,95.07,81.85,0.2,3.36,0.7,2481.0,,57.47,71.78,41.21,59.4,23.7,77.77,6.36,8940.0,140676.0,68.03,Regular,0,0,0
2024-03-26,3,86,Bangu,XVII,XVII — Bangu,-22.8804,-43.4651,16.21,57.0,,9.56,17.71,13.46,,,24.11,26.25,21.85,98.56,98.48,6.6,-3.5,-1.03,2502.96,,57.47,71.78,41.21,59.4,23.7,77.77,6.36,8940.0,140676.0,68.03,Regular,0,0,0
2024-03-27,3,87,Bangu,XVII,XVII — Bangu,-22.8804,-43.4651,20.71,45.0,,7.49,14.84,16.92,,,23.47,25.0,22.25,98.55,98.5,4.8,4.38,-0.04,2521.42,,57.47,71.78,41.21,59.4,23.7,77.77,6.36,8940.0,140676.0,68.03,Regular,0,0,0
2024-03-28,3,88,Bangu,XVII,XVII — Bangu,-22.8804,-43.4651,24.96,53.0,,7.16,15.32,23.9,,,24.03,25.4,23.02,98.57,98.5,3.4,1.06,1.01,2544.26,,57.47,71.78,41.21,59.4,23.7,77.77,6.36,8940.0,140676.0,68.03,Regular,0,0,0
2024-03-29,3,89,Bangu,XVII,XVII — Bangu,-22.8804,-43.4651,22.83,51.0,,20.18,39.81,14.6,,,25.49,27.98,23.38,98.6,98.55,0.4,1.77,1.16,2568.15,,57.47,71.78,41.21,59.4,23.7,77.77,6.36,8940.0,140676.0,68.03,Regular,0,0,0
2024-03-30,3,90,Bangu,XVII,XVII — Bangu,-22.8804,-43.4651,28.5,68.0,,35.58,49.64,5.81,,,26.36,29.42,24.62,95.99,84.05,0.0,0.44,0.37,2593.82,,57.47,71.78,41.21,59.4,23.7,77.77,6.36,8940.0,140676.0,68.03,Regular,0,0,0
2024-03-31,3,91,Bangu,XVII,XVII — Bangu,-22.8804,-43.4651,23.71,64.0,,24.37,48.76,11.23,,,26.23,30.73,23.07,91.06,70.65,0.0,5.04,-0.22,2619.92,,57.47,71.78,41.21,59.4,23.7,77.77,6.36,8940.0,140676.0,68.03,Regular,0,0,0
2024-04-01,4,92,Bangu,XVII,XVII — Bangu,-22.8804,-43.4651,38.58,112.0,,37.39,116.04,16.92,,,25.92,29.9,22.55,87.1,70.32,0.0,11.26,0.47,2651.07,,57.47,71.78,41.21,59.4,23.7,77.77,6.36,8940.0,140676.0,64.81,Regular,0,1,0
2024-04-02,4,93,Bangu,XVII,XVII — Bangu,-22.8804,-43.4651,46.22,98.0,,30.31,80.17,22.53,,,27.18,32.3,23.06,85.11,60.55,0.0,9.0,0.1,2693.47,,57.47,71.78,41.21,59.4,23.7,77.77,6.36,8940.0,140676.0,64.81,Regular,0,1,0
2024-04-03,4,94,Bangu,XVII,XVII — Bangu,-22.8804,-43.4651,56.57,89.0,,38.15,82.85,13.14,,,26.13,31.44,22.66,89.95,66.52,0.0,10.35,1.27,2744.86,,57.47,71.78,41.21,59.4,23.7,77.77,6.36,8940.0,140676.0,64.81,Regular,1,0,1
2024-04-04,4,95,Bangu,XVII,XVII — Bangu,-22.8804,-43.4651,66.92,108.0,,47.76,230.12,,,,29.72,33.38,26.18,74.8,60.85,0.0,-9.16,0.84,2806.61,,57.47,71.78,41.21,59.4,23.7,77.77,6.36,8940.0,140676.0,64.81,Regular,0,1,1
2024-04-05,4,96,Bangu,XVII,XVII — Bangu,-22.8804,-43.4651,38.25,75.0,,57.37,114.36,13.83,,,27.81,33.03,23.88,83.36,59.87,0.0,-15.84,-1.39,2859.19,,57.47,71.78,41.21,59.4,23.7,77.77,6.36,8940.0,140676.0,64.81,Regular,0,0,0
2024-04-06,4,97,Bangu,XVII,XVII — Bangu,-22.8804,-43.4651,35.25,75.0,,47.46,99.65,12.81,,,26.94,31.68,23.57,80.63,58.62,0.0,-3.62,-0.56,2895.94,,57.47,71.78,41.21,59.4,23.7,77.77,6.36,8940.0,140676.0,64.81,Regular,0,0,0
2024-04-07,4,98,Bangu,XVII,XVII — Bangu,-22.8804,-43.4651,31.0,60.0,,53.29,134.95,14.71,,,26.69,30.12,24.37,85.64,66.13,0.0,2.75,0.42,2929.07,,57.47,71.78,41.21,59.4,23.7,77.77,6.36,8940.0,140676.0,64.81,Regular,0,0,0
2024-04-08,4,99,Bangu,XVII,XVII — Bangu,-22.8804,-43.4651,40.75,73.0,,61.14,170.83,21.12,,,27.78,32.55,23.78,82.22,59.88,0.0,6.71,0.6,2964.94,,57.47,71.78,41.21,59.4,23.7,77.77,6.36,8940.0,140676.0,64.81,Regular,0,0,0
2024-04-09,4,100,Bangu,XVII,XVII — Bangu,-22.8804,-43.4651,44.42,76.0,,56.96,105.91,16.6,,,27.89,33.43,25.33,85.68,55.32,0.0,4.46,-0.08,3007.53,,57.47,71.78,41.21,59.4,23.7,77.77,6.36,8940.0,140676.0,64.81,Regular,0,0,0
2024-04-10,4,101,Bangu,XVII,XVII — Bangu,-22.8804,-43.4651,49.67,93.0,,49.79,147.71,21.99,,,27.62,31.92,23.82,83.2,62.22,0.0,-0.17,-0.33,3054.57,,57.47,71.78,41.21,59.4,23.7,77.77,6.36,8940.0,140676.0,64.81,Regular,0,0,0
2024-04-11,4,102,Bangu,XVII,XVII — Bangu,-22.8804,-43.4651,44.08,88.0,,44.76,93.27,14.6,,,27.24,31.08,24.25,91.16,71.93,0.0,-9.46,-0.29,3101.45,,57.47,71.78,41.21,59.4,23.7,77.77,6.36,8940.0,140676.0,64.81,Regular,0,0,0
2024-04-12,4,103,Bangu,XVII,XVII — Bangu,-22.8804,-43.4651,30.75,69.0,,36.16,91.68,16.02,,,27.04,30.15,24.12,87.08,68.03,0.0,-10.45,0.23,3138.86,,57.47,71.78,41.21,59.4,23.7,77.77,6.36,8940.0,140676.0,64.81,Regular,0,0,0
2024-04-13,4,104,Bangu,XVII,XVII — Bangu,-22.8804,-43.4651,23.17,49.0,,44.22,103.06,12.28,,,27.69,32.0,24.6,80.49,57.02,0.0,-2.36,-0.21,3165.82,,57.47,71.78,41.21,59.4,23.7,77.77,6.36,8940.0,140676.0,64.81,Regular,0,0,0
2024-04-14,4,105,Bangu,XVII,XVII — Bangu,-22.8804,-43.4651,26.04,73.0,,38.89,84.41,14.0,,,26.62,29.98,24.27,86.33,64.05,0.0,6.72,0.02,3190.43,,57.47,71.78,41.21,59.4,23.7,77.77,6.36,8940.0,140676.0,64.81,Regular,0,0,0
2024-04-15,4,106,Bangu,XVII,XVII — Bangu,-22.8804,-43.4651,36.62,75.0,,43.3,120.31,17.21,,,27.74,33.15,24.4,79.3,54.4,0.0,2.86,1.04,3221.76,,57.47,71.78,41.21,59.4,23.7,77.77,6.36,8940.0,140676.0,64.81,Regular,0,0,0
2024-04-16,4,107,Bangu,XVII,XVII — Bangu,-22.8804,-43.4651,31.75,79.0,,40.68,106.5,16.41,,,28.7,33.72,24.73,77.92,52.75,0.0,6.86,0.8,3255.94,,57.47,71.78,41.21,59.4,23.7,77.77,6.36,8940.0,140676.0,64.81,Regular,0,0,0
2024-04-17,4,108,Bangu,XVII,XVII — Bangu,-22.8804,-43.4651,50.33,118.0,,43.88,97.35,21.8,,,29.33,34.2,24.72,73.59,55.18,0.0,-5.07,-2.61,3296.98,,57.47,71.78,41.21,59.4,23.7,77.77,6.36,8940.0,140676.0,64.81,Regular,0,1,0
2024-04-18,4,109,Bangu,XVII,XVII — Bangu,-22.8804,-43.4651,21.61,42.0,,46.9,79.64,6.17,,,23.49,25.82,21.52,96.72,90.52,4.4,-9.02,-2.89,3332.95,,57.47,71.78,41.21,59.4,23.7,77.77,6.36,8940.0,140676.0,64.81,Regular,0,0,0
2024-04-19,4,110,Bangu,XVII,XVII — Bangu,-22.8804,-43.4651,32.29,66.0,,33.79,68.37,13.09,,,23.54,26.48,21.73,79.86,60.92,0.0,5.3,0.21,3359.9,,57.47,71.78,41.21,59.4,23.7,77.77,6.36,8940.0,140676.0,64.81,Regular,0,0,0
2024-04-20,4,111,Bangu,XVII,XVII — Bangu,-22.8804,-43.4651,32.21,89.0,,44.02,108.01,17.57,,,23.9,27.7,19.88,77.85,61.8,0.0,1.77,0.84,3392.15,,57.47,71.78,41.21,59.4,23.7,77.77,6.36,8940.0,140676.0,64.81,Regular,0,0,0
2024-04-21,4,112,Bangu,XVII,XVII — Bangu,-22.8804,-43.4651,35.83,144.0,,56.22,139.28,17.73,,,25.22,29.62,20.2,69.67,53.42,0.0,2.36,1.19,3426.17,,57.47,71.78,41.21,59.4,23.7,77.77,6.36,8940.0,140676.0,64.81,Regular,0,1,0
2024-04-22,4,113,Bangu,XVII,XVII — Bangu,-22.8804,-43.4651,36.92,100.0,,52.42,168.0,21.51,,,26.28,33.5,19.93,69.87,43.4,0.0,12.39,1.42,3462.54,,57.47,71.78,41.21,59.4,23.7,77.77,6.36,8940.0,140676.0,64.81,Regular,0,1,0
2024-04-23,4,114,Bangu,XVII,XVII — Bangu,-22.8804,-43.4651,60.61,108.0,,45.16,117.27,28.68,,,28.05,35.9,22.52,68.98,34.73,0.0,4.56,1.21,3511.31,,57.47,71.78,41.21,59.4,23.7,77.77,6.36,8940.0,140676.0,64.81,Regular,0,1,0
2024-04-24,4,115,Bangu,XVII,XVII — Bangu,-22.8804,-43.4651,46.04,92.0,,62.34,137.95,18.24,,,28.71,36.25,22.97,71.8,34.68,0.0,-13.36,-0.92,3564.64,,57.47,71.78,41.21,59.4,23.7,77.77,6.36,8940.0,140676.0,64.81,Regular,0,0,0
2024-04-25,4,116,Bangu,XVII,XVII — Bangu,-22.8804,-43.4651,33.88,67.0,,57.27,75.67,8.46,,,26.22,29.0,24.93,94.34,80.53,0.0,-2.23,-1.44,3604.6,,57.47,71.78,41.21,59.4,23.7,77.77,6.36,8940.0,140676.0,64.81,Regular,0,0,0
2024-04-26,4,117,Bangu,XVII,XVII — Bangu,-22.8804,-43.4651,41.58,90.0,,34.28,56.9,14.46,,,25.83,27.9,24.1,86.18,74.88,0.0,4.22,0.93,3642.32,,57.47,71.78,41.21,59.4,23.7,77.77,6.36,8940.0,140676.0,64.81,Regular,0,0,0
2024-04-27,4,118,Bangu,XVII,XVII — Bangu,-22.8804,-43.4651,42.33,95.0,,33.53,86.8,20.76,,,28.08,34.52,21.92,73.25,46.35,0.0,1.8,2.5,3684.28,,57.47,71.78,41.21,59.4,23.7,77.77,6.36,8940.0,140676.0,64.81,Regular,0,0,0
2024-04-28,4,119,Bangu,XVII,XVII — Bangu,-22.8804,-43.4651,45.17,80.0,,53.46,118.17,14.6,,,30.82,37.33,25.47,60.86,38.12,0.0,2.57,0.01,3728.03,,57.47,71.78,41.21,59.4,23.7,77.77,6.36,8940.0,140676.0,64.81,Regular,0,0,0
2024-04-29,4,120,Bangu,XVII,XVII — Bangu,-22.8804,-43.4651,47.46,72.0,,75.61,130.5,17.21,,,28.09,33.9,24.65,85.99,60.35,0.0,12.25,-0.67,3774.34,,57.47,71.78,41.21,59.4,23.7,77.77,6.36,8940.0,140676.0,64.81,Regular,0,0,0
2024-04-30,4,121,Bangu,XVII,XVII — Bangu,-22.8804,-43.4651,69.67,107.0,,60.88,164.89,39.26,,,29.49,35.18,24.65,77.91,49.75,0.0,2.57,1.3,3832.91,,57.47,71.78,41.21,59.4,23.7,77.77,6.36,8940.0,140676.0,64.81,Regular,0,1,0
2024-05-01,5,122,Bangu,XVII,XVII — Bangu,-22.8804,-43.4651,52.61,95.0,,53.03,106.09,20.79,,,30.69,37.55,26.13,66.66,36.73,0.0,-7.21,0.97,3894.05,,57.47,71.78,41.21,59.4,23.7,77.77,6.36,8940.0,140676.0,61.28,Regular,0,0,0
2024-05-02,5,123,Bangu,XVII,XVII — Bangu,-22.8804,-43.4651,55.25,114.0,,42.01,98.44,25.77,,,31.42,37.82,26.1,64.75,36.8,0.0,-2.8,-0.99,3947.98,,57.47,71.78,41.21,59.4,23.7,77.77,6.36,8940.0,140676.0,61.28,Regular,0,1,0
2024-05-03,5,124,Bangu,XVII,XVII — Bangu,-22.8804,-43.4651,47.0,83.0,,50.35,88.1,16.26,,,28.72,32.75,24.77,71.89,57.03,0.0,2.84,-1.4,3999.1,,57.47,71.78,41.21,59.4,23.7,77.77,6.36,8940.0,140676.0,61.28,Regular,0,0,0
2024-05-04,5,125,Bangu,XVII,XVII — Bangu,-22.8804,-43.4651,60.92,117.0,,65.5,179.76,28.28,,,28.62,35.57,23.29,75.59,46.31,0.0,6.86,0.02,4053.06,,57.47,71.78,41.21,59.4,23.7,77.77,6.36,8940.0,140676.0,61.28,Regular,0,1,0
2024-05-05,5,126,Bangu,XVII,XVII — Bangu,-22.8804,-43.4651,60.71,105.0,,65.16,199.28,26.18,,,28.76,36.2,23.29,73.69,43.04,0.0,-4.67,-0.21,4113.88,,57.47,71.78,41.21,59.4,23.7,77.77,6.36,8940.0,140676.0,61.28,Regular,0,1,0
2024-05-06,5,127,Bangu,XVII,XVII — Bangu,-22.8804,-43.4651,51.58,82.0,,36.86,136.02,25.5,,,28.2,33.72,23.04,74.33,48.39,0.0,-6.23,0.22,4170.02,,57.47,71.78,41.21,59.4,23.7,77.77,6.36,8940.0,140676.0,61.28,Regular,0,0,0
2024-05-07,5,128,Bangu,XVII,XVII — Bangu,-22.8804,-43.4651,48.25,93.0,,28.57,76.65,26.72,,,29.2,34.78,23.48,68.06,47.93,0.0,-1.14,1.01,4219.94,,57.47,71.78,41.21,59.4,23.7,77.77,6.36,8940.0,140676.0,61.28,Regular,0,0,0
2024-05-08,5,129,Bangu,XVII,XVII — Bangu,-22.8804,-43.4651,49.29,88.0,,28.44,58.77,25.64,,,30.21,35.33,24.73,60.01,43.23,0.0,2.38,0.68,4268.71,,57.47,71.78,41.21,59.4,23.7,77.77,6.36,8940.0,140676.0,61.28,Regular,0,0,0
2024-05-09,5,130,Bangu,XVII,XVII — Bangu,-22.8804,-43.4651,53.0,142.0,,50.76,95.05,11.91,,,30.55,35.85,26.15,57.59,38.37,0.0,6.07,-0.28,4319.86,,57.47,71.78,41.21,59.4,23.7,77.77,6.36,8940.0,140676.0,61.28,Regular,0,1,0
2024-05-10,5,131,Bangu,XVII,XVII — Bangu,-22.8804,-43.4651,61.44,,,45.68,,,,,29.655,,,64.755,,0.0,8.44,-0.89,4377.08,,57.47,71.78,41.21,59.4,23.7,77.77,6.36,8940.0,140676.0,61.28,Regular,1,0,1
2024-05-11,5,132,Bangu,XVII,XVII — Bangu,-22.8804,-43.4651,69.88,127.0,,40.6,101.74,,,,28.76,36.42,23.53,71.92,38.17,0.0,10.98,-0.35,4442.74,,57.47,71.78,41.21,59.4,23.7,77.77,6.36,8940.0,140676.0,61.28,Regular,0,1,0
2024-05-12,5,133,Bangu,XVII,XVII — Bangu,-22.8804,-43.4651,83.39,155.0,,33.19,96.03,,,,28.96,36.76,24.47,66.69,37.44,0.0,2.41,0.88,4519.37,,57.47,71.78,41.21,59.4,23.7,77.77,6.36,8940.0,140676.0,61.28,Regular,0,1,0
2024-05-13,5,134,Bangu,XVII,XVII — Bangu,-22.8804,-43.4651,74.71,160.0,,45.69,109.41,,,,30.53,37.58,24.87,52.7,26.28,0.0,-19.5,-1.17,4598.42,,57.47,71.78,41.21,59.4,23.7,77.77,6.36,8940.0,140676.0,61.28,Regular,0,1,0
2024-05-14,5,135,Bangu,XVII,XVII — Bangu,-22.8804,-43.4651,44.38,101.0,,50.52,93.62,,,,26.63,31.1,23.52,83.03,63.07,0.0,-29.85,-3.88,4657.97,,57.47,71.78,41.21,59.4,23.7,77.77,6.36,8940.0,140676.0,61.28,Regular,0,1,0
2024-05-15,5,136,Bangu,XVII,XVII — Bangu,-22.8804,-43.4651,15.0,46.0,,29.53,40.04,,,,22.76,24.52,21.83,98.51,98.47,4.0,-3.59,-1.04,4687.66,,57.47,71.78,41.21,59.4,23.7,77.77,6.36,8940.0,140676.0,61.28,Regular,0,0,0
2024-05-16,5,137,Bangu,XVII,XVII — Bangu,-22.8804,-43.4651,37.21,69.0,,20.83,52.11,,,,24.56,28.45,21.35,94.35,78.43,0.4,24.02,3.3,4713.76,,57.47,71.78,41.21,59.4,23.7,77.77,6.36,8940.0,140676.0,61.28,Regular,0,0,0
2024-05-17,5,138,Bangu,XVII,XVII — Bangu,-22.8804,-43.4651,63.04,126.0,,12.29,52.55,,,,29.36,37.09,22.64,67.19,35.6,0.0,4.77,1.26,4763.88,,57.47,71.78,41.21,59.4,23.7,77.77,6.36,8940.0,140676.0,61.28,Regular,0,1,0
2024-05-18,5,139,Bangu,XVII,XVII — Bangu,-22.8804,-43.4651,46.75,90.0,,53.18,83.51,13.88,,,27.07,30.16,24.9,80.97,66.09,0.0,-10.38,-1.78,4818.78,,57.47,71.78,41.21,59.4,23.7,77.77,6.36,8940.0,140676.0,61.28,Regular,0,0,0
2024-05-19,5,140,Bangu,XVII,XVII — Bangu,-22.8804,-43.4651,42.29,72.0,,51.89,79.29,10.52,,,25.79,29.05,23.78,92.81,75.58,0.0,0.25,-0.36,4863.3,,57.47,71.78,41.21,59.4,23.7,77.77,6.36,8940.0,140676.0,61.28,Regular,0,0,0
2024-05-20,5,141,Bangu,XVII,XVII — Bangu,-22.8804,-43.4651,47.25,125.0,,45.55,97.3,11.27,,,26.35,33.7,22.82,87.92,50.37,0.0,-8.46,-1.41,4908.07,,57.47,71.78,41.21,59.4,23.7,77.77,6.36,8940.0,140676.0,61.28,Regular,0,1,0
2024-05-21,5,142,Bangu,XVII,XVII — Bangu,-22.8804,-43.4651,25.38,75.0,,24.56,43.41,18.39,,,22.96,23.97,22.16,98.56,98.53,4.6,-3.98,-0.31,4944.39,,57.47,71.78,41.21,59.4,23.7,77.77,6.36,8940.0,140676.0,61.28,Regular,0,0,0
2024-05-22,5,143,Bangu,XVII,XVII — Bangu,-22.8804,-43.4651,39.29,61.0,,45.22,101.9,29.2,,,25.73,30.43,22.27,86.44,62.13,0.0,13.72,1.96,4976.72,,57.47,71.78,41.21,59.4,23.7,77.77,6.36,8940.0,140676.0,61.28,Regular,0,0,0
2024-05-23,5,144,Bangu,XVII,XVII — Bangu,-22.8804,-43.4651,52.82,95.0,,31.27,77.14,30.63,,,26.88,33.2,21.48,78.25,47.7,0.0,6.32,0.58,5022.78,,57.47,71.78,41.21,59.4,23.7,77.77,6.36,8940.0,140676.0,61.28,Regular,0,0,0
2024-05-24,5,145,Bangu,XVII,XVII — Bangu,-22.8804,-43.4651,51.92,91.0,,48.1,112.31,21.05,,,26.9,34.7,22.1,75.84,43.5,0.0,-11.04,-1.55,5075.15,,57.47,71.78,41.21,59.4,23.7,77.77,6.36,8940.0,140676.0,61.28,Regular,0,0,0
2024-05-25,5,146,Bangu,XVII,XVII — Bangu,-22.8804,-43.4651,30.75,50.0,,45.75,61.36,9.08,,,23.77,25.97,21.4,91.05,78.3,0.0,-20.34,-3.42,5116.48,,57.47,71.78,41.21,59.4,23.7,77.77,6.36,8940.0,140676.0,61.28,Regular,0,0,0
2024-05-26,5,147,Bangu,XVII,XVII — Bangu,-22.8804,-43.4651,11.25,25.0,,33.49,48.47,15.77,,,20.06,21.37,19.3,98.49,98.45,20.4,-3.62,-0.7,5137.48,,57.47,71.78,41.21,59.4,23.7,77.77,6.36,8940.0,140676.0,61.28,Regular,0,0,0
2024-05-27,5,148,Bangu,XVII,XVII — Bangu,-22.8804,-43.4651,23.52,,,37.085,,,,,22.369999999999997,,,94.685,,0.0,12.27,2.31,5154.87,,57.47,71.78,41.21,59.4,23.7,77.77,6.36,8940.0,140676.0,61.28,Regular,1,0,1
2024-05-28,5,149,Bangu,XVII,XVII — Bangu,-22.8804,-43.4651,35.79,57.0,,40.68,79.69,,,,24.68,30.53,20.8,90.88,69.22,0.0,-0.76,-0.34,5184.52,,57.47,71.78,41.21,59.4,23.7,77.77,6.36,8940.0,140676.0,61.28,Regular,0,0,0
2024-05-29,5,150,Bangu,XVII,XVII — Bangu,-22.8804,-43.4651,22.0,33.0,,48.72,63.06,4.58,,,21.69,22.93,20.58,88.9,76.27,0.0,-6.43,-1.7,5213.42,,57.47,71.78,41.21,59.4,23.7,77.77,6.36,8940.0,140676.0,61.28,Regular,0,0,0
2024-05-30,5,151,Bangu,XVII,XVII — Bangu,-22.8804,-43.4651,22.92,36.0,,53.55,68.5,7.05,,,21.27,24.35,19.02,81.96,59.72,0.0,4.94,-0.44,5235.88,,57.47,71.78,41.21,59.4,23.7,77.77,6.36,8940.0,140676.0,61.28,Regular,0,0,0
2024-05-31,5,152,Bangu,XVII,XVII — Bangu,-22.8804,-43.4651,31.88,49.0,,31.09,54.79,16.51,,,20.81,23.43,18.5,94.85,83.07,0.0,8.11,0.43,5263.28,,57.47,71.78,41.21,59.4,23.7,77.77,6.36,8940.0,140676.0,61.28,Regular,0,0,0
2024-06-01,6,153,Bangu,XVII,XVII — Bangu,-22.8804,-43.4651,39.14333333333333,,,30.463333333333335,,,,,22.133333333333333,,,88.36999999999999,,0.0,7.26,1.32,5298.79,,57.47,71.78,41.21,59.4,23.7,77.77,6.36,8940.0,140676.0,65.91,Regular,1,0,1
2024-06-02,6,154,Bangu,XVII,XVII — Bangu,-22.8804,-43.4651,46.406666666666666,,,29.836666666666666,,,,,23.456666666666667,,,81.89,,0.0,7.26,1.32,5341.56,,57.47,71.78,41.21,59.4,23.7,77.77,6.36,8940.0,140676.0,65.91,Regular,1,0,1
2024-06-03,6,155,Bangu,XVII,XVII — Bangu,-22.8804,-43.4651,53.67,104.0,,29.21,81.58,32.78,,,24.78,31.85,18.28,75.41,44.97,0.0,-7.14,0.03,5391.6,,57.47,71.78,41.21,59.4,23.7,77.77,6.36,8940.0,140676.0,65.91,Regular,0,1,0
2024-06-04,6,156,Bangu,XVII,XVII — Bangu,-22.8804,-43.4651,32.12,62.0,,42.63,69.91,16.02,,,23.52,26.65,21.6,91.07,74.52,0.6,-17.84,-1.61,5434.5,,57.47,71.78,41.21,59.4,23.7,77.77,6.36,8940.0,140676.0,65.91,Regular,0,0,0
2024-06-05,6,157,Bangu,XVII,XVII — Bangu,-22.8804,-43.4651,18.0,30.0,,29.88,48.45,19.64,,,21.56,23.72,20.25,98.54,98.48,17.4,5.25,-0.29,5459.56,,57.47,71.78,41.21,59.4,23.7,77.77,6.36,8940.0,140676.0,65.91,Regular,0,0,0
2024-06-06,6,158,Bangu,XVII,XVII — Bangu,-22.8804,-43.4651,42.62,80.0,,33.89,106.36,31.26,,,22.95,28.52,18.7,91.32,65.97,0.0,22.5,1.02,5489.87,,57.47,71.78,41.21,59.4,23.7,77.77,6.36,8940.0,140676.0,65.91,Regular,0,0,0
2024-06-07,6,159,Bangu,XVII,XVII — Bangu,-22.8804,-43.4651,63.0,106.0,,33.14,110.28,39.38,,,23.59,30.37,18.9,87.86,54.53,0.0,11.4,0.45,5542.68,,57.47,71.78,41.21,59.4,23.7,77.77,6.36,8940.0,140676.0,65.91,Regular,0,1,0
2024-06-08,6,160,Bangu,XVII,XVII — Bangu,-22.8804,-43.4651,65.42,102.0,,41.8,140.84,39.43,,,23.84,29.78,19.27,88.72,61.27,0.0,-1.98,0.28,5606.89,,57.47,71.78,41.21,59.4,23.7,77.77,6.36,8940.0,140676.0,65.91,Regular,0,1,0
2024-06-09,6,161,Bangu,XVII,XVII — Bangu,-22.8804,-43.4651,59.05,102.0,,33.45,88.9,25.49,,,24.15,29.85,20.27,85.44,55.9,0.0,-9.4,0.63,5669.12,,57.47,71.78,41.21,59.4,23.7,77.77,6.36,8940.0,140676.0,65.91,Regular,0,1,0
2024-06-10,6,162,Bangu,XVII,XVII — Bangu,-22.8804,-43.4651,46.62,82.0,,26.92,80.32,25.08,,,25.1,33.03,19.07,75.44,42.0,0.0,6.52,0.31,5721.96,,57.47,71.78,41.21,59.4,23.7,77.77,6.36,8940.0,140676.0,65.91,Regular,0,0,0
2024-06-11,6,163,Bangu,XVII,XVII — Bangu,-22.8804,-43.4651,72.08,122.0,,38.74,123.39,41.46,,,24.76,32.17,18.85,76.53,43.45,0.0,13.57,-0.6,5781.31,,57.47,71.78,41.21,59.4,23.7,77.77,6.36,8940.0,140676.0,65.91,Regular,0,1,0
2024-06-12,6,164,Bangu,XVII,XVII — Bangu,-22.8804,-43.4651,73.75,128.0,,41.07,126.55,43.37,,,23.91,30.28,18.82,80.03,43.1,0.0,-2.31,-0.08,5854.22,,57.47,71.78,41.21,59.4,23.7,77.77,6.36,8940.0,140676.0,65.91,Regular,0,1,0
2024-06-13,6,165,Bangu,XVII,XVII — Bangu,-22.8804,-43.4651,67.46,131.0,,27.3,96.39,39.28,,,24.6,32.27,18.35,73.56,38.28,0.0,-7.26,0.86,5924.83,,57.47,71.78,41.21,59.4,23.7,77.77,6.36,8940.0,140676.0,65.91,Regular,0,1,0
2024-06-14,6,166,Bangu,XVII,XVII — Bangu,-22.8804,-43.4651,59.22,94.0,,22.19,59.48,34.64,,,25.63,33.08,18.62,71.85,38.4,0.0,-3.35,0.76,5988.17,,57.47,71.78,41.21,59.4,23.7,77.77,6.36,8940.0,140676.0,65.91,Regular,0,0,0
2024-06-15,6,167,Bangu,XVII,XVII — Bangu,-22.8804,-43.4651,60.75,172.0,,25.98,69.19,32.72,,,26.13,33.22,20.38,64.23,38.18,0.0,-3.4,0.3,6048.15,,57.47,71.78,41.21,59.4,23.7,77.77,6.36,8940.0,140676.0,65.91,Regular,0,1,0
2024-06-16,6,168,Bangu,XVII,XVII — Bangu,-22.8804,-43.4651,52.42,104.0,,30.3,73.23,30.12,,,26.24,33.43,20.02,64.06,38.22,0.0,1.53,0.2,6104.74,,57.47,71.78,41.21,59.4,23.7,77.77,6.36,8940.0,140676.0,65.91,Regular,0,1,0
2024-06-17,6,169,Bangu,XVII,XVII — Bangu,-22.8804,-43.4651,63.81,93.0,,26.5,71.69,33.13,,,26.53,33.47,20.6,58.85,34.0,0.0,2.63,-0.05,6162.85,,57.47,71.78,41.21,59.4,23.7,77.77,6.36,8940.0,140676.0,65.91,Regular,0,0,0
2024-06-18,6,170,Bangu,XVII,XVII — Bangu,-22.8804,-43.4651,57.68,124.0,,31.97,84.66,36.75,,,26.14,32.7,20.37,58.66,36.97,0.0,0.55,-0.66,6223.6,,57.47,71.78,41.21,59.4,23.7,77.77,6.36,8940.0,140676.0,65.91,Regular,0,1,0
2024-06-19,6,171,Bangu,XVII,XVII — Bangu,-22.8804,-43.4651,64.92,140.0,,30.89,89.75,36.42,,,25.21,33.2,19.43,63.65,35.93,0.0,1.12,-1.54,6284.9,,57.47,71.78,41.21,59.4,23.7,77.77,6.36,8940.0,140676.0,65.91,Regular,0,1,0
2024-06-20,6,172,Bangu,XVII,XVII — Bangu,-22.8804,-43.4651,59.92,95.0,,25.74,75.42,38.61,,,23.05,31.83,18.42,70.92,41.92,0.0,9.48,-0.51,6347.32,,57.47,71.78,41.21,59.4,23.7,77.77,6.36,8940.0,140676.0,65.91,Regular,0,0,0
2024-06-21,6,173,Bangu,XVII,XVII — Bangu,-22.8804,-43.4651,83.89,147.0,,38.6,109.85,46.1,,,24.2,31.02,18.4,75.62,41.97,0.0,0.29,1.43,6419.22,,57.47,71.78,41.21,59.4,23.7,77.77,6.36,8940.0,140676.0,65.91,Regular,0,1,0
2024-06-22,6,174,Bangu,XVII,XVII — Bangu,-22.8804,-43.4651,60.5,97.0,,28.12,88.32,35.7,,,25.91,32.47,19.98,70.79,41.92,0.0,-20.88,1.95,6491.42,,57.47,71.78,41.21,59.4,23.7,77.77,6.36,8940.0,140676.0,65.91,Regular,0,1,0
2024-06-23,6,175,Bangu,XVII,XVII — Bangu,-22.8804,-43.4651,42.12,83.0,,35.43,70.45,25.31,,,28.1,34.28,20.97,57.1,37.42,0.0,-9.49,1.37,6542.73,,57.47,71.78,41.21,59.4,23.7,77.77,6.36,8940.0,140676.0,65.91,Regular,0,0,0
2024-06-24,6,176,Bangu,XVII,XVII — Bangu,-22.8804,-43.4651,41.52,75.0,,36.67,68.12,23.37,,,28.64,33.92,24.8,57.46,41.22,0.0,4.17,-1.46,6584.55,,57.47,71.78,41.21,59.4,23.7,77.77,6.36,8940.0,140676.0,65.91,Regular,0,0,0
2024-06-25,6,177,Bangu,XVII,XVII — Bangu,-22.8804,-43.4651,50.46,78.0,,47.63,76.39,22.76,,,25.19,28.13,23.25,92.74,74.63,0.2,3.99,-1.01,6630.54,,57.47,71.78,41.21,59.4,23.7,77.77,6.36,8940.0,140676.0,65.91,Regular,0,0,0
2024-06-26,6,178,Bangu,XVII,XVII — Bangu,-22.8804,-43.4651,49.5,80.0,,45.3,110.47,28.64,,,26.63,33.08,22.28,81.56,52.07,0.0,-0.38,-0.18,6680.52,,57.47,71.78,41.21,59.4,23.7,77.77,6.36,8940.0,140676.0,65.91,Regular,0,0,0
2024-06-27,6,179,Bangu,XVII,XVII — Bangu,-22.8804,-43.4651,49.71,85.0,,38.03,64.91,21.21,,,24.83,27.63,23.6,92.79,64.0,0.0,6.5,-0.0,6730.12,,57.47,71.78,41.21,59.4,23.7,77.77,6.36,8940.0,140676.0,65.91,Regular,0,0,0
2024-06-28,6,180,Bangu,XVII,XVII — Bangu,-22.8804,-43.4651,62.5,115.0,,35.08,81.21,26.7,,,26.62,31.83,22.55,80.18,53.45,0.0,0.66,0.29,6786.22,,57.47,71.78,41.21,59.4,23.7,77.77,6.36,8940.0,140676.0,65.91,Regular,0,1,0
2024-06-29,6,181,Bangu,XVII,XVII — Bangu,-22.8804,-43.4651,51.04,128.0,,45.95,67.52,17.72,,,25.41,28.23,21.28,81.21,65.85,0.0,-23.4,-3.75,6843.0,,57.47,71.78,41.21,59.4,23.7,77.77,6.36,8940.0,140676.0,65.91,Regular,0,1,0
2024-06-30,6,182,Bangu,XVII,XVII — Bangu,-22.8804,-43.4651,15.71,30.0,,33.49,40.92,23.11,,,19.12,21.12,18.12,98.44,98.4,17.2,-10.71,-3.3,6876.37,,57.47,71.78,41.21,59.4,23.7,77.77,6.36,8940.0,140676.0,65.91,Regular,0,0,0
2024-07-01,7,183,Bangu,XVII,XVII — Bangu,-22.8804,-43.4651,29.62,51.0,,12.74,28.6,34.9,,,18.8,20.8,17.98,98.45,98.4,12.4,14.66,1.03,6899.04,,57.47,71.78,41.21,59.4,23.7,77.77,6.36,8940.0,140676.0,73.21,Boa,0,0,0
2024-07-02,7,184,Bangu,XVII,XVII — Bangu,-22.8804,-43.4651,45.04,74.0,,23.17,80.22,35.23,,,21.17,26.55,16.93,93.5,73.55,0.0,8.28,2.74,6936.36,,57.47,71.78,41.21,59.4,23.7,77.77,6.36,8940.0,140676.0,73.21,Boa,0,0,0
2024-07-03,7,185,Bangu,XVII,XVII — Bangu,-22.8804,-43.4651,46.17,91.0,,32.53,84.95,25.9,,,24.29,30.93,18.32,78.34,48.63,0.0,7.39,2.53,6981.97,,57.47,71.78,41.21,59.4,23.7,77.77,6.36,8940.0,140676.0,73.21,Boa,0,0,0
2024-07-04,7,186,Bangu,XVII,XVII — Bangu,-22.8804,-43.4651,59.82,106.0,,35.19,82.84,32.92,,,26.24,32.93,21.43,74.43,37.95,0.0,10.89,0.09,7034.96,,57.47,71.78,41.21,59.4,23.7,77.77,6.36,8940.0,140676.0,73.21,Boa,0,1,0
2024-07-05,7,187,Bangu,XVII,XVII — Bangu,-22.8804,-43.4651,67.96,117.0,,27.99,83.91,39.66,,,24.47,32.38,19.28,80.39,36.93,0.0,-4.25,-1.79,7098.86,,57.47,71.78,41.21,59.4,23.7,77.77,6.36,8940.0,140676.0,73.21,Boa,0,1,0
2024-07-06,7,188,Bangu,XVII,XVII — Bangu,-22.8804,-43.4651,51.33,89.0,,47.62,73.05,22.42,,,22.66,25.12,20.0,92.16,76.45,0.0,-5.48,-0.53,7158.5,,57.47,71.78,41.21,59.4,23.7,77.77,6.36,8940.0,140676.0,73.21,Boa,0,0,0
2024-07-07,7,189,Bangu,XVII,XVII — Bangu,-22.8804,-43.4651,57.0,86.0,,51.29,111.42,26.86,,,23.41,30.13,19.8,88.57,57.42,0.0,-11.64,-0.52,7212.66,,57.47,71.78,41.21,59.4,23.7,77.77,6.36,8940.0,140676.0,73.21,Boa,0,0,0
2024-07-08,7,190,Bangu,XVII,XVII — Bangu,-22.8804,-43.4651,28.04,42.0,,47.3,51.87,17.53,,,21.62,22.97,20.58,98.48,97.58,0.0,-17.69,-1.3,7255.18,,57.47,71.78,41.21,59.4,23.7,77.77,6.36,8940.0,140676.0,73.21,Boa,0,0,0
2024-07-09,7,191,Bangu,XVII,XVII — Bangu,-22.8804,-43.4651,21.62,45.0,,36.4,51.02,22.16,,,20.82,22.52,20.05,98.52,98.48,0.0,4.86,0.67,7280.02,,57.47,71.78,41.21,59.4,23.7,77.77,6.36,8940.0,140676.0,73.21,Boa,0,0,0
2024-07-10,7,192,Bangu,XVII,XVII — Bangu,-22.8804,-43.4651,37.75,73.0,,35.43,89.09,30.04,,,22.97,29.98,19.73,93.37,66.1,11.8,11.13,0.55,7309.7,,57.47,71.78,41.21,59.4,23.7,77.77,6.36,8940.0,140676.0,73.21,Boa,0,0,0
2024-07-11,7,193,Bangu,XVII,XVII — Bangu,-22.8804,-43.4651,43.88,70.0,,26.53,39.48,29.07,,,21.92,23.82,20.2,98.54,98.47,0.0,-4.34,-0.57,7350.52,,57.47,71.78,41.21,59.4,23.7,77.77,6.36,8940.0,140676.0,73.21,Boa,0,0,0
2024-07-12,7,194,Bangu,XVII,XVII — Bangu,-22.8804,-43.4651,29.08,63.0,,31.14,45.49,22.41,,,21.82,22.9,20.88,98.54,98.5,0.0,-14.69,-0.74,7387.0,,57.47,71.78,41.21,59.4,23.7,77.77,6.36,8940.0,140676.0,73.21,Boa,0,0,0
2024-07-13,7,195,Bangu,XVII,XVII — Bangu,-22.8804,-43.4651,14.5,26.0,,37.07,47.78,18.96,,,20.45,21.4,19.67,98.5,98.47,0.4,-2.18,0.17,7408.78,,57.47,71.78,41.21,59.4,23.7,77.77,6.36,8940.0,140676.0,73.21,Boa,0,0,0
2024-07-14,7,196,Bangu,XVII,XVII — Bangu,-22.8804,-43.4651,24.71,48.0,,41.4,78.68,19.72,,,22.16,29.13,19.43,94.53,67.45,0.0,4.2,0.13,7428.39,,57.47,71.78,41.21,59.4,23.7,77.77,6.36,8940.0,140676.0,73.21,Boa,0,0,0
2024-07-15,7,197,Bangu,XVII,XVII — Bangu,-22.8804,-43.4651,22.91,38.0,,35.85,50.27,19.32,,,20.72,22.87,18.9,98.52,98.43,0.0,5.54,-0.42,7452.2,,57.47,71.78,41.21,59.4,23.7,77.77,6.36,8940.0,140676.0,73.21,Boa,0,0,0
2024-07-16,7,198,Bangu,XVII,XVII — Bangu,-22.8804,-43.4651,35.79,69.0,,38.3,76.16,28.1,,,21.32,26.87,16.97,93.98,74.23,0.0,8.1,0.41,7481.55,,57.47,71.78,41.21,59.4,23.7,77.77,6.36,8940.0,140676.0,73.21,Boa,0,0,0
2024-07-17,7,199,Bangu,XVII,XVII — Bangu,-22.8804,-43.4651,39.1,131.0,,43.04,77.69,22.11,,,21.54,25.62,18.57,94.96,79.08,0.0,4.02,-0.11,7519.0,,57.47,71.78,41.21,59.4,23.7,77.77,6.36,8940.0,140676.0,73.21,Boa,0,1,0
2024-07-18,7,200,Bangu,XVII,XVII — Bangu,-22.8804,-43.4651,43.83,84.0,,39.17,85.2,16.07,,,21.1,28.27,17.3,93.22,60.98,0.0,-1.43,-0.44,7560.46,,57.47,71.78,41.21,59.4,23.7,77.77,6.36,8940.0,140676.0,73.21,Boa,0,0,0
2024-07-19,7,201,Bangu,XVII,XVII — Bangu,-22.8804,-43.4651,36.25,75.0,,34.01,59.27,17.82,,,20.66,23.97,17.32,93.94,78.07,0.0,3.8,-0.54,7600.5,,57.47,71.78,41.21,59.4,23.7,77.77,6.36,8940.0,140676.0,73.21,Boa,0,0,0
2024-07-20,7,202,Bangu,XVII,XVII — Bangu,-22.8804,-43.4651,51.42,89.0,,32.79,85.07,24.8,,,20.01,25.95,15.38,90.25,64.28,0.0,7.04,0.18,7644.34,,57.47,71.78,41.21,59.4,23.7,77.77,6.36,8940.0,140676.0,73.21,Boa,0,0,0
2024-07-21,7,203,Bangu,XVII,XVII — Bangu,-22.8804,-43.4651,50.33,80.0,,39.01,96.28,26.21,,,21.02,25.18,17.15,88.96,65.62,0.0,-3.61,0.84,7695.21,,57.47,71.78,41.21,59.4,23.7,77.77,6.36,8940.0,140676.0,73.21,Boa,0,0,0
2024-07-22,7,204,Bangu,XVII,XVII — Bangu,-22.8804,-43.4651,44.21,76.0,,47.52,96.7,17.18,,,21.7,28.7,16.35,86.46,51.55,0.0,4.67,0.08,7742.48,,57.47,71.78,41.21,59.4,23.7,77.77,6.36,8940.0,140676.0,73.21,Boa,0,0,0
2024-07-23,7,205,Bangu,XVII,XVII — Bangu,-22.8804,-43.4651,59.67,102.0,,58.66,113.28,20.92,,,21.17,26.67,18.07,89.21,63.28,0.0,9.04,0.26,7794.42,,57.47,71.78,41.21,59.4,23.7,77.77,6.36,8940.0,140676.0,73.21,Boa,0,1,0
2024-07-24,7,206,Bangu,XVII,XVII — Bangu,-22.8804,-43.4651,62.29,91.0,,49.19,109.15,31.7,,,22.22,28.32,17.42,82.61,42.77,0.0,-0.47,1.32,7855.4,,57.47,71.78,41.21,59.4,23.7,77.77,6.36,8940.0,140676.0,73.21,Boa,0,0,0
2024-07-25,7,207,Bangu,XVII,XVII — Bangu,-22.8804,-43.4651,58.73,124.0,,50.53,88.63,25.8,,,23.82,31.2,17.35,76.43,39.32,0.0,1.58,1.08,7915.91,,57.47,71.78,41.21,59.4,23.7,77.77,6.36,8940.0,140676.0,73.21,Boa,0,1,0
2024-07-26,7,208,Bangu,XVII,XVII — Bangu,-22.8804,-43.4651,65.46,150.0,,41.06,104.17,32.08,,,24.38,32.15,17.92,71.46,35.37,0.0,14.42,0.33,7978.0,,57.47,71.78,41.21,59.4,23.7,77.77,6.36,8940.0,140676.0,73.21,Boa,0,1,0
2024-07-27,7,209,Bangu,XVII,XVII — Bangu,-22.8804,-43.4651,87.58,150.0,,48.89,160.72,49.38,,,24.48,31.62,18.83,72.02,41.53,0.0,8.98,0.56,8054.52,,57.47,71.78,41.21,59.4,23.7,77.77,6.36,8940.0,140676.0,73.21,Boa,0,1,0
2024-07-28,7,210,Bangu,XVII,XVII — Bangu,-22.8804,-43.4651,83.42,144.0,,56.66,125.16,33.86,,,25.5,34.75,19.18,78.91,35.8,0.0,-17.56,-1.14,8140.02,,57.47,71.78,41.21,59.4,23.7,77.77,6.36,8940.0,140676.0,73.21,Boa,0,1,0
2024-07-29,7,211,Bangu,XVII,XVII — Bangu,-22.8804,-43.4651,52.46,70.0,,68.84,96.46,12.25,,,22.19,25.87,19.67,95.98,82.12,0.0,-30.8,-2.73,8207.96,,57.47,71.78,41.21,59.4,23.7,77.77,6.36,8940.0,140676.0,73.21,Boa,0,0,0
2024-07-30,7,212,Bangu,XVII,XVII — Bangu,-22.8804,-43.4651,21.83,45.0,,50.35,78.92,14.78,,,20.03,21.92,18.18,98.42,98.37,8.2,-12.88,-0.4,8245.11,,57.47,71.78,41.21,59.4,23.7,77.77,6.36,8940.0,140676.0,73.21,Boa,0,0,0
2024-07-31,7,213,Bangu,XVII,XVII — Bangu,-22.8804,-43.4651,26.71,44.0,,38.78,57.46,17.0,,,21.39,24.5,18.5,94.51,78.25,0.0,2.92,1.38,8269.38,,57.47,71.78,41.21,59.4,23.7,77.77,6.36,8940.0,140676.0,73.21,Boa,0,0,0
2024-08-01,8,214,Bangu,XVII,XVII — Bangu,-22.8804,-43.4651,27.67,47.0,,44.98,71.68,15.59,,,22.78,27.1,19.73,85.06,65.13,0.0,5.56,0.84,8296.57,,57.47,71.78,41.21,59.4,23.7,77.77,6.36,8940.0,140676.0,64.39,Regular,0,0,0
2024-08-02,8,215,Bangu,XVII,XVII — Bangu,-22.8804,-43.4651,37.83,59.0,,42.79,89.21,24.25,,,23.07,28.07,18.33,80.72,50.33,0.0,2.62,0.6,8329.32,,57.47,71.78,41.21,59.4,23.7,77.77,6.36,8940.0,140676.0,64.39,Regular,0,0,0
2024-08-03,8,216,Bangu,XVII,XVII — Bangu,-22.8804,-43.4651,32.91,70.0,,41.36,94.32,19.79,,,23.99,29.37,17.9,85.07,57.12,0.0,-2.82,1.55,8364.69,,57.47,71.78,41.21,59.4,23.7,77.77,6.36,8940.0,140676.0,64.39,Regular,0,0,0
2024-08-04,8,217,Bangu,XVII,XVII — Bangu,-22.8804,-43.4651,32.18,70.0,,31.21,84.61,22.36,,,26.18,32.6,20.68,79.54,52.32,0.0,6.03,1.37,8397.24,,57.47,71.78,41.21,59.4,23.7,77.77,6.36,8940.0,140676.0,64.39,Regular,0,0,0
2024-08-05,8,218,Bangu,XVII,XVII — Bangu,-22.8804,-43.4651,44.96,100.0,,35.61,96.12,25.76,,,26.72,34.6,19.88,75.18,38.5,0.0,8.2,0.48,8435.81,,57.47,71.78,41.21,59.4,23.7,77.77,6.36,8940.0,140676.0,64.39,Regular,0,1,0
2024-08-06,8,219,Bangu,XVII,XVII — Bangu,-22.8804,-43.4651,48.58,95.0,,38.3,95.97,31.03,,,27.15,33.73,20.88,68.84,35.82,0.0,3.9,0.65,8482.58,,57.47,71.78,41.21,59.4,23.7,77.77,6.36,8940.0,140676.0,64.39,Regular,0,0,0
2024-08-07,8,220,Bangu,XVII,XVII — Bangu,-22.8804,-43.4651,52.76,104.0,,32.03,82.14,32.19,,,28.02,34.42,20.85,56.55,31.78,0.0,8.81,-0.14,8533.25,,57.47,71.78,41.21,59.4,23.7,77.77,6.36,8940.0,140676.0,64.39,Regular,0,1,0
2024-08-08,8,221,Bangu,XVII,XVII — Bangu,-22.8804,-43.4651,66.21,124.0,,38.08,85.78,26.3,,,26.86,34.45,21.43,65.89,33.9,0.0,-2.57,-1.92,8592.73,,57.47,71.78,41.21,59.4,23.7,77.77,6.36,8940.0,140676.0,64.39,Regular,0,1,0
2024-08-09,8,222,Bangu,XVII,XVII — Bangu,-22.8804,-43.4651,47.62,70.0,,57.58,87.46,10.94,,,24.17,30.17,21.08,85.78,51.95,2.4,-26.16,-4.76,8649.65,,57.47,71.78,41.21,59.4,23.7,77.77,6.36,8940.0,140676.0,64.39,Regular,0,0,0
2024-08-10,8,223,Bangu,XVII,XVII — Bangu,-22.8804,-43.4651,13.88,32.0,,49.91,61.52,7.19,,,17.34,20.62,15.78,98.34,98.28,41.8,-4.56,-2.85,8680.4,,57.47,71.78,41.21,59.4,23.7,77.77,6.36,8940.0,140676.0,64.39,Regular,0,0,0
2024-08-11,8,224,Bangu,XVII,XVII — Bangu,-22.8804,-43.4651,38.5,87.0,,33.85,81.37,18.07,,,18.47,24.13,13.75,86.33,59.78,0.0,10.18,1.2,8706.59,,57.47,71.78,41.21,59.4,23.7,77.77,6.36,8940.0,140676.0,64.39,Regular,0,0,0
2024-08-12,8,225,Bangu,XVII,XVII — Bangu,-22.8804,-43.4651,34.24,88.0,,53.71,80.38,8.38,,,19.75,23.58,16.0,75.66,53.78,0.0,-0.48,-0.43,8742.96,,57.47,71.78,41.21,59.4,23.7,77.77,6.36,8940.0,140676.0,64.39,Regular,0,0,0
2024-08-13,8,226,Bangu,XVII,XVII — Bangu,-22.8804,-43.4651,37.54,73.0,,51.96,80.5,11.96,,,17.61,21.85,12.83,77.37,61.72,0.0,8.25,-0.13,8778.85,,57.47,71.78,41.21,59.4,23.7,77.77,6.36,8940.0,140676.0,64.39,Regular,0,0,0
2024-08-14,8,227,Bangu,XVII,XVII — Bangu,-22.8804,-43.4651,50.75,78.0,,44.98,114.33,26.6,,,19.49,26.15,12.98,81.33,53.4,0.0,13.6,2.39,8822.99,,57.47,71.78,41.21,59.4,23.7,77.77,6.36,8940.0,140676.0,64.39,Regular,0,0,0
2024-08-15,8,228,Bangu,XVII,XVII — Bangu,-22.8804,-43.4651,64.75,117.0,,49.36,152.81,31.69,,,22.39,30.17,16.35,85.45,52.2,0.0,15.56,2.66,8880.74,,57.47,71.78,41.21,59.4,23.7,77.77,6.36,8940.0,140676.0,64.39,Regular,0,1,0
2024-08-16,8,229,Bangu,XVII,XVII — Bangu,-22.8804,-43.4651,81.88,137.0,,58.27,183.16,37.71,,,24.81,34.58,18.32,83.31,42.55,0.0,9.54,1.59,8954.06,,57.47,71.78,41.21,59.4,23.7,77.77,6.36,8940.0,140676.0,64.39,Regular,0,1,0
2024-08-17,8,230,Bangu,XVII,XVII — Bangu,-22.8804,-43.4651,83.83,139.0,,58.32,215.05,42.13,,,25.57,33.9,18.75,72.95,34.63,0.0,2.16,0.81,9036.91,,57.47,71.78,41.21,59.4,23.7,77.77,6.36,8940.0,140676.0,64.39,Regular,0,1,0
2024-08-18,8,231,Bangu,XVII,XVII — Bangu,-22.8804,-43.4651,86.21,151.0,,72.62,201.09,45.69,,,26.42,34.58,19.0,70.37,37.27,0.0,-5.81,0.94,9121.93,,57.47,71.78,41.21,59.4,23.7,77.77,6.36,8940.0,140676.0,64.39,Regular,0,1,0
2024-08-19,8,232,Bangu,XVII,XVII — Bangu,-22.8804,-43.4651,72.21,115.0,,42.48,119.44,40.9,,,27.45,35.38,20.0,66.14,28.92,0.0,-10.1,-0.52,9201.14,,57.47,71.78,41.21,59.4,23.7,77.77,6.36,8940.0,140676.0,64.39,Regular,0,1,0
2024-08-20,8,233,Bangu,XVII,XVII — Bangu,-22.8804,-43.4651,66.0,92.0,,73.43,112.74,14.05,,,25.39,29.43,21.52,73.5,49.03,0.0,-4.56,-1.58,9270.25,,57.47,71.78,41.21,59.4,23.7,77.77,6.36,8940.0,140676.0,64.39,Regular,0,0,0
2024-08-21,8,234,Bangu,XVII,XVII — Bangu,-22.8804,-43.4651,63.09,94.0,,82.56,123.41,17.51,,,24.29,28.58,21.53,86.42,61.05,0.0,-3.44,1.16,9334.79,,57.47,71.78,41.21,59.4,23.7,77.77,6.36,8940.0,140676.0,64.39,Regular,0,0,0
2024-08-22,8,235,Bangu,XVII,XVII — Bangu,-22.8804,-43.4651,59.12,98.0,,62.86,170.16,27.42,,,27.72,35.73,19.75,67.99,34.93,0.0,2.39,2.85,9395.9,,57.47,71.78,41.21,59.4,23.7,77.77,6.36,8940.0,140676.0,64.39,Regular,0,1,0
2024-08-23,8,236,Bangu,XVII,XVII — Bangu,-22.8804,-43.4651,67.88,175.0,,60.22,121.68,25.71,,,29.98,37.48,22.85,53.38,28.63,0.0,-6.6,-1.67,9459.4,,57.47,71.78,41.21,59.4,23.7,77.77,6.36,8940.0,140676.0,64.39,Regular,0,1,0
2024-08-24,8,237,Bangu,XVII,XVII — Bangu,-22.8804,-43.4651,45.92,83.0,,74.69,97.66,7.83,,,24.38,29.82,21.43,91.94,67.73,5.0,-26.89,-5.46,9516.3,,57.47,71.78,41.21,59.4,23.7,77.77,6.36,8940.0,140676.0,64.39,Regular,0,0,0
2024-08-25,8,238,Bangu,XVII,XVII — Bangu,-22.8804,-43.4651,14.09,60.0,,47.53,60.29,5.33,,,19.07,21.65,16.1,98.43,98.33,9.0,-13.73,-4.01,9546.3,,57.47,71.78,41.21,59.4,23.7,77.77,6.36,8940.0,140676.0,64.39,Regular,0,0,0
2024-08-26,8,239,Bangu,XVII,XVII — Bangu,-22.8804,-43.4651,18.46,53.0,,39.54,59.83,14.52,,,16.36,17.75,14.63,94.45,84.53,9.6,7.1,-0.32,9562.58,,57.47,71.78,41.21,59.4,23.7,77.77,6.36,8940.0,140676.0,64.39,Regular,0,0,0
2024-08-27,8,240,Bangu,XVII,XVII — Bangu,-22.8804,-43.4651,28.29,55.0,,43.79,86.37,17.61,,,18.42,23.55,13.18,78.97,44.45,0.0,6.36,2.28,9585.95,,57.47,71.78,41.21,59.4,23.7,77.77,6.36,8940.0,140676.0,64.39,Regular,0,0,0
2024-08-28,8,241,Bangu,XVII,XVII — Bangu,-22.8804,-43.4651,31.17,69.0,,46.08,91.93,20.8,,,20.93,25.8,15.63,82.05,60.0,0.0,5.73,2.05,9615.68,,57.47,71.78,41.21,59.4,23.7,77.77,6.36,8940.0,140676.0,64.39,Regular,0,0,0
2024-08-29,8,242,Bangu,XVII,XVII — Bangu,-22.8804,-43.4651,39.75,69.0,,49.21,122.75,27.81,,,22.53,28.0,16.6,82.33,58.35,0.0,11.28,1.6,9651.14,,57.47,71.78,41.21,59.4,23.7,77.77,6.36,8940.0,140676.0,64.39,Regular,0,0,0
2024-08-30,8,243,Bangu,XVII,XVII — Bangu,-22.8804,-43.4651,53.73,98.0,,44.41,125.99,32.79,,,24.12,33.22,17.45,79.94,41.87,0.0,10.46,0.11,9697.88,,57.47,71.78,41.21,59.4,23.7,77.77,6.36,8940.0,140676.0,64.39,Regular,0,1,0
2024-08-31,8,244,Bangu,XVII,XVII — Bangu,-22.8804,-43.4651,60.67,97.0,,47.56,94.01,23.23,,,22.75,28.32,18.45,92.88,68.5,0.0,1.49,1.29,9755.08,,57.47,71.78,41.21,59.4,23.7,77.77,6.36,8940.0,140676.0,64.39,Regular,0,1,0
2024-09-01,9,245,Bangu,XVII,XVII — Bangu,-22.8804,-43.4651,56.71,82.0,,78.72,196.11,24.82,,,26.7,33.25,21.57,75.96,49.58,0.0,-0.64,0.65,9813.77,,57.47,71.78,41.21,59.4,23.7,77.77,6.36,8940.0,140676.0,58.52,Regular,0,0,0
2024-09-02,9,246,Bangu,XVII,XVII — Bangu,-22.8804,-43.4651,59.38,122.0,,63.65,104.36,16.03,,,24.05,27.28,21.77,85.29,49.77,0.0,0.6,-1.41,9871.82,,57.47,71.78,41.21,59.4,23.7,77.77,6.36,8940.0,140676.0,58.52,Regular,0,1,0
2024-09-03,9,247,Bangu,XVII,XVII — Bangu,-22.8804,-43.4651,57.91,80.0,,46.5,85.94,26.85,,,23.87,27.03,21.9,92.55,75.7,0.0,0.99,0.8,9930.46,,57.47,71.78,41.21,59.4,23.7,77.77,6.36,8940.0,140676.0,58.52,Regular,0,0,0
2024-09-04,9,248,Bangu,XVII,XVII — Bangu,-22.8804,-43.4651,61.37,97.0,,53.37,135.64,38.23,,,25.65,31.1,21.07,86.73,56.87,0.0,2.76,0.12,9990.1,,57.47,71.78,41.21,59.4,23.7,77.77,6.36,8940.0,140676.0,58.52,Regular,0,1,0
2024-09-05,9,249,Bangu,XVII,XVII — Bangu,-22.8804,-43.4651,63.42,147.0,,59.62,100.94,19.79,,,24.11,29.67,21.63,93.61,75.22,0.0,-17.49,-1.72,10052.5,,57.47,71.78,41.21,59.4,23.7,77.77,6.36,8940.0,140676.0,58.52,Regular,0,1,0
2024-09-06,9,250,Bangu,XVII,XVII — Bangu,-22.8804,-43.4651,26.38,45.0,,47.28,77.94,18.48,,,22.21,23.3,21.43,98.58,98.53,2.2,0.12,0.56,10097.4,,57.47,71.78,41.21,59.4,23.7,77.77,6.36,8940.0,140676.0,58.52,Regular,0,0,0
2024-09-07,9,251,Bangu,XVII,XVII — Bangu,-22.8804,-43.4651,63.67,92.0,,43.6,125.71,33.79,,,25.23,31.43,21.3,92.16,68.77,0.0,25.04,2.19,10142.42,,57.47,71.78,41.21,59.4,23.7,77.77,6.36,8940.0,140676.0,58.52,Regular,0,0,0
2024-09-08,9,252,Bangu,XVII,XVII — Bangu,-22.8804,-43.4651,76.46,109.0,,45.54,139.72,37.22,,,26.59,33.68,21.68,88.04,59.02,0.0,0.69,1.25,10212.49,,57.47,71.78,41.21,59.4,23.7,77.77,6.36,8940.0,140676.0,58.52,Regular,0,1,0
2024-09-09,9,253,Bangu,XVII,XVII — Bangu,-22.8804,-43.4651,65.04,156.0,,51.74,158.76,36.47,,,27.74,35.13,22.42,79.92,42.27,0.0,-3.25,0.82,10283.24,,57.47,71.78,41.21,59.4,23.7,77.77,6.36,8940.0,140676.0,58.52,Regular,0,1,0
2024-09-10,9,254,Bangu,XVII,XVII — Bangu,-22.8804,-43.4651,69.96,119.0,,54.47,185.1,41.11,,,28.24,36.62,21.27,74.59,35.05,0.0,4.44,1.4,10350.74,,57.47,71.78,41.21,59.4,23.7,77.77,6.36,8940.0,140676.0,58.52,Regular,0,1,0
2024-09-11,9,255,Bangu,XVII,XVII — Bangu,-22.8804,-43.4651,73.92,114.0,,63.24,166.85,40.19,,,30.53,38.78,22.42,56.7,23.02,0.0,-0.33,1.82,10422.68,,57.47,71.78,41.21,59.4,23.7,77.77,6.36,8940.0,140676.0,58.52,Regular,0,1,0
2024-09-12,9,256,Bangu,XVII,XVII — Bangu,-22.8804,-43.4651,69.29,115.0,,64.71,147.22,38.22,,,31.87,38.68,24.72,43.97,22.9,0.0,0.27,-0.28,10494.28,,57.47,71.78,41.21,59.4,23.7,77.77,6.36,8940.0,140676.0,58.52,Regular,0,1,0
2024-09-13,9,257,Bangu,XVII,XVII — Bangu,-22.8804,-43.4651,74.45500000000001,,,68.06,,,,,29.97,,,52.864999999999995,,0.0,5.16,-1.9,10566.15,,57.47,71.78,41.21,59.4,23.7,77.77,6.36,8940.0,140676.0,58.52,Regular,1,0,1
2024-09-14,9,258,Bangu,XVII,XVII — Bangu,-22.8804,-43.4651,79.62,159.0,,71.41,110.36,19.99,,,28.07,34.87,24.25,61.76,33.9,0.0,-10.37,-2.8,10643.19,,57.47,71.78,41.21,59.4,23.7,77.77,6.36,8940.0,140676.0,58.52,Regular,0,1,0
2024-09-15,9,259,Bangu,XVII,XVII — Bangu,-22.8804,-43.4651,53.71,66.0,,76.7,93.63,12.21,,,24.37,26.57,23.02,94.82,83.88,0.0,-13.98,-2.33,10709.86,,57.47,71.78,41.21,59.4,23.7,77.77,6.36,8940.0,140676.0,58.52,Regular,0,0,0
2024-09-16,9,260,Bangu,XVII,XVII — Bangu,-22.8804,-43.4651,51.67,112.0,,60.98,83.62,13.64,,,23.41,27.77,20.85,96.56,78.77,0.8,-19.42,-1.91,10762.55,,57.47,71.78,41.21,59.4,23.7,77.77,6.36,8940.0,140676.0,58.52,Regular,0,1,0
2024-09-17,9,261,Bangu,XVII,XVII — Bangu,-22.8804,-43.4651,14.88,37.0,,56.0,71.94,18.34,,,20.55,21.93,19.35,92.245,,4.8,-13.94,-0.52,10795.82,,57.47,71.78,41.21,59.4,23.7,77.77,6.36,8940.0,140676.0,58.52,Regular,0,0,1
2024-09-18,9,262,Bangu,XVII,XVII — Bangu,-22.8804,-43.4651,23.79,39.0,,57.51,91.53,16.57,,,22.38,26.12,19.42,87.93,72.2,2.0,11.04,1.98,10815.16,,57.47,71.78,41.21,59.4,23.7,77.77,6.36,8940.0,140676.0,58.52,Regular,0,0,0
2024-09-19,9,263,Bangu,XVII,XVII — Bangu,-22.8804,-43.4651,36.95,56.0,,58.33,117.16,24.86,,,24.51,30.25,20.08,83.03,59.28,0.0,12.55,2.38,10845.53,,57.47,71.78,41.21,59.4,23.7,77.77,6.36,8940.0,140676.0,58.52,Regular,0,0,0
2024-09-20,9,264,Bangu,XVII,XVII — Bangu,-22.8804,-43.4651,48.88,82.0,,53.53,125.51,28.4,,,27.13,33.38,22.03,80.94,54.53,0.0,5.88,0.85,10888.44,,57.47,71.78,41.21,59.4,23.7,77.77,6.36,8940.0,140676.0,58.52,Regular,0,0,0
2024-09-21,9,265,Bangu,XVII,XVII — Bangu,-22.8804,-43.4651,48.71,74.0,,72.88,105.11,15.94,,,26.22,32.92,23.4,90.04,60.42,0.0,-6.25,-0.29,10937.24,,57.47,71.78,41.21,59.4,23.7,77.77,6.36,8940.0,140676.0,58.52,Regular,0,0,0
2024-09-22,9,266,Bangu,XVII,XVII — Bangu,-22.8804,-43.4651,36.38,58.0,,72.18,111.91,15.27,,,26.54,32.2,23.3,87.27,59.27,0.2,0.02,0.63,10979.78,,57.47,71.78,41.21,59.4,23.7,77.77,6.36,8940.0,140676.0,58.52,Regular,0,0,0
2024-09-23,9,267,Bangu,XVII,XVII — Bangu,-22.8804,-43.4651,48.75,70.0,,74.04,209.84,21.44,,,27.49,35.73,22.38,83.61,48.87,0.0,9.93,0.2,11022.35,,57.47,71.78,41.21,59.4,23.7,77.77,6.36,8940.0,140676.0,58.52,Regular,0,0,0
2024-09-24,9,268,Bangu,XVII,XVII — Bangu,-22.8804,-43.4651,56.25,110.0,,66.85,173.29,22.34,,,26.94,34.55,22.98,87.6,55.47,0.0,7.4,0.72,11074.85,,57.47,71.78,41.21,59.4,23.7,77.77,6.36,8940.0,140676.0,58.52,Regular,0,1,0
2024-09-25,9,269,Bangu,XVII,XVII — Bangu,-22.8804,-43.4651,63.54,111.0,,73.66,187.12,27.2,,,28.93,37.03,23.15,77.44,41.85,0.0,1.68,0.97,11134.74,,57.47,71.78,41.21,59.4,23.7,77.77,6.36,8940.0,140676.0,58.52,Regular,0,1,0
2024-09-26,9,270,Bangu,XVII,XVII — Bangu,-22.8804,-43.4651,59.62,80.0,,54.98,122.73,26.86,,,28.88,37.72,23.67,79.81,38.0,0.0,-8.0,-1.46,11196.32,,57.47,71.78,41.21,59.4,23.7,77.77,6.36,8940.0,140676.0,58.52,Regular,0,0,0
2024-09-27,9,271,Bangu,XVII,XVII — Bangu,-22.8804,-43.4651,47.54,72.0,,79.01,161.05,14.2,,,26.01,32.58,22.05,92.15,64.82,0.0,-18.9,-3.26,11249.9,,57.47,71.78,41.21,59.4,23.7,77.77,6.36,8940.0,140676.0,58.52,Regular,0,0,0
2024-09-28,9,272,Bangu,XVII,XVII — Bangu,-22.8804,-43.4651,21.83,46.0,,65.36,78.0,8.99,,,22.35,22.95,21.47,97.8,90.67,1.4,-7.98,-0.79,11284.59,,57.47,71.78,41.21,59.4,23.7,77.77,6.36,8940.0,140676.0,58.52,Regular,0,0,0
2024-09-29,9,273,Bangu,XVII,XVII — Bangu,-22.8804,-43.4651,31.58,53.0,,66.28,109.16,14.78,,,24.43,28.87,21.27,85.09,63.6,0.0,9.71,2.11,11311.29,,57.47,71.78,41.21,59.4,23.7,77.77,6.36,8940.0,140676.0,58.52,Regular,0,0,0
2024-09-30,9,274,Bangu,XVII,XVII — Bangu,-22.8804,-43.4651,41.25,66.0,,68.02,130.82,23.67,,,26.58,33.25,21.07,78.64,50.5,0.0,3.92,3.37,11347.71,,57.47,71.78,41.21,59.4,23.7,77.77,6.36,8940.0,140676.0,58.52,Regular,0,0,0
2024-10-01,10,275,Bangu,XVII,XVII — Bangu,-22.8804,-43.4651,39.42,76.0,,73.35,145.74,22.8,,,31.17,38.9,23.88,57.69,25.08,0.0,6.84,1.17,11388.04,,57.47,71.78,41.21,59.4,23.7,77.77,6.36,8940.0,140676.0,76.41,Boa,0,0,0
2024-10-02,10,276,Bangu,XVII,XVII — Bangu,-22.8804,-43.4651,54.92,92.0,,73.09,130.55,18.47,,,28.91,38.18,24.68,68.44,32.67,0.0,-0.62,-3.01,11435.21,,57.47,71.78,41.21,59.4,23.7,77.77,6.36,8940.0,140676.0,76.41,Boa,0,0,0
2024-10-03,10,277,Bangu,XVII,XVII — Bangu,-22.8804,-43.4651,38.17,57.0,,77.92,94.49,11.81,,,25.16,27.05,22.92,96.54,87.18,0.8,-21.78,-3.86,11481.76,,57.47,71.78,41.21,59.4,23.7,77.77,6.36,8940.0,140676.0,76.41,Boa,0,0,0
2024-10-04,10,278,Bangu,XVII,XVII — Bangu,-22.8804,-43.4651,11.36,33.0,,54.01,65.69,13.58,,,21.18,23.12,20.13,98.54,98.5,10.0,-9.55,-1.56,11506.52,,57.47,71.78,41.21,59.4,23.7,77.77,6.36,8940.0,140676.0,76.41,Boa,0,0,0
2024-10-05,10,279,Bangu,XVII,XVII — Bangu,-22.8804,-43.4651,19.08,31.0,,49.93,72.06,13.42,,,22.04,25.67,19.4,89.48,74.63,0.6,2.54,1.16,11521.74,,57.47,71.78,41.21,59.4,23.7,77.77,6.36,8940.0,140676.0,76.41,Boa,0,0,0
2024-10-06,10,280,Bangu,XVII,XVII — Bangu,-22.8804,-43.4651,16.43,39.0,,64.22,98.74,10.24,,,23.5,28.07,20.13,72.49,58.77,0.0,4.14,1.2,11539.5,,57.47,71.78,41.21,59.4,23.7,77.77,6.36,8940.0,140676.0,76.41,Boa,0,0,0
2024-10-07,10,281,Bangu,XVII,XVII — Bangu,-22.8804,-43.4651,27.35,87.0,,74.39,149.71,14.28,,,24.43,28.6,20.98,68.94,55.32,0.0,9.07,0.62,11561.39,,57.47,71.78,41.21,59.4,23.7,77.77,6.36,8940.0,140676.0,76.41,Boa,0,0,0
2024-10-08,10,282,Bangu,XVII,XVII — Bangu,-22.8804,-43.4651,34.57,69.0,,67.82,115.39,19.29,,,24.75,29.85,21.12,79.55,60.78,0.0,0.3,-0.44,11592.34,,57.47,71.78,41.21,59.4,23.7,77.77,6.36,8940.0,140676.0,76.41,Boa,0,0,0
2024-10-09,10,283,Bangu,XVII,XVII — Bangu,-22.8804,-43.4651,27.96,48.0,,49.37,74.71,15.98,,,23.56,26.57,21.6,97.81,93.35,4.6,-7.7,-0.97,11623.61,,57.47,71.78,41.21,59.4,23.7,77.77,6.36,8940.0,140676.0,76.41,Boa,0,0,0
2024-10-10,10,284,Bangu,XVII,XVII — Bangu,-22.8804,-43.4651,19.17,36.0,,34.18,47.27,21.35,,,22.8,24.25,21.58,98.58,98.52,3.8,-3.04,1.23,11647.18,,57.47,71.78,41.21,59.4,23.7,77.77,6.36,8940.0,140676.0,76.41,Boa,0,0,0
2024-10-11,10,285,Bangu,XVII,XVII — Bangu,-22.8804,-43.4651,21.88,63.0,,42.8,89.96,25.94,,,26.02,30.62,21.85,89.13,72.43,0.0,0.25,2.35,11667.7,,57.47,71.78,41.21,59.4,23.7,77.77,6.36,8940.0,140676.0,76.41,Boa,0,0,0
2024-10-12,10,286,Bangu,XVII,XVII — Bangu,-22.8804,-43.4651,19.67,41.0,,82.39,105.74,7.3,,,27.5,33.5,23.48,82.72,61.68,0.4,-2.44,-0.83,11688.48,,57.47,71.78,41.21,59.4,23.7,77.77,6.36,8940.0,140676.0,76.41,Boa,0,0,0
2024-10-13,10,287,Bangu,XVII,XVII — Bangu,-22.8804,-43.4651,17.0,28.0,,62.88,74.49,5.7,,,24.36,27.28,22.08,94.01,80.88,0.0,8.44,-1.85,11706.81,,57.47,71.78,41.21,59.4,23.7,77.77,6.36,8940.0,140676.0,76.41,Boa,0,0,0
2024-10-14,10,288,Bangu,XVII,XVII — Bangu,-22.8804,-43.4651,36.55,81.0,,64.22,94.78,7.39,,,23.8,26.88,21.72,86.6,70.7,0.0,11.16,0.28,11733.58,,57.47,71.78,41.21,59.4,23.7,77.77,6.36,8940.0,140676.0,76.41,Boa,0,0,0
2024-10-15,10,289,Bangu,XVII,XVII — Bangu,-22.8804,-43.4651,39.33,67.0,,67.53,114.84,15.84,,,24.91,29.4,21.53,74.1,55.93,0.0,4.52,0.94,11771.52,,57.47,71.78,41.21,59.4,23.7,77.77,6.36,8940.0,140676.0,76.41,Boa,0,0,0
2024-10-16,10,290,Bangu,XVII,XVII — Bangu,-22.8804,-43.4651,45.58,88.0,,72.33,137.32,22.61,,,25.67,34.47,21.02,78.88,49.7,0.0,-1.04,0.03,11813.98,,57.47,71.78,41.21,59.4,23.7,77.77,6.36,8940.0,140676.0,76.41,Boa,0,0,0
2024-10-17,10,291,Bangu,XVII,XVII — Bangu,-22.8804,-43.4651,37.25,78.0,,79.76,99.4,,,,24.97,29.15,22.13,87.82,68.22,0.0,-2.5,-0.56,11855.4,,57.47,71.78,41.21,59.4,23.7,77.77,6.36,8940.0,140676.0,76.41,Boa,0,0,0
2024-10-18,10,292,Bangu,XVII,XVII — Bangu,-22.8804,-43.4651,40.58,71.0,,74.09,153.94,17.41,,,24.56,28.83,22.08,93.28,79.53,0.0,-9.09,-1.38,11894.31,,57.47,71.78,41.21,59.4,23.7,77.77,6.36,8940.0,140676.0,76.41,Boa,0,0,0
2024-10-19,10,293,Bangu,XVII,XVII — Bangu,-22.8804,-43.4651,19.08,33.0,,60.63,86.85,16.87,,,22.21,23.9,19.72,98.57,98.48,0.0,-15.16,-1.62,11924.14,,57.47,71.78,41.21,59.4,23.7,77.77,6.36,8940.0,140676.0,76.41,Boa,0,0,0
2024-10-20,10,294,Bangu,XVII,XVII — Bangu,-22.8804,-43.4651,10.25,26.0,,45.55,68.47,23.03,,,21.33,22.82,19.55,98.56,98.5,0.0,0.86,0.94,11938.81,,57.47,71.78,41.21,59.4,23.7,77.77,6.36,8940.0,140676.0,76.41,Boa,0,0,0
2024-10-21,10,295,Bangu,XVII,XVII — Bangu,-22.8804,-43.4651,20.79,42.0,,40.08,75.36,21.44,,,24.09,26.43,21.42,98.61,98.58,0.0,10.64,3.23,11954.33,,57.47,71.78,41.21,59.4,23.7,77.77,6.36,8940.0,140676.0,76.41,Boa,0,0,0
2024-10-22,10,296,Bangu,XVII,XVII — Bangu,-22.8804,-43.4651,31.52,52.0,,59.44,145.06,22.29,,,27.78,34.67,21.78,87.09,61.48,0.0,6.05,2.13,11980.48,,57.47,71.78,41.21,59.4,23.7,77.77,6.36,8940.0,140676.0,76.41,Boa,0,0,0
2024-10-23,10,297,Bangu,XVII,XVII — Bangu,-22.8804,-43.4651,32.88,46.0,,50.33,105.91,20.48,,,28.35,34.18,24.68,86.39,61.95,0.0,-0.79,-0.61,12012.68,,57.47,71.78,41.21,59.4,23.7,77.77,6.36,8940.0,140676.0,76.41,Boa,0,0,0
2024-10-24,10,298,Bangu,XVII,XVII — Bangu,-22.8804,-43.4651,29.95,59.0,,67.66,142.1,18.49,,,26.57,36.72,23.33,92.1,54.33,0.0,-2.25,-0.23,12044.1,,57.47,71.78,41.21,59.4,23.7,77.77,6.36,8940.0,140676.0,76.41,Boa,0,0,0
2024-10-25,10,299,Bangu,XVII,XVII — Bangu,-22.8804,-43.4651,28.39,,,77.07,,,,,27.880000000000003,,,87.44999999999999,,0.0,-1.56,1.31,12073.27,,57.47,71.78,41.21,59.4,23.7,77.77,6.36,8940.0,140676.0,76.41,Boa,1,0,1
2024-10-26,10,300,Bangu,XVII,XVII — Bangu,-22.8804,-43.4651,26.83,47.0,,86.48,174.63,13.73,,,29.19,37.83,23.92,82.8,50.82,0.0,-4.18,-2.4,12100.88,,57.47,71.78,41.21,59.4,23.7,77.77,6.36,8940.0,140676.0,76.41,Boa,0,0,0
2024-10-27,10,301,Bangu,XVII,XVII — Bangu,-22.8804,-43.4651,20.04,57.0,,67.14,92.87,9.28,,,23.08,24.88,21.3,97.27,91.73,0.0,0.53,-3.25,12124.31,,57.47,71.78,41.21,59.4,23.7,77.77,6.36,8940.0,140676.0,76.41,Boa,0,0,0
2024-10-28,10,302,Bangu,XVII,XVII — Bangu,-22.8804,-43.4651,27.88,49.0,,32.35,53.47,21.02,,,22.7,23.7,22.02,98.59,98.55,0.0,2.67,0.36,12148.27,,57.47,71.78,41.21,59.4,23.7,77.77,6.36,8940.0,140676.0,76.41,Boa,0,0,0
2024-10-29,10,303,Bangu,XVII,XVII — Bangu,-22.8804,-43.4651,25.38,51.0,,35.77,63.99,22.89,,,23.79,26.8,21.53,98.03,92.18,0.0,-2.35,0.93,12174.9,,57.47,71.78,41.21,59.4,23.7,77.77,6.36,8940.0,140676.0,76.41,Boa,0,0,0
2024-10-30,10,304,Bangu,XVII,XVII — Bangu,-22.8804,-43.4651,23.17,,,44.64,,,,,24.56,,,91.2,,0.0,-2.21,0.77,12199.18,,57.47,71.78,41.21,59.4,23.7,77.77,6.36,8940.0,140676.0,76.41,Boa,1,0,1
2024-10-31,10,305,Bangu,XVII,XVII — Bangu,-22.8804,-43.4651,20.96,51.0,,53.51,104.09,9.47,,,25.33,29.02,21.48,84.37,64.35,0.0,0.44,0.99,12221.24,,57.47,71.78,41.21,59.4,23.7,77.77,6.36,8940.0,140676.0,76.41,Boa,0,0,0
2024-11-01,11,306,Bangu,XVII,XVII — Bangu,-22.8804,-43.4651,24.05,42.0,,61.21,135.62,13.65,,,26.53,30.92,21.58,85.1,62.6,0.0,-0.2,1.12,12243.75,,57.47,71.78,41.21,59.4,23.7,77.77,6.36,8940.0,140676.0,77.25,Boa,0,0,0
2024-11-02,11,307,Bangu,XVII,XVII — Bangu,-22.8804,-43.4651,20.57,45.0,,63.63,141.91,13.93,,,27.57,31.85,23.23,85.79,67.62,0.0,-2.44,0.59,12266.06,,57.47,71.78,41.21,59.4,23.7,77.77,6.36,8940.0,140676.0,77.25,Boa,0,0,0
2024-11-03,11,308,Bangu,XVII,XVII — Bangu,-22.8804,-43.4651,19.18,32.0,,56.42,118.65,13.76,,,27.72,31.98,24.42,86.9,66.45,0.0,0.98,-0.58,12285.93,,57.47,71.78,41.21,59.4,23.7,77.77,6.36,8940.0,140676.0,77.25,Boa,0,0,0
2024-11-04,11,309,Bangu,XVII,XVII — Bangu,-22.8804,-43.4651,22.53,43.0,,34.81,79.56,20.36,,,26.41,29.63,24.7,94.23,77.57,0.0,-0.86,-0.01,12306.79,,57.47,71.78,41.21,59.4,23.7,77.77,6.36,8940.0,140676.0,77.25,Boa,0,0,0
2024-11-05,11,310,Bangu,XVII,XVII — Bangu,-22.8804,-43.4651,17.46,54.0,,35.03,95.02,18.98,,,27.69,31.5,24.52,86.26,71.83,0.0,-1.04,1.7,12326.78,,57.47,71.78,41.21,59.4,23.7,77.77,6.36,8940.0,140676.0,77.25,Boa,0,0,0
2024-11-06,11,311,Bangu,XVII,XVII — Bangu,-22.8804,-43.4651,20.45,49.0,,38.84,95.14,17.5,,,29.8,35.08,25.4,73.1,53.12,0.0,1.51,1.31,12345.74,,57.47,71.78,41.21,59.4,23.7,77.77,6.36,8940.0,140676.0,77.25,Boa,0,0,0
2024-11-07,11,312,Bangu,XVII,XVII — Bangu,-22.8804,-43.4651,20.48,32.0,,39.24,76.97,13.25,,,30.32,35.45,25.38,71.35,51.22,0.0,-3.03,-1.53,12366.2,,57.47,71.78,41.21,59.4,23.7,77.77,6.36,8940.0,140676.0,77.25,Boa,0,0,0
2024-11-08,11,313,Bangu,XVII,XVII — Bangu,-22.8804,-43.4651,14.38,35.0,,43.5,60.12,10.35,,,26.74,30.18,22.15,84.52,71.33,0.0,-1.4,-3.68,12383.63,,57.47,71.78,41.21,59.4,23.7,77.77,6.36,8940.0,140676.0,77.25,Boa,0,0,0
2024-11-09,11,314,Bangu,XVII,XVII — Bangu,-22.8804,-43.4651,17.67,36.0,,47.51,55.01,4.61,,,22.97,24.9,21.63,98.58,98.27,0.0,2.18,-1.72,12399.66,,57.47,71.78,41.21,59.4,23.7,77.77,6.36,8940.0,140676.0,77.25,Boa,0,0,0
2024-11-10,11,315,Bangu,XVII,XVII — Bangu,-22.8804,-43.4651,18.75,35.0,,48.91,66.3,9.21,,,23.29,26.65,21.2,90.4,70.18,0.0,6.03,1.55,12417.87,,57.47,71.78,41.21,59.4,23.7,77.77,6.36,8940.0,140676.0,77.25,Boa,0,0,0
2024-11-11,11,316,Bangu,XVII,XVII — Bangu,-22.8804,-43.4651,29.74,56.0,,71.38,164.67,22.51,,,26.08,32.47,21.08,82.17,58.97,0.0,6.16,1.95,12442.11,,57.47,71.78,41.21,59.4,23.7,77.77,6.36,8940.0,140676.0,77.25,Boa,0,0,0
2024-11-12,11,317,Bangu,XVII,XVII — Bangu,-22.8804,-43.4651,31.08,55.0,,65.26,133.2,11.62,,,27.18,36.18,22.33,84.12,53.33,0.0,-8.51,-2.39,12472.52,,57.47,71.78,41.21,59.4,23.7,77.77,6.36,8940.0,140676.0,77.25,Boa,0,0,0
2024-11-13,11,318,Bangu,XVII,XVII — Bangu,-22.8804,-43.4651,12.71,31.0,,56.44,65.63,8.1,,,21.3,23.37,19.57,98.55,98.5,0.0,-6.63,-2.44,12494.42,,57.47,71.78,41.21,59.4,23.7,77.77,6.36,8940.0,140676.0,77.25,Boa,0,0,0
2024-11-14,11,319,Bangu,XVII,XVII — Bangu,-22.8804,-43.4651,17.82,46.0,,38.19,51.41,16.3,,,22.31,24.97,19.7,98.42,95.6,0.0,1.48,1.23,12509.68,,57.47,71.78,41.21,59.4,23.7,77.77,6.36,8940.0,140676.0,77.25,Boa,0,0,0
2024-11-15,11,320,Bangu,XVII,XVII — Bangu,-22.8804,-43.4651,15.67,39.0,,45.7,99.38,17.49,,,23.76,27.68,20.63,98.58,98.5,7.8,-3.43,0.46,12526.43,,57.47,71.78,41.21,59.4,23.7,77.77,6.36,8940.0,140676.0,77.25,Boa,0,0,0
2024-11-16,11,321,Bangu,XVII,XVII — Bangu,-22.8804,-43.4651,10.96,27.0,,26.31,41.23,19.66,,,23.22,24.13,21.63,98.59,98.52,52.4,3.66,0.81,12539.74,,57.47,71.78,41.21,59.4,23.7,77.77,6.36,8940.0,140676.0,77.25,Boa,0,0,0
2024-11-17,11,322,Bangu,XVII,XVII — Bangu,-22.8804,-43.4651,23.0,46.0,,43.45,135.68,16.42,,,25.39,29.9,21.45,94.87,82.82,0.0,6.56,1.77,12556.72,,57.47,71.78,41.21,59.4,23.7,77.77,6.36,8940.0,140676.0,77.25,Boa,0,0,0
2024-11-18,11,323,Bangu,XVII,XVII — Bangu,-22.8804,-43.4651,24.08,45.0,,51.92,137.63,16.9,,,26.76,32.9,22.05,89.47,66.98,0.0,-1.21,0.28,12580.26,,57.47,71.78,41.21,59.4,23.7,77.77,6.36,8940.0,140676.0,77.25,Boa,0,0,0
2024-11-19,11,324,Bangu,XVII,XVII — Bangu,-22.8804,-43.4651,20.58,48.0,,55.75,79.05,7.9,,,25.94,29.05,23.9,96.29,86.2,0.0,0.42,0.19,12602.59,,57.47,71.78,41.21,59.4,23.7,77.77,6.36,8940.0,140676.0,77.25,Boa,0,0,0
2024-11-20,11,325,Bangu,XVII,XVII — Bangu,-22.8804,-43.4651,24.92,52.0,,66.24,155.67,8.5,,,27.15,31.95,23.35,92.9,78.15,0.0,-2.62,-0.34,12625.34,,57.47,71.78,41.21,59.4,23.7,77.77,6.36,8940.0,140676.0,77.25,Boa,0,0,0
2024-11-21,11,326,Bangu,XVII,XVII — Bangu,-22.8804,-43.4651,15.33,38.0,,48.63,56.81,3.91,,,25.26,27.8,23.58,97.64,91.15,0.6,-8.21,-1.63,12645.47,,57.47,71.78,41.21,59.4,23.7,77.77,6.36,8940.0,140676.0,77.25,Boa,0,0,0
2024-11-22,11,327,Bangu,XVII,XVII — Bangu,-22.8804,-43.4651,8.5,19.0,,40.89,51.0,7.18,,,23.89,26.67,21.93,98.18,93.15,0.6,-2.58,-1.6,12657.38,,57.47,71.78,41.21,59.4,23.7,77.77,6.36,8940.0,140676.0,77.25,Boa,0,0,0
2024-11-23,11,328,Bangu,XVII,XVII — Bangu,-22.8804,-43.4651,10.17,32.0,,34.5125,,25.48,,,22.07,24.68,21.07,98.57,98.53,2.6,4.7,-0.43,12666.72,,57.47,71.78,41.21,59.4,23.7,77.77,6.36,8940.0,140676.0,77.25,Boa,0,0,1
2024-11-24,11,329,Bangu,XVII,XVII — Bangu,-22.8804,-43.4651,17.9,41.0,,28.135,,25.98,,,23.03,26.58,19.35,91.94,74.93,0.0,3.7,1.4,12680.75,,57.47,71.78,41.21,59.4,23.7,77.77,6.36,8940.0,140676.0,77.25,Boa,0,0,1
2024-11-25,11,330,Bangu,XVII,XVII — Bangu,-22.8804,-43.4651,17.57,46.0,,21.7575,,26.5,,,24.87,29.1,20.55,82.91,66.47,0.0,6.26,2.62,12698.49,,57.47,71.78,41.21,59.4,23.7,77.77,6.36,8940.0,140676.0,77.25,Boa,0,0,1
2024-11-26,11,331,Bangu,XVII,XVII — Bangu,-22.8804,-43.4651,30.43,75.0,,15.38,38.64,,,,28.27,35.9,20.48,72.25,41.95,0.0,10.43,3.54,12722.49,,57.47,71.78,41.21,59.4,23.7,77.77,6.36,8940.0,140676.0,77.25,Boa,0,0,0
2024-11-27,11,332,Bangu,XVII,XVII — Bangu,-22.8804,-43.4651,38.43,94.0,,21.08,50.98,30.29,,,31.95,38.75,24.13,62.41,37.55,0.0,5.11,2.03,12756.92,,57.47,71.78,41.21,59.4,23.7,77.77,6.36,8940.0,140676.0,77.25,Boa,0,0,0
2024-11-28,11,333,Bangu,XVII,XVII — Bangu,-22.8804,-43.4651,40.64,75.0,,22.360588235294117,,,,,32.32,40.65,26.87,65.21,36.93,4.0,-3.11,-2.42,12796.45,,57.47,71.78,41.21,59.4,23.7,77.77,6.36,8940.0,140676.0,77.25,Boa,0,0,1
2024-11-29,11,334,Bangu,XVII,XVII — Bangu,-22.8804,-43.4651,32.21,61.0,,23.641176470588235,,,,,27.1,29.72,25.48,92.05,80.47,0.8,0.79,-2.22,12832.88,,57.47,71.78,41.21,59.4,23.7,77.77,6.36,8940.0,140676.0,77.25,Boa,0,0,1
2024-11-30,11,335,Bangu,XVII,XVII — Bangu,-22.8804,-43.4651,42.21,63.0,,24.921764705882353,,,,,27.89,31.92,24.58,92.66,81.27,0.2,-5.42,0.17,12870.09,,57.47,71.78,41.21,59.4,23.7,77.77,6.36,8940.0,140676.0,77.25,Boa,0,0,1
2024-12-01,12,336,Bangu,XVII,XVII — Bangu,-22.8804,-43.4651,21.38,61.0,,26.20235294117647,,,,,27.44,31.9,25.0,92.68,75.12,0.0,-8.67,1.22,12901.88,,57.47,71.78,41.21,59.4,23.7,77.77,6.36,8940.0,140676.0,84.54,Boa,0,0,1
2024-12-02,12,337,Bangu,XVII,XVII — Bangu,-22.8804,-43.4651,24.88,46.0,,27.48294117647059,,,,,30.33,38.83,24.55,81.51,48.87,1.8,4.47,-0.01,12925.01,,57.47,71.78,41.21,59.4,23.7,77.77,6.36,8940.0,140676.0,84.54,Boa,0,0,1
2024-12-03,12,338,Bangu,XVII,XVII — Bangu,-22.8804,-43.4651,30.33,70.0,,28.763529411764704,,,,,27.43,30.35,25.33,98.07,91.85,2.0,-7.02,-3.28,12952.62,,57.47,71.78,41.21,59.4,23.7,77.77,6.36,8940.0,140676.0,84.54,Boa,0,0,1
2024-12-04,12,339,Bangu,XVII,XVII — Bangu,-22.8804,-43.4651,10.83,31.0,,30.044117647058822,,,,,23.76,25.35,22.22,98.6,98.57,16.0,-6.64,-1.78,12973.2,,57.47,71.78,41.21,59.4,23.7,77.77,6.36,8940.0,140676.0,84.54,Boa,0,0,1
2024-12-05,12,340,Bangu,XVII,XVII — Bangu,-22.8804,-43.4651,17.05,36.0,,31.32470588235294,,,,,23.88,26.13,21.52,98.59,98.53,9.4,11.75,3.54,12987.14,,57.47,71.78,41.21,59.4,23.7,77.77,6.36,8940.0,140676.0,84.54,Boa,0,0,1
2024-12-06,12,341,Bangu,XVII,XVII — Bangu,-22.8804,-43.4651,34.33,76.0,,32.60529411764706,,,,,30.85,38.78,24.07,76.03,40.23,0.0,3.97,4.17,13012.83,,57.47,71.78,41.21,59.4,23.7,77.77,6.36,8940.0,140676.0,84.54,Boa,0,0,1
2024-12-07,12,342,Bangu,XVII,XVII — Bangu,-22.8804,-43.4651,25.0,51.0,,33.88588235294118,,,,,32.22,39.13,26.47,59.69,39.28,0.0,-6.62,-1.0,13042.49,,57.47,71.78,41.21,59.4,23.7,77.77,6.36,8940.0,140676.0,84.54,Boa,0,0,1
2024-12-08,12,343,Bangu,XVII,XVII — Bangu,-22.8804,-43.4651,21.08,39.0,,35.16647058823529,,,,,28.85,33.73,25.48,87.44,69.45,0.0,-1.23,-2.22,13065.53,,57.47,71.78,41.21,59.4,23.7,77.77,6.36,8940.0,140676.0,84.54,Boa,0,0,1
2024-12-09,12,344,Bangu,XVII,XVII — Bangu,-22.8804,-43.4651,22.54,50.0,,36.44705882352941,,,,,27.78,34.3,25.03,93.35,69.18,1.6,-1.14,-0.96,13087.34,,57.47,71.78,41.21,59.4,23.7,77.77,6.36,8940.0,140676.0,84.54,Boa,0,0,1
2024-12-10,12,345,Bangu,XVII,XVII — Bangu,-22.8804,-43.4651,18.79,46.0,,37.72764705882353,,,,,26.93,32.6,22.65,92.84,70.35,12.0,-3.6,-1.78,13108.01,,57.47,71.78,41.21,59.4,23.7,77.77,6.36,8940.0,140676.0,84.54,Boa,0,0,1
2024-12-11,12,346,Bangu,XVII,XVII — Bangu,-22.8804,-43.4651,15.33,27.0,,39.00823529411765,,,,,24.23,27.3,21.75,94.67,82.78,6.8,-0.46,-0.91,13125.07,,57.47,71.78,41.21,59.4,23.7,77.77,6.36,8940.0,140676.0,84.54,Boa,0,0,1
2024-12-12,12,347,Bangu,XVII,XVII — Bangu,-22.8804,-43.4651,17.88,32.0,,40.288823529411765,,,,,25.1,28.22,21.7,89.05,71.0,0.0,2.9,1.0,13141.67,,57.47,71.78,41.21,59.4,23.7,77.77,6.36,8940.0,140676.0,84.54,Boa,0,0,1
2024-12-13,12,348,Bangu,XVII,XVII — Bangu,-22.8804,-43.4651,21.13,38.0,,41.56941176470588,122.39,,,,26.24,31.5,21.8,89.61,68.43,2.2,0.97,1.14,13161.18,,57.47,71.78,41.21,59.4,23.7,77.77,6.36,8940.0,140676.0,84.54,Boa,0,0,1
2024-12-14,12,349,Bangu,XVII,XVII — Bangu,-22.8804,-43.4651,19.83,49.0,,42.85,76.56,,,,27.38,33.37,24.08,87.97,63.92,11.0,-4.77,1.03,13181.66,,57.47,71.78,41.21,59.4,23.7,77.77,6.36,8940.0,140676.0,84.54,Boa,0,0,0
2024-12-15,12,350,Bangu,XVII,XVII — Bangu,-22.8804,-43.4651,11.58,36.0,,51.32,74.15,,,,28.29,33.72,23.97,85.97,61.18,6.0,-1.46,1.33,13197.36,,57.47,71.78,41.21,59.4,23.7,77.77,6.36,8940.0,140676.0,84.54,Boa,0,0,0
2024-12-16,12,351,Bangu,XVII,XVII — Bangu,-22.8804,-43.4651,16.91,47.0,,59.77,79.2,,,,30.04,35.22,25.67,75.77,57.27,0.0,6.6,-0.96,13211.61,,57.47,71.78,41.21,59.4,23.7,77.77,6.36,8940.0,140676.0,84.54,Boa,0,0,0
2024-12-17,12,352,Bangu,XVII,XVII — Bangu,-22.8804,-43.4651,24.79,48.0,,49.5,88.03,,,,26.37,29.82,24.03,88.71,74.85,0.0,0.61,-2.41,13232.46,,57.47,71.78,41.21,59.4,23.7,77.77,6.36,8940.0,140676.0,84.54,Boa,0,0,0
2024-12-18,12,353,Bangu,XVII,XVII — Bangu,-22.8804,-43.4651,18.12,32.0,,45.76,65.75,,,,25.21,27.87,22.97,96.02,88.42,0.0,1.25,0.5,13253.91,,57.47,71.78,41.21,59.4,23.7,77.77,6.36,8940.0,140676.0,84.54,Boa,0,0,0
2024-12-19,12,354,Bangu,XVII,XVII — Bangu,-22.8804,-43.4651,27.29,56.0,,75.39,159.18,,,,27.37,31.38,23.45,89.2,73.2,0.0,4.24,2.11,13276.62,,57.47,71.78,41.21,59.4,23.7,77.77,6.36,8940.0,140676.0,84.54,Boa,0,0,0
2024-12-20,12,355,Bangu,XVII,XVII — Bangu,-22.8804,-43.4651,26.61,42.0,,47.2,77.03,,,,29.43,38.08,24.58,83.15,52.48,6.6,-3.3,0.28,13303.57,,57.47,71.78,41.21,59.4,23.7,77.77,6.36,8940.0,140676.0,84.54,Boa,0,0,0
2024-12-21,12,356,Bangu,XVII,XVII — Bangu,-22.8804,-43.4651,20.68,44.0,,47.74,85.47,,,,27.93,31.6,24.63,90.8,73.98,0.0,-2.43,-1.21,13327.21,,57.47,71.78,41.21,59.4,23.7,77.77,6.36,8940.0,140676.0,84.54,Boa,0,0,0
2024-12-22,12,357,Bangu,XVII,XVII — Bangu,-22.8804,-43.4651,21.75,39.0,,48.0,90.83,,,,27.0,30.75,24.7,97.33,86.78,14.4,-1.4,-1.26,13348.43,,57.47,71.78,41.21,59.4,23.7,77.77,6.36,8940.0,140676.0,84.54,Boa,0,0,0
2024-12-23,12,358,Bangu,XVII,XVII — Bangu,-22.8804,-43.4651,17.88,27.0,,33.91,61.02,,,,25.41,28.22,23.52,98.6,98.57,4.0,-0.02,-0.88,13368.24,,57.47,71.78,41.21,59.4,23.7,77.77,6.36,8940.0,140676.0,84.54,Boa,0,0,0
2024-12-24,12,359,Bangu,XVII,XVII — Bangu,-22.8804,-43.4651,21.71,41.0,,24.72,42.77,,,,25.25,28.3,22.75,97.24,89.67,0.2,1.44,1.79,13388.04,,57.47,71.78,41.21,59.4,23.7,77.77,6.36,8940.0,140676.0,84.54,Boa,0,0,0
2024-12-25,12,360,Bangu,XVII,XVII — Bangu,-22.8804,-43.4651,20.76,46.0,,38.26,78.1,,,,28.99,33.52,24.38,87.73,70.17,0.0,-5.16,1.57,13409.27,,57.47,71.78,41.21,59.4,23.7,77.77,6.36,8940.0,140676.0,84.54,Boa,0,0,0
2024-12-26,12,361,Bangu,XVII,XVII — Bangu,-22.8804,-43.4651,11.38,23.0,,26.2,42.57,,,,28.39,32.73,25.45,89.22,70.23,9.2,-2.68,-0.87,13425.34,,57.47,71.78,41.21,59.4,23.7,77.77,6.36,8940.0,140676.0,84.54,Boa,0,0,0
2024-12-27,12,362,Bangu,XVII,XVII — Bangu,-22.8804,-43.4651,15.4,35.0,,36.01,64.27,,,,27.25,31.72,24.2,95.44,79.62,15.0,3.02,-0.37,13438.73,,57.47,71.78,41.21,59.4,23.7,77.77,6.36,8940.0,140676.0,84.54,Boa,0,0,0
2024-12-28,12,363,Bangu,XVII,XVII — Bangu,-22.8804,-43.4651,17.43,38.0,,54.56,90.14,,,,27.65,31.52,24.05,94.31,83.58,0.8,2.1,-0.14,13455.15,,57.47,71.78,41.21,59.4,23.7,77.77,6.36,8940.0,140676.0,84.54,Boa,0,0,0
2024-12-29,12,364,Bangu,XVII,XVII — Bangu,-22.8804,-43.4651,19.6,49.0,,49.44,84.25,,,,26.97,29.67,24.7,97.33,91.12,0.0,0.02,-0.71,13473.66,,57.47,71.78,41.21,59.4,23.7,77.77,6.36,8940.0,140676.0,84.54,Boa,0,0,0
2024-12-30,12,365,Bangu,XVII,XVII — Bangu,-22.8804,-43.4651,17.46,33.0,,34.78,67.71,,,,26.23,28.85,24.13,98.36,94.7,14.4,2.07,0.03,13492.19,,57.47,71.78,41.21,59.4,23.7,77.77,6.36,8940.0,140676.0,84.54,Boa,0,0,0
2024-12-31,12,366,Bangu,XVII,XVII — Bangu,-22.8804,-43.4651,23.75,46.0,,59.9,142.83,,,,27.02,31.13,22.53,88.81,73.43,0.0,6.29,0.79,13512.8,,57.47,71.78,41.21,59.4,23.7,77.77,6.36,8940.0,140676.0,84.54,Boa,0,0,0
2024-01-01,1,1,Campo Grande,XVIII,XVIII — Campo Grande,-22.9038,-43.5592,40.38,102.0,,29.93,65.17,24.47,,9.16,26.24,27.58,25.2,74.44,66.55,0.0,-14.17,1.25,0.0,,62.45,77.25,46.2,63.9,28.15,81.33,8.4,18531.0,220727.0,66.35,Regular,0,1,0
2024-01-02,1,2,Campo Grande,XVIII,XVIII — Campo Grande,-22.9038,-43.5592,26.21,40.0,,45.94,107.78,21.77,,11.89,27.49,30.53,24.83,79.03,59.6,0.6,-10.07,0.56,33.3,,62.45,77.25,46.2,63.9,28.15,81.33,8.4,18531.0,220727.0,66.35,Regular,0,0,0
2024-01-03,1,3,Campo Grande,XVIII,XVIII — Campo Grande,-22.9038,-43.5592,20.25,35.0,,36.65,88.22,23.63,,4.16,27.35,31.63,24.93,90.35,60.83,92.2,-7.13,-0.7,56.53,,62.45,77.25,46.2,63.9,28.15,81.33,8.4,18531.0,220727.0,66.35,Regular,0,0,0
2024-01-04,1,4,Campo Grande,XVIII,XVIII — Campo Grande,-22.9038,-43.5592,11.95,25.0,,51.57,91.45,20.91,,1.4,26.08,28.9,24.52,95.93,83.13,9.8,-5.21,-0.33,72.62,,62.45,77.25,46.2,63.9,28.15,81.33,8.4,18531.0,220727.0,66.35,Regular,0,0,0
2024-01-05,1,5,Campo Grande,XVIII,XVIII — Campo Grande,-22.9038,-43.5592,9.83,18.0,,45.63,61.55,16.35,,1.14,26.69,28.95,25.42,96.33,86.32,4.4,0.17,0.24,83.52,,62.45,77.25,46.2,63.9,28.15,81.33,8.4,18531.0,220727.0,66.35,Regular,0,0,0
2024-01-06,1,6,Campo Grande,XVIII,XVIII — Campo Grande,-22.9038,-43.5592,12.29,24.0,,32.43,48.81,16.19,,2.2,26.55,29.18,24.82,94.34,77.85,6.2,8.27,0.6,94.58,,62.45,77.25,46.2,63.9,28.15,81.33,8.4,18531.0,220727.0,66.35,Regular,0,0,0
2024-01-07,1,7,Campo Grande,XVIII,XVIII — Campo Grande,-22.9038,-43.5592,26.38,37.0,,48.39,142.06,19.99,,7.12,27.89,31.83,24.7,84.88,59.33,0.0,11.6,1.51,113.91,,62.45,77.25,46.2,63.9,28.15,81.33,8.4,18531.0,220727.0,66.35,Regular,0,0,0
2024-01-08,1,8,Campo Grande,XVIII,XVIII — Campo Grande,-22.9038,-43.5592,35.5,64.0,,32.16,111.95,21.61,,13.71,29.57,34.45,25.8,81.04,49.33,0.0,1.94,1.14,144.85,,62.45,77.25,46.2,63.9,28.15,81.33,8.4,18531.0,220727.0,66.35,Regular,0,0,0
2024-01-09,1,9,Campo Grande,XVIII,XVIII — Campo Grande,-22.9038,-43.5592,30.25,62.0,,81.2,128.52,,,2.46,30.17,32.37,28.32,70.11,59.32,0.0,6.61,0.14,177.72,,62.45,77.25,46.2,63.9,28.15,81.33,8.4,18531.0,220727.0,66.35,Regular,0,0,0
2024-01-10,1,10,Campo Grande,XVIII,XVIII — Campo Grande,-22.9038,-43.5592,48.73,87.0,,81.4,186.1,,,3.77,29.86,32.75,27.22,84.61,64.28,0.0,-3.91,-0.03,217.21,,62.45,77.25,46.2,63.9,28.15,81.33,8.4,18531.0,220727.0,66.35,Regular,0,1,0
2024-01-11,1,11,Campo Grande,XVIII,XVIII — Campo Grande,-22.9038,-43.5592,22.42,62.0,,64.47,142.29,,,2.55,30.11,34.67,27.3,77.44,48.5,0.0,-16.26,-0.39,252.79,,62.45,77.25,46.2,63.9,28.15,81.33,8.4,18531.0,220727.0,66.35,Regular,0,0,0
2024-01-12,1,12,Campo Grande,XVIII,XVIII — Campo Grande,-22.9038,-43.5592,16.21,38.0,,64.57,147.24,,,5.24,29.07,33.3,26.83,83.98,57.18,2.2,-3.25,-1.46,272.1,,62.45,77.25,46.2,63.9,28.15,81.33,8.4,18531.0,220727.0,66.35,Regular,0,0,0
2024-01-13,1,13,Campo Grande,XVIII,XVIII — Campo Grande,-22.9038,-43.5592,15.92,30.0,,39.97,65.88,15.79,,0.78,27.19,29.22,25.9,97.93,95.58,61.4,0.83,-0.96,288.17,,62.45,77.25,46.2,63.9,28.15,81.33,8.4,18531.0,220727.0,66.35,Regular,0,0,0
2024-01-14,1,14,Campo Grande,XVIII,XVIII — Campo Grande,-22.9038,-43.5592,17.88,31.0,,37.05,85.08,13.65,,2.48,27.14,29.0,25.9,98.05,97.48,8.8,3.65,1.14,305.07,,62.45,77.25,46.2,63.9,28.15,81.33,8.4,18531.0,220727.0,66.35,Regular,0,0,0
2024-01-15,1,15,Campo Grande,XVIII,XVIII — Campo Grande,-22.9038,-43.5592,23.21,41.0,,48.2,114.14,20.33,,1.19,29.48,33.38,26.03,81.8,52.03,0.0,2.35,2.07,325.61,,62.45,77.25,46.2,63.9,28.15,81.33,8.4,18531.0,220727.0,66.35,Regular,0,0,0
2024-01-16,1,16,Campo Grande,XVIII,XVIII — Campo Grande,-22.9038,-43.5592,22.58,55.0,,68.55,146.02,18.91,,3.54,31.28,35.28,28.03,70.45,46.58,0.0,0.96,1.15,348.51,,62.45,77.25,46.2,63.9,28.15,81.33,8.4,18531.0,220727.0,66.35,Regular,0,0,0
2024-01-17,1,17,Campo Grande,XVIII,XVIII — Campo Grande,-22.9038,-43.5592,25.12,39.0,,88.86,132.19,16.46,,2.16,31.78,35.57,28.8,69.42,43.57,0.0,-0.79,-0.84,372.36,,62.45,77.25,46.2,63.9,28.15,81.33,8.4,18531.0,220727.0,66.35,Regular,0,0,0
2024-01-18,1,18,Campo Grande,XVIII,XVIII — Campo Grande,-22.9038,-43.5592,21.0,40.0,,81.85,123.32,11.15,,0.34,29.6,31.87,28.23,88.36,75.97,0.0,1.81,-1.23,395.42,,62.45,77.25,46.2,63.9,28.15,81.33,8.4,18531.0,220727.0,66.35,Regular,0,0,0
2024-01-19,1,19,Campo Grande,XVIII,XVIII — Campo Grande,-22.9038,-43.5592,28.75,51.0,,48.83,95.48,21.82,,1.77,29.33,31.6,26.37,85.95,64.65,0.0,0.88,0.58,420.29,,62.45,77.25,46.2,63.9,28.15,81.33,8.4,18531.0,220727.0,66.35,Regular,0,0,0
2024-01-20,1,20,Campo Grande,XVIII,XVIII — Campo Grande,-22.9038,-43.5592,22.75,37.0,,76.64,168.43,16.85,,2.28,30.76,33.5,28.52,69.33,53.57,0.0,-8.36,-0.76,446.04,,62.45,77.25,46.2,63.9,28.15,81.33,8.4,18531.0,220727.0,66.35,Regular,0,0,0
2024-01-21,1,21,Campo Grande,XVIII,XVIII — Campo Grande,-22.9038,-43.5592,12.04,42.0,,60.83,95.39,9.81,,2.76,27.81,29.78,25.38,92.06,73.82,39.6,-4.3,-1.9,463.44,,62.45,77.25,46.2,63.9,28.15,81.33,8.4,18531.0,220727.0,66.35,Regular,0,0,0
2024-01-22,1,22,Campo Grande,XVIII,XVIII — Campo Grande,-22.9038,-43.5592,14.14,24.0,,35.05,60.59,9.44,,6.33,26.96,29.18,25.1,91.38,67.6,19.2,-1.5,-1.82,476.53,,62.45,77.25,46.2,63.9,28.15,81.33,8.4,18531.0,220727.0,66.35,Regular,0,0,0
2024-01-23,1,23,Campo Grande,XVIII,XVIII — Campo Grande,-22.9038,-43.5592,9.04,21.0,,23.38,38.8,15.97,,7.62,24.16,25.37,22.4,98.0,98.0,51.0,-0.41,-1.47,488.12,,62.45,77.25,46.2,63.9,28.15,81.33,8.4,18531.0,220727.0,66.35,Regular,0,0,0
2024-01-24,1,24,Campo Grande,XVIII,XVIII — Campo Grande,-22.9038,-43.5592,13.32,27.0,,37.42,73.54,15.85,,7.98,24.02,25.97,22.48,98.01,98.0,2.4,4.09,0.91,499.3,,62.45,77.25,46.2,63.9,28.15,81.33,8.4,18531.0,220727.0,66.35,Regular,0,0,0
2024-01-25,1,25,Campo Grande,XVIII,XVIII — Campo Grande,-22.9038,-43.5592,17.21,32.0,,42.88,90.38,13.04,,9.79,25.98,28.7,24.3,95.55,83.68,0.6,-1.33,0.41,514.56,,62.45,77.25,46.2,63.9,28.15,81.33,8.4,18531.0,220727.0,66.35,Regular,0,0,0
2024-01-26,1,26,Campo Grande,XVIII,XVIII — Campo Grande,-22.9038,-43.5592,10.67,23.0,,32.89,51.41,11.56,,2.61,24.84,26.47,24.0,98.0,98.0,26.0,2.18,-0.05,528.5,,62.45,77.25,46.2,63.9,28.15,81.33,8.4,18531.0,220727.0,66.35,Regular,0,0,0
2024-01-27,1,27,Campo Grande,XVIII,XVIII — Campo Grande,-22.9038,-43.5592,21.57,38.0,,23.51,49.15,12.3,,4.21,25.88,28.08,24.12,98.05,97.92,0.2,3.88,0.55,544.62,,62.45,77.25,46.2,63.9,28.15,81.33,8.4,18531.0,220727.0,66.35,Regular,0,0,0
2024-01-28,1,28,Campo Grande,XVIII,XVIII — Campo Grande,-22.9038,-43.5592,18.42,27.0,,36.36,79.97,13.27,,6.83,25.95,28.97,23.92,97.71,93.62,26.8,-1.72,0.56,564.62,,62.45,77.25,46.2,63.9,28.15,81.33,8.4,18531.0,220727.0,66.35,Regular,0,0,0
2024-01-29,1,29,Campo Grande,XVIII,XVIII — Campo Grande,-22.9038,-43.5592,18.12,33.0,,47.28,102.49,14.0,,0.79,27.0,30.7,23.98,91.89,70.77,0.0,9.79,1.42,582.89,,62.45,77.25,46.2,63.9,28.15,81.33,8.4,18531.0,220727.0,66.35,Regular,0,0,0
2024-01-30,1,30,Campo Grande,XVIII,XVIII — Campo Grande,-22.9038,-43.5592,38.0,91.0,,63.03,152.79,15.56,,3.44,28.78,32.38,25.7,85.53,63.23,0.0,7.14,0.81,610.95,,62.45,77.25,46.2,63.9,28.15,81.33,8.4,18531.0,220727.0,66.35,Regular,0,1,0
2024-01-31,1,31,Campo Grande,XVIII,XVIII — Campo Grande,-22.9038,-43.5592,32.403333333333336,38.0,,56.12,68.91,,,,28.615000000000002,28.76,26.63,83.605,90.2,0.0,-5.6,-0.17,646.15,,62.45,77.25,46.2,63.9,28.15,81.33,8.4,18531.0,220727.0,66.35,Regular,1,0,1
2024-02-01,2,32,Campo Grande,XVIII,XVIII — Campo Grande,-22.9038,-43.5592,26.806666666666665,95.0,,49.21,118.42,,,,28.45,30.17,26.22,81.68,63.9,0.6,-5.6,-1.18,675.76,,62.45,77.25,46.2,63.9,28.15,81.33,8.4,18531.0,220727.0,81.31,Boa,1,1,1
2024-02-02,2,33,Campo Grande,XVIII,XVIII — Campo Grande,-22.9038,-43.5592,21.21,40.0,,42.3,75.69,19.27,,7.44,26.26,27.9,24.75,98.03,98.0,4.6,0.47,-0.44,699.77,,62.45,77.25,46.2,63.9,28.15,81.33,8.4,18531.0,220727.0,81.31,Boa,0,0,0
2024-02-03,2,34,Campo Grande,XVIII,XVIII — Campo Grande,-22.9038,-43.5592,27.75,39.0,,69.93,185.33,18.52,,1.11,27.57,31.3,24.5,92.55,69.3,0.0,2.39,0.69,724.25,,62.45,77.25,46.2,63.9,28.15,81.33,8.4,18531.0,220727.0,81.31,Boa,0,0,0
2024-02-04,2,35,Campo Grande,XVIII,XVIII — Campo Grande,-22.9038,-43.5592,26.0,47.0,,29.89,73.24,17.29,,1.0,27.64,32.45,24.8,90.71,54.63,5.4,-2.02,0.27,751.12,,62.45,77.25,46.2,63.9,28.15,81.33,8.4,18531.0,220727.0,81.31,Boa,0,0,0
2024-02-05,2,36,Campo Grande,XVIII,XVIII — Campo Grande,-22.9038,-43.5592,23.71,47.0,,47.54,114.81,18.83,,1.57,28.11,31.78,25.13,85.37,62.5,0.0,0.39,0.26,775.98,,62.45,77.25,46.2,63.9,28.15,81.33,8.4,18531.0,220727.0,81.31,Boa,0,0,0
2024-02-06,2,37,Campo Grande,XVIII,XVIII — Campo Grande,-22.9038,-43.5592,26.79,47.0,,41.26,96.46,15.06,,3.23,28.16,30.37,26.02,89.68,73.1,0.0,5.12,0.16,801.23,,62.45,77.25,46.2,63.9,28.15,81.33,8.4,18531.0,220727.0,81.31,Boa,0,0,0
2024-02-07,2,38,Campo Grande,XVIII,XVIII — Campo Grande,-22.9038,-43.5592,33.96,50.0,,61.3,196.5,16.81,,6.07,28.43,31.17,26.13,87.94,72.1,0.0,2.44,0.25,831.6,,62.45,77.25,46.2,63.9,28.15,81.33,8.4,18531.0,220727.0,81.31,Boa,0,0,0
2024-02-08,2,39,Campo Grande,XVIII,XVIII — Campo Grande,-22.9038,-43.5592,31.67,48.0,,53.09,162.56,18.7,,7.72,28.66,31.95,26.43,86.42,64.57,0.0,-2.25,0.27,864.42,,62.45,77.25,46.2,63.9,28.15,81.33,8.4,18531.0,220727.0,81.31,Boa,0,0,0
2024-02-09,2,40,Campo Grande,XVIII,XVIII — Campo Grande,-22.9038,-43.5592,29.46,47.0,,51.664500000000004,,38.45,,5.27,28.96,32.73,25.83,79.01,53.8,0.0,1.64,0.21,894.98,,62.45,77.25,46.2,63.9,28.15,81.33,8.4,18531.0,220727.0,81.31,Boa,0,0,1
2024-02-10,2,41,Campo Grande,XVIII,XVIII — Campo Grande,-22.9038,-43.5592,34.95,94.0,,50.239000000000004,,,,4.3,29.07,32.45,25.93,74.61,45.3,0.0,-2.54,0.51,927.19,,62.45,77.25,46.2,63.9,28.15,81.33,8.4,18531.0,220727.0,81.31,Boa,0,1,1
2024-02-11,2,42,Campo Grande,XVIII,XVIII — Campo Grande,-22.9038,-43.5592,24.38,51.0,,48.813500000000005,,,,8.55,29.99,33.88,26.33,73.04,45.63,0.0,-7.37,0.54,956.85,,62.45,77.25,46.2,63.9,28.15,81.33,8.4,18531.0,220727.0,81.31,Boa,0,0,1
2024-02-12,2,43,Campo Grande,XVIII,XVIII — Campo Grande,-22.9038,-43.5592,20.21,41.0,,47.388000000000005,,,,2.46,30.16,34.13,26.9,67.66,45.87,20.2,-2.15,0.31,979.15,,62.45,77.25,46.2,63.9,28.15,81.33,8.4,18531.0,220727.0,81.31,Boa,0,0,1
2024-02-13,2,44,Campo Grande,XVIII,XVIII — Campo Grande,-22.9038,-43.5592,20.08,30.0,,45.962500000000006,,,,9.57,30.6,34.57,26.8,67.59,43.92,0.0,-1.32,-0.8,999.29,,62.45,77.25,46.2,63.9,28.15,81.33,8.4,18531.0,220727.0,81.31,Boa,0,0,1
2024-02-14,2,45,Campo Grande,XVIII,XVIII — Campo Grande,-22.9038,-43.5592,17.58,39.0,,44.537000000000006,,,,6.02,28.57,30.77,26.98,79.25,63.35,0.8,-2.56,-2.26,1018.12,,62.45,77.25,46.2,63.9,28.15,81.33,8.4,18531.0,220727.0,81.31,Boa,0,0,1
2024-02-15,2,46,Campo Grande,XVIII,XVIII — Campo Grande,-22.9038,-43.5592,14.96,30.0,,43.1115,,,,5.06,26.09,26.77,25.37,98.0,98.0,74.2,0.84,-0.91,1034.39,,62.45,77.25,46.2,63.9,28.15,81.33,8.4,18531.0,220727.0,81.31,Boa,0,0,1
2024-02-16,2,47,Campo Grande,XVIII,XVIII — Campo Grande,-22.9038,-43.5592,19.25,33.0,,41.686,,,,,26.75,28.53,25.04,93.68,82.53,0.4,2.96,0.5,1051.5,,62.45,77.25,46.2,63.9,28.15,81.33,8.4,18531.0,220727.0,81.31,Boa,0,0,1
2024-02-17,2,48,Campo Grande,XVIII,XVIII — Campo Grande,-22.9038,-43.5592,20.88,36.0,,40.2605,,,,,27.09,29.47,24.72,91.17,71.1,0.0,-1.41,0.45,1071.56,,62.45,77.25,46.2,63.9,28.15,81.33,8.4,18531.0,220727.0,81.31,Boa,0,0,1
2024-02-18,2,49,Campo Grande,XVIII,XVIII — Campo Grande,-22.9038,-43.5592,16.42,31.0,,38.835,,,,,27.64,30.3,26.22,92.36,71.17,0.0,2.61,0.27,1090.21,,62.45,77.25,46.2,63.9,28.15,81.33,8.4,18531.0,220727.0,81.31,Boa,0,0,1
2024-02-19,2,50,Campo Grande,XVIII,XVIII — Campo Grande,-22.9038,-43.5592,26.1,48.0,,37.4095,,,,,27.63,30.62,25.9,91.99,71.8,0.0,8.59,-0.33,1111.47,,62.45,77.25,46.2,63.9,28.15,81.33,8.4,18531.0,220727.0,81.31,Boa,0,0,1
2024-02-20,2,51,Campo Grande,XVIII,XVIII — Campo Grande,-22.9038,-43.5592,33.59,72.0,,35.984,,,,,26.98,29.65,25.72,96.37,84.47,29.2,0.61,-0.34,1141.32,,62.45,77.25,46.2,63.9,28.15,81.33,8.4,18531.0,220727.0,81.31,Boa,0,0,1
2024-02-21,2,52,Campo Grande,XVIII,XVIII — Campo Grande,-22.9038,-43.5592,27.33,53.0,,34.5585,,29.14,,5.21,26.95,29.67,25.15,97.77,95.28,41.2,-7.88,0.25,1171.78,,62.45,77.25,46.2,63.9,28.15,81.33,8.4,18531.0,220727.0,81.31,Boa,0,0,1
2024-02-22,2,53,Campo Grande,XVIII,XVIII — Campo Grande,-22.9038,-43.5592,17.83,39.0,,33.132999999999996,,27.69,,6.62,27.49,31.82,24.5,91.73,64.07,7.4,-2.24,1.37,1194.36,,62.45,77.25,46.2,63.9,28.15,81.33,8.4,18531.0,220727.0,81.31,Boa,0,0,1
2024-02-23,2,54,Campo Grande,XVIII,XVIII — Campo Grande,-22.9038,-43.5592,22.85,46.0,,31.7075,,,,,29.69,32.45,27.1,79.9,59.1,0.0,1.38,1.33,1214.7,,62.45,77.25,46.2,63.9,28.15,81.33,8.4,18531.0,220727.0,81.31,Boa,0,0,1
2024-02-24,2,55,Campo Grande,XVIII,XVIII — Campo Grande,-22.9038,-43.5592,20.59,67.0,,30.282,,,,,30.15,33.87,28.0,80.03,53.67,0.0,-0.21,-0.31,1236.42,,62.45,77.25,46.2,63.9,28.15,81.33,8.4,18531.0,220727.0,81.31,Boa,0,0,1
2024-02-25,2,56,Campo Grande,XVIII,XVIII — Campo Grande,-22.9038,-43.5592,22.43,72.0,,28.8565,,,,,29.08,31.4,27.23,91.51,72.17,0.0,1.82,-0.77,1257.93,,62.45,77.25,46.2,63.9,28.15,81.33,8.4,18531.0,220727.0,81.31,Boa,0,0,1
2024-02-26,2,57,Campo Grande,XVIII,XVIII — Campo Grande,-22.9038,-43.5592,24.24,45.0,,27.431,,,,,28.6,30.57,27.03,91.15,79.05,0.0,2.85,0.07,1281.26,,62.45,77.25,46.2,63.9,28.15,81.33,8.4,18531.0,220727.0,81.31,Boa,0,0,1
2024-02-27,2,58,Campo Grande,XVIII,XVIII — Campo Grande,-22.9038,-43.5592,28.13,45.0,,26.005499999999998,50.38,20.87,,,29.22,32.8,25.97,84.51,59.83,0.0,1.13,0.32,1307.45,,62.45,77.25,46.2,63.9,28.15,81.33,8.4,18531.0,220727.0,81.31,Boa,0,0,1
2024-02-28,2,59,Campo Grande,XVIII,XVIII — Campo Grande,-22.9038,-43.5592,26.5,68.0,,24.58,57.34,16.76,,,29.24,31.92,27.7,87.56,63.97,0.6,-2.8,-0.18,1334.76,,62.45,77.25,46.2,63.9,28.15,81.33,8.4,18531.0,220727.0,81.31,Boa,0,0,0
2024-02-29,2,60,Campo Grande,XVIII,XVIII — Campo Grande,-22.9038,-43.5592,22.53,60.0,,18.16,38.31,18.71,,,28.86,31.38,27.02,89.95,71.52,0.0,-1.6,-0.34,1359.28,,62.45,77.25,46.2,63.9,28.15,81.33,8.4,18531.0,220727.0,81.31,Boa,0,0,0
2024-03-01,3,61,Campo Grande,XVIII,XVIII — Campo Grande,-22.9038,-43.5592,23.3,46.0,,27.52,58.75,18.14,,5.86,28.55,31.3,27.0,92.55,77.35,0.0,-2.31,-0.66,1382.19,,62.45,77.25,46.2,63.9,28.15,81.33,8.4,18531.0,220727.0,72.46,Boa,0,0,0
2024-03-02,3,62,Campo Grande,XVIII,XVIII — Campo Grande,-22.9038,-43.5592,17.91,40.0,,41.82,74.69,15.14,,5.09,27.53,29.83,25.53,83.11,59.72,0.0,2.44,-0.17,1402.8,,62.45,77.25,46.2,63.9,28.15,81.33,8.4,18531.0,220727.0,72.46,Boa,0,0,0
2024-03-03,3,63,Campo Grande,XVIII,XVIII — Campo Grande,-22.9038,-43.5592,28.18,38.0,,54.21,116.84,20.52,,7.72,28.22,32.3,24.63,77.3,48.13,0.0,7.5,0.63,1425.84,,62.45,77.25,46.2,63.9,28.15,81.33,8.4,18531.0,220727.0,72.46,Boa,0,0,0
2024-03-04,3,64,Campo Grande,XVIII,XVIII — Campo Grande,-22.9038,-43.5592,32.91,66.0,,49.71,131.83,23.17,,5.89,28.79,33.8,25.22,77.08,41.5,0.0,1.97,0.21,1456.39,,62.45,77.25,46.2,63.9,28.15,81.33,8.4,18531.0,220727.0,72.46,Boa,0,0,0
2024-03-05,3,65,Campo Grande,XVIII,XVIII — Campo Grande,-22.9038,-43.5592,32.12,48.0,,55.74,91.49,20.67,,5.31,28.65,32.5,25.13,86.99,61.28,24.8,-7.29,-0.89,1488.9,,62.45,77.25,46.2,63.9,28.15,81.33,8.4,18531.0,220727.0,72.46,Boa,0,0,0
2024-03-06,3,66,Campo Grande,XVIII,XVIII — Campo Grande,-22.9038,-43.5592,18.33,33.0,,55.33,101.88,22.12,,4.06,27.01,29.27,25.12,96.71,91.98,7.0,-7.47,-0.46,1514.13,,62.45,77.25,46.2,63.9,28.15,81.33,8.4,18531.0,220727.0,72.46,Boa,0,0,0
2024-03-07,3,67,Campo Grande,XVIII,XVIII — Campo Grande,-22.9038,-43.5592,17.17,34.0,,44.42,71.75,20.64,,1.54,27.73,29.77,26.3,95.92,87.45,0.8,0.16,0.47,1531.88,,62.45,77.25,46.2,63.9,28.15,81.33,8.4,18531.0,220727.0,72.46,Boa,0,0,0
2024-03-08,3,68,Campo Grande,XVIII,XVIII — Campo Grande,-22.9038,-43.5592,18.64,28.0,,39.58,68.78,19.39,,5.72,27.96,29.65,26.53,94.78,86.9,0.0,3.91,0.61,1549.78,,62.45,77.25,46.2,63.9,28.15,81.33,8.4,18531.0,220727.0,72.46,Boa,0,0,0
2024-03-09,3,69,Campo Grande,XVIII,XVIII — Campo Grande,-22.9038,-43.5592,25.0,63.0,,49.87,142.43,22.29,,6.91,28.94,32.78,26.53,87.31,62.28,25.4,-1.72,-0.02,1571.6,,62.45,77.25,46.2,63.9,28.15,81.33,8.4,18531.0,220727.0,72.46,Boa,0,0,0
2024-03-10,3,70,Campo Grande,XVIII,XVIII — Campo Grande,-22.9038,-43.5592,15.21,32.0,,47.04,70.7,13.61,,4.35,27.93,29.83,26.03,97.5,93.28,0.8,-4.79,-0.68,1591.71,,62.45,77.25,46.2,63.9,28.15,81.33,8.4,18531.0,220727.0,72.46,Boa,0,0,0
2024-03-11,3,71,Campo Grande,XVIII,XVIII — Campo Grande,-22.9038,-43.5592,15.42,28.0,,39.13,51.28,13.17,,3.98,27.59,29.45,26.53,95.22,83.47,0.2,0.69,-0.54,1607.02,,62.45,77.25,46.2,63.9,28.15,81.33,8.4,18531.0,220727.0,72.46,Boa,0,0,0
2024-03-12,3,72,Campo Grande,XVIII,XVIII — Campo Grande,-22.9038,-43.5592,16.59,34.0,,44.59,61.84,15.6,,5.95,26.85,28.57,25.6,96.33,90.42,0.0,11.9,-0.14,1623.03,,62.45,77.25,46.2,63.9,28.15,81.33,8.4,18531.0,220727.0,72.46,Boa,0,0,0
2024-03-13,3,73,Campo Grande,XVIII,XVIII — Campo Grande,-22.9038,-43.5592,39.23,61.0,,49.15,117.88,23.99,,4.73,27.3,29.97,25.82,91.4,73.37,0.0,9.87,0.6,1650.94,,62.45,77.25,46.2,63.9,28.15,81.33,8.4,18531.0,220727.0,72.46,Boa,0,0,0
2024-03-14,3,74,Campo Grande,XVIII,XVIII — Campo Grande,-22.9038,-43.5592,36.33,52.0,,61.76,137.54,21.78,,7.36,28.06,31.8,25.43,87.37,63.78,0.0,4.6,1.01,1688.72,,62.45,77.25,46.2,63.9,28.15,81.33,8.4,18531.0,220727.0,72.46,Boa,0,0,0
2024-03-15,3,75,Campo Grande,XVIII,XVIII — Campo Grande,-22.9038,-43.5592,48.43,100.0,,51.78,136.2,25.08,,10.92,29.33,34.08,25.83,82.73,52.8,0.0,9.88,1.14,1731.1,,62.45,77.25,46.2,63.9,28.15,81.33,8.4,18531.0,220727.0,72.46,Boa,0,1,0
2024-03-16,3,76,Campo Grande,XVIII,XVIII — Campo Grande,-22.9038,-43.5592,56.09,126.0,,55.84,150.0,28.35,,14.56,30.34,35.1,27.22,81.13,48.88,0.0,0.37,0.63,1783.36,,62.45,77.25,46.2,63.9,28.15,81.33,8.4,18531.0,220727.0,72.46,Boa,0,1,0
2024-03-17,3,77,Campo Grande,XVIII,XVIII — Campo Grande,-22.9038,-43.5592,49.17,83.0,,77.09,134.16,20.95,,6.19,30.59,34.8,28.12,79.9,51.18,0.0,-11.07,-0.63,1835.99,,62.45,77.25,46.2,63.9,28.15,81.33,8.4,18531.0,220727.0,72.46,Boa,0,0,0
2024-03-18,3,78,Campo Grande,XVIII,XVIII — Campo Grande,-22.9038,-43.5592,33.96,98.0,,68.62,106.78,19.8,,9.4,29.08,31.68,27.82,92.06,78.98,0.0,-5.14,-0.66,1877.55,,62.45,77.25,46.2,63.9,28.15,81.33,8.4,18531.0,220727.0,72.46,Boa,0,1,0
2024-03-19,3,79,Campo Grande,XVIII,XVIII — Campo Grande,-22.9038,-43.5592,38.88,76.0,,69.66,138.86,23.73,,5.69,29.27,31.95,27.42,90.34,75.2,0.0,5.12,0.19,1913.97,,62.45,77.25,46.2,63.9,28.15,81.33,8.4,18531.0,220727.0,72.46,Boa,0,0,0
2024-03-20,3,80,Campo Grande,XVIII,XVIII — Campo Grande,-22.9038,-43.5592,44.21,100.0,,67.97,144.86,28.69,,12.94,29.46,33.28,26.92,85.65,61.05,0.0,-5.33,0.79,1955.52,,62.45,77.25,46.2,63.9,28.15,81.33,8.4,18531.0,220727.0,72.46,Boa,0,1,0
2024-03-21,3,81,Campo Grande,XVIII,XVIII — Campo Grande,-22.9038,-43.5592,28.23,60.0,,50.87,76.23,24.2,,6.75,30.85,34.57,27.77,73.9,52.05,2.8,-15.52,-1.51,1991.74,,62.45,77.25,46.2,63.9,28.15,81.33,8.4,18531.0,220727.0,72.46,Boa,0,0,0
2024-03-22,3,82,Campo Grande,XVIII,XVIII — Campo Grande,-22.9038,-43.5592,13.17,34.0,,55.18,82.51,14.64,,4.75,26.44,27.87,24.38,97.8,95.88,20.6,-3.38,-2.8,2012.44,,62.45,77.25,46.2,63.9,28.15,81.33,8.4,18531.0,220727.0,72.46,Boa,0,0,0
2024-03-23,3,83,Campo Grande,XVIII,XVIII — Campo Grande,-22.9038,-43.5592,21.48,37.0,,40.52,57.3,14.97,,4.92,25.26,27.47,23.83,93.29,74.27,8.4,-3.65,-1.06,2029.76,,62.45,77.25,46.2,63.9,28.15,81.33,8.4,18531.0,220727.0,72.46,Boa,0,0,0
2024-03-24,3,84,Campo Grande,XVIII,XVIII — Campo Grande,-22.9038,-43.5592,5.87,9.0,,34.97,43.03,16.15,,4.58,24.32,24.9,23.6,98.0,98.0,20.8,-1.63,0.43,2043.44,,62.45,77.25,46.2,63.9,28.15,81.33,8.4,18531.0,220727.0,72.46,Boa,0,0,0
2024-03-25,3,85,Campo Grande,XVIII,XVIII — Campo Grande,-22.9038,-43.5592,18.22,29.0,,31.17,55.12,18.14,,6.53,26.12,28.25,24.6,97.07,90.2,0.2,4.77,0.57,2055.48,,62.45,77.25,46.2,63.9,28.15,81.33,8.4,18531.0,220727.0,72.46,Boa,0,0,0
2024-03-26,3,86,Campo Grande,XVIII,XVIII — Campo Grande,-22.9038,-43.5592,15.41,26.0,,26.53,37.52,18.58,,4.96,25.46,27.07,24.12,98.03,98.0,4.6,0.26,-0.57,2072.3,,62.45,77.25,46.2,63.9,28.15,81.33,8.4,18531.0,220727.0,72.46,Boa,0,0,0
2024-03-27,3,87,Campo Grande,XVIII,XVIII — Campo Grande,-22.9038,-43.5592,18.73,29.0,,21.48,43.26,24.27,,4.91,24.98,26.1,24.22,98.0,98.0,4.2,5.6,-0.05,2089.37,,62.45,77.25,46.2,63.9,28.15,81.33,8.4,18531.0,220727.0,72.46,Boa,0,0,0
2024-03-28,3,88,Campo Grande,XVIII,XVIII — Campo Grande,-22.9038,-43.5592,26.61,69.0,,16.35,25.37,26.44,,4.1,25.35,26.25,24.8,98.02,98.0,3.4,1.24,0.64,2112.04,,62.45,77.25,46.2,63.9,28.15,81.33,8.4,18531.0,220727.0,72.46,Boa,0,0,0
2024-03-29,3,89,Campo Grande,XVIII,XVIII — Campo Grande,-22.9038,-43.5592,21.21,48.0,,28.98,46.15,22.78,,7.1,26.26,28.12,24.7,98.06,98.0,0.0,-2.09,0.67,2135.95,,62.45,77.25,46.2,63.9,28.15,81.33,8.4,18531.0,220727.0,72.46,Boa,0,0,0
2024-03-30,3,90,Campo Grande,XVIII,XVIII — Campo Grande,-22.9038,-43.5592,22.42,40.0,,41.54,62.23,16.65,,5.77,26.69,28.68,25.72,97.26,92.8,0.0,0.6,0.16,2157.76,,62.45,77.25,46.2,63.9,28.15,81.33,8.4,18531.0,220727.0,72.46,Boa,0,0,0
2024-03-31,3,91,Campo Grande,XVIII,XVIII — Campo Grande,-22.9038,-43.5592,22.41,48.0,,32.84,65.93,18.66,,5.91,26.59,29.08,24.52,93.02,80.23,0.0,4.06,-0.08,2180.18,,62.45,77.25,46.2,63.9,28.15,81.33,8.4,18531.0,220727.0,72.46,Boa,0,0,0
2024-04-01,4,92,Campo Grande,XVIII,XVIII — Campo Grande,-22.9038,-43.5592,30.55,42.0,,43.99,122.33,21.06,,6.44,26.54,29.72,24.32,89.63,70.6,0.0,10.72,0.35,2206.66,,62.45,77.25,46.2,63.9,28.15,81.33,8.4,18531.0,220727.0,79.06,Boa,0,0,0
2024-04-02,4,93,Campo Grande,XVIII,XVIII — Campo Grande,-22.9038,-43.5592,43.86,76.0,,38.91,88.33,28.83,,6.97,27.28,30.8,24.6,88.57,66.27,0.0,2.6,0.22,2243.86,,62.45,77.25,46.2,63.9,28.15,81.33,8.4,18531.0,220727.0,79.06,Boa,0,0,0
2024-04-03,4,94,Campo Grande,XVIII,XVIII — Campo Grande,-22.9038,-43.5592,35.76,51.0,,56.37,115.86,25.21,,5.37,26.99,29.9,24.91,90.38,68.6,0.0,0.39,0.09,2283.67,,62.45,77.25,46.2,63.9,28.15,81.33,8.4,18531.0,220727.0,79.06,Boa,0,0,0
2024-04-04,4,95,Campo Grande,XVIII,XVIII — Campo Grande,-22.9038,-43.5592,44.65,72.0,,76.76,196.93,25.26,,8.97,27.46,31.7,24.72,88.98,65.57,0.0,-1.54,0.35,2323.88,,62.45,77.25,46.2,63.9,28.15,81.33,8.4,18531.0,220727.0,79.06,Boa,0,0,0
2024-04-05,4,96,Campo Grande,XVIII,XVIII — Campo Grande,-22.9038,-43.5592,32.67,52.0,,68.34,128.37,21.99,,4.49,27.69,30.67,25.4,90.56,68.7,0.0,-7.97,-0.21,2362.54,,62.45,77.25,46.2,63.9,28.15,81.33,8.4,18531.0,220727.0,79.06,Boa,0,0,0
2024-04-06,4,97,Campo Grande,XVIII,XVIII — Campo Grande,-22.9038,-43.5592,28.71,46.0,,54.91,107.81,21.42,,4.28,27.04,29.72,25.02,87.37,62.5,0.0,-1.63,-0.42,2393.23,,62.45,77.25,46.2,63.9,28.15,81.33,8.4,18531.0,220727.0,79.06,Boa,0,0,0
2024-04-07,4,98,Campo Grande,XVIII,XVIII — Campo Grande,-22.9038,-43.5592,29.41,56.0,,52.06,128.69,22.37,,6.23,26.86,29.03,25.32,93.49,83.15,0.0,4.89,0.18,2422.29,,62.45,77.25,46.2,63.9,28.15,81.33,8.4,18531.0,220727.0,79.06,Boa,0,0,0
2024-04-08,4,99,Campo Grande,XVIII,XVIII — Campo Grande,-22.9038,-43.5592,38.5,78.0,,50.49,186.05,31.33,,12.07,27.4,31.28,24.92,86.86,57.63,0.0,4.58,0.38,2456.24,,62.45,77.25,46.2,63.9,28.15,81.33,8.4,18531.0,220727.0,79.06,Boa,0,0,0
2024-04-09,4,100,Campo Grande,XVIII,XVIII — Campo Grande,-22.9038,-43.5592,38.58,89.0,,52.69,95.62,27.26,,3.9,27.61,31.22,26.02,92.06,60.3,0.0,2.14,0.13,2494.78,,62.45,77.25,46.2,63.9,28.15,81.33,8.4,18531.0,220727.0,79.06,Boa,0,1,0
2024-04-10,4,101,Campo Grande,XVIII,XVIII — Campo Grande,-22.9038,-43.5592,42.79,64.0,,59.27,144.02,27.53,,4.97,27.66,30.32,25.53,90.53,75.0,0.0,1.75,-0.2,2535.47,,62.45,77.25,46.2,63.9,28.15,81.33,8.4,18531.0,220727.0,79.06,Boa,0,0,0
2024-04-11,4,102,Campo Grande,XVIII,XVIII — Campo Grande,-22.9038,-43.5592,42.08,130.0,,53.17,93.05,24.41,,4.08,27.21,29.4,25.7,95.78,84.25,0.0,-6.57,-0.28,2577.9,,62.45,77.25,46.2,63.9,28.15,81.33,8.4,18531.0,220727.0,79.06,Boa,0,1,0
2024-04-12,4,103,Campo Grande,XVIII,XVIII — Campo Grande,-22.9038,-43.5592,29.65,45.0,,37.67,95.17,26.21,,,27.1,29.18,25.5,93.87,82.08,0.0,-7.62,0.29,2613.77,,62.45,77.25,46.2,63.9,28.15,81.33,8.4,18531.0,220727.0,79.06,Boa,0,0,0
2024-04-13,4,104,Campo Grande,XVIII,XVIII — Campo Grande,-22.9038,-43.5592,26.83,66.0,,46.81,116.22,25.66,,,27.79,31.02,25.4,84.68,56.73,0.0,-3.38,0.07,2642.0,,62.45,77.25,46.2,63.9,28.15,81.33,8.4,18531.0,220727.0,79.06,Boa,0,0,0
2024-04-14,4,105,Campo Grande,XVIII,XVIII — Campo Grande,-22.9038,-43.5592,22.88,32.0,,47.01,90.92,22.46,,,27.25,29.52,25.23,88.54,65.52,0.0,2.39,0.04,2666.86,,62.45,77.25,46.2,63.9,28.15,81.33,8.4,18531.0,220727.0,79.06,Boa,0,0,0
2024-04-15,4,106,Campo Grande,XVIII,XVIII — Campo Grande,-22.9038,-43.5592,31.6,49.0,,52.16,142.44,25.13,,,27.87,31.55,25.6,83.61,56.07,0.0,5.69,0.66,2694.1,,62.45,77.25,46.2,63.9,28.15,81.33,8.4,18531.0,220727.0,79.06,Boa,0,0,0
2024-04-16,4,107,Campo Grande,XVIII,XVIII — Campo Grande,-22.9038,-43.5592,34.26,114.0,,48.46,125.2,26.68,,,28.57,32.08,25.73,81.05,52.4,0.0,10.04,0.4,2727.03,,62.45,77.25,46.2,63.9,28.15,81.33,8.4,18531.0,220727.0,79.06,Boa,0,1,0
2024-04-17,4,108,Campo Grande,XVIII,XVIII — Campo Grande,-22.9038,-43.5592,51.67,112.0,,48.66,110.46,32.1,,,28.68,31.87,25.87,80.28,58.0,0.0,-2.6,-1.76,2770.0,,62.45,77.25,46.2,63.9,28.15,81.33,8.4,18531.0,220727.0,79.06,Boa,0,1,0
2024-04-18,4,109,Campo Grande,XVIII,XVIII — Campo Grande,-22.9038,-43.5592,29.05,39.0,,49.78,77.4,18.97,,,25.06,26.98,23.03,97.22,91.47,4.2,-10.64,-1.85,2810.36,,62.45,77.25,46.2,63.9,28.15,81.33,8.4,18531.0,220727.0,79.06,Boa,0,0,0
2024-04-19,4,110,Campo Grande,XVIII,XVIII — Campo Grande,-22.9038,-43.5592,30.4,73.0,,49.78,72.51,19.82,,,24.98,26.72,23.92,84.72,63.55,0.0,3.35,-0.02,2840.08,,62.45,77.25,46.2,63.9,28.15,81.33,8.4,18531.0,220727.0,79.06,Boa,0,0,0
2024-04-20,4,111,Campo Grande,XVIII,XVIII — Campo Grande,-22.9038,-43.5592,35.75,69.0,,45.12,115.58,29.28,,,25.01,27.72,22.65,85.65,69.28,0.0,6.44,0.52,2873.16,,62.45,77.25,46.2,63.9,28.15,81.33,8.4,18531.0,220727.0,79.06,Boa,0,0,0
2024-04-21,4,112,Campo Grande,XVIII,XVIII — Campo Grande,-22.9038,-43.5592,43.27,111.0,,53.44,167.68,30.58,,,26.02,29.77,23.02,78.83,51.08,0.0,1.77,0.72,2912.66,,62.45,77.25,46.2,63.9,28.15,81.33,8.4,18531.0,220727.0,79.06,Boa,0,1,0
2024-04-22,4,113,Campo Grande,XVIII,XVIII — Campo Grande,-22.9038,-43.5592,39.29,74.0,,52.38,148.81,31.52,,,26.45,30.67,22.95,79.47,50.02,0.0,8.28,0.85,2953.94,,62.45,77.25,46.2,63.9,28.15,81.33,8.4,18531.0,220727.0,79.06,Boa,0,0,0
2024-04-23,4,114,Campo Grande,XVIII,XVIII — Campo Grande,-22.9038,-43.5592,59.83,107.0,,48.36,129.09,38.49,,,27.71,32.38,24.3,74.05,38.8,0.0,6.62,0.82,3003.5,,62.45,77.25,46.2,63.9,28.15,81.33,8.4,18531.0,220727.0,79.06,Boa,0,1,0
2024-04-24,4,115,Campo Grande,XVIII,XVIII — Campo Grande,-22.9038,-43.5592,52.52,94.0,,75.62,151.2,30.78,,,28.09,32.97,24.8,74.97,39.75,0.0,-10.95,-0.51,3059.68,,62.45,77.25,46.2,63.9,28.15,81.33,8.4,18531.0,220727.0,79.06,Boa,0,1,0
2024-04-25,4,116,Campo Grande,XVIII,XVIII — Campo Grande,-22.9038,-43.5592,37.92,59.0,,62.08,85.68,24.01,,,26.69,28.32,25.82,97.47,95.13,0.0,-6.49,-0.68,3104.9,,62.45,77.25,46.2,63.9,28.15,81.33,8.4,18531.0,220727.0,79.06,Boa,0,0,0
2024-04-26,4,117,Campo Grande,XVIII,XVIII — Campo Grande,-22.9038,-43.5592,39.54,60.0,,38.5,72.47,27.86,,,26.74,28.43,25.6,90.93,80.27,0.0,5.86,0.51,3143.63,,62.45,77.25,46.2,63.9,28.15,81.33,8.4,18531.0,220727.0,79.06,Boa,0,0,0
2024-04-27,4,118,Campo Grande,XVIII,XVIII — Campo Grande,-22.9038,-43.5592,49.64,94.0,,30.79,64.88,34.13,,,27.71,31.67,24.23,79.51,51.77,0.0,2.23,1.42,3188.22,,62.45,77.25,46.2,63.9,28.15,81.33,8.4,18531.0,220727.0,79.06,Boa,0,1,0
2024-04-28,4,119,Campo Grande,XVIII,XVIII — Campo Grande,-22.9038,-43.5592,44.0,107.0,,61.03,128.57,28.04,,,29.58,33.73,26.73,67.08,40.93,0.0,0.55,0.07,3235.04,,62.45,77.25,46.2,63.9,28.15,81.33,8.4,18531.0,220727.0,79.06,Boa,0,1,0
2024-04-29,4,120,Campo Grande,XVIII,XVIII — Campo Grande,-22.9038,-43.5592,50.75,113.0,,75.52,143.37,28.66,,,27.85,31.98,25.62,89.26,59.83,0.0,14.19,-0.47,3282.42,,62.45,77.25,46.2,63.9,28.15,81.33,8.4,18531.0,220727.0,79.06,Boa,0,1,0
2024-04-30,4,121,Campo Grande,XVIII,XVIII — Campo Grande,-22.9038,-43.5592,72.38,111.0,,57.53,144.47,44.1,,,28.64,32.88,25.42,82.26,48.53,0.0,1.96,0.8,3343.98,,62.45,77.25,46.2,63.9,28.15,81.33,8.4,18531.0,220727.0,79.06,Boa,0,1,0
2024-05-01,5,122,Campo Grande,XVIII,XVIII — Campo Grande,-22.9038,-43.5592,54.67,133.0,,62.43,141.32,32.48,,,29.44,33.33,26.3,72.43,41.7,0.0,-2.66,0.58,3407.51,,62.45,77.25,46.2,63.9,28.15,81.33,8.4,18531.0,220727.0,68.2,Regular,0,1,0
2024-05-02,5,123,Campo Grande,XVIII,XVIII — Campo Grande,-22.9038,-43.5592,67.05,113.0,,35.97,102.99,44.99,,,29.8,33.67,26.32,70.4,41.7,0.0,-7.05,-0.78,3468.37,,62.45,77.25,46.2,63.9,28.15,81.33,8.4,18531.0,220727.0,68.2,Regular,0,1,0
2024-05-03,5,124,Campo Grande,XVIII,XVIII — Campo Grande,-22.9038,-43.5592,40.58,76.0,,57.52,89.06,27.9,,,27.89,29.77,25.62,83.49,68.93,0.0,-1.25,-0.76,3522.18,,62.45,77.25,46.2,63.9,28.15,81.33,8.4,18531.0,220727.0,68.2,Regular,0,0,0
2024-05-04,5,125,Campo Grande,XVIII,XVIII — Campo Grande,-22.9038,-43.5592,64.55,121.0,,71.01,184.94,42.53,,,28.28,32.97,24.52,79.15,48.3,0.0,9.17,0.29,3574.75,,62.45,77.25,46.2,63.9,28.15,81.33,8.4,18531.0,220727.0,68.2,Regular,0,1,0
2024-05-05,5,126,Campo Grande,XVIII,XVIII — Campo Grande,-22.9038,-43.5592,58.92,133.0,,65.21,153.54,34.69,,,28.47,32.77,25.23,76.98,44.67,0.0,-1.08,-0.15,3636.48,,62.45,77.25,46.2,63.9,28.15,81.33,8.4,18531.0,220727.0,68.2,Regular,0,1,0
2024-05-06,5,127,Campo Grande,XVIII,XVIII — Campo Grande,-22.9038,-43.5592,62.38,105.0,,36.39,101.64,33.72,,,27.98,31.7,24.72,77.09,49.63,0.0,-1.72,0.03,3697.13,,62.45,77.25,46.2,63.9,28.15,81.33,8.4,18531.0,220727.0,68.2,Regular,0,1,0
2024-05-07,5,128,Campo Grande,XVIII,XVIII — Campo Grande,-22.9038,-43.5592,55.48,99.0,,28.05,59.38,36.54,,,28.52,31.9,25.3,73.06,49.15,0.0,1.92,0.54,3756.06,,62.45,77.25,46.2,63.9,28.15,81.33,8.4,18531.0,220727.0,68.2,Regular,0,1,0
2024-05-08,5,129,Campo Grande,XVIII,XVIII — Campo Grande,-22.9038,-43.5592,66.22,111.0,,29.48,69.36,35.67,,,29.05,32.58,25.62,67.11,44.4,0.0,-3.4,0.47,3816.91,,62.45,77.25,46.2,63.9,28.15,81.33,8.4,18531.0,220727.0,68.2,Regular,0,1,0
2024-05-09,5,130,Campo Grande,XVIII,XVIII — Campo Grande,-22.9038,-43.5592,48.67,138.0,,56.63,96.23,32.31,,,29.47,32.98,26.77,63.25,40.5,0.0,-4.58,-0.06,3874.36,,62.45,77.25,46.2,63.9,28.15,81.33,8.4,18531.0,220727.0,68.2,Regular,0,1,0
2024-05-10,5,131,Campo Grande,XVIII,XVIII — Campo Grande,-22.9038,-43.5592,57.050000000000004,,,50.370000000000005,,,,,28.935,,,69.24000000000001,,0.0,8.38,-0.54,3927.22,,62.45,77.25,46.2,63.9,28.15,81.33,8.4,18531.0,220727.0,68.2,Regular,1,0,1
2024-05-11,5,132,Campo Grande,XVIII,XVIII — Campo Grande,-22.9038,-43.5592,65.43,140.0,,44.11,102.12,37.67,,,28.4,32.98,24.9,75.23,41.0,0.0,6.41,0.14,3988.46,,62.45,77.25,46.2,63.9,28.15,81.33,8.4,18531.0,220727.0,68.2,Regular,0,1,0
2024-05-12,5,133,Campo Grande,XVIII,XVIII — Campo Grande,-22.9038,-43.5592,69.87,153.0,,51.34,132.5,37.5,,,29.21,33.78,25.9,65.68,38.53,0.0,3.11,0.54,4056.11,,62.45,77.25,46.2,63.9,28.15,81.33,8.4,18531.0,220727.0,68.2,Regular,0,1,0
2024-05-13,5,134,Campo Grande,XVIII,XVIII — Campo Grande,-22.9038,-43.5592,71.65,213.0,,45.07,112.52,40.44,,,29.49,34.08,26.0,58.77,29.93,0.0,-17.08,-1.27,4126.87,,62.45,77.25,46.2,63.9,28.15,81.33,8.4,18531.0,220727.0,68.2,Regular,0,1,0
2024-05-14,5,135,Campo Grande,XVIII,XVIII — Campo Grande,-22.9038,-43.5592,35.71,88.0,,49.59,89.98,23.56,,,26.67,29.3,24.52,91.04,74.97,0.4,-30.6,-2.64,4180.55,,62.45,77.25,46.2,63.9,28.15,81.33,8.4,18531.0,220727.0,68.2,Regular,0,1,0
2024-05-15,5,136,Campo Grande,XVIII,XVIII — Campo Grande,-22.9038,-43.5592,10.45,31.0,,38.69,51.56,23.93,,,24.21,25.12,23.72,97.95,96.78,1.4,2.04,-0.52,4203.63,,62.45,77.25,46.2,63.9,28.15,81.33,8.4,18531.0,220727.0,68.2,Regular,0,0,0
2024-05-16,5,137,Campo Grande,XVIII,XVIII — Campo Grande,-22.9038,-43.5592,39.8,78.0,,38.14,87.24,32.67,,,25.63,28.7,23.52,94.46,80.92,0.2,25.94,2.21,4228.75,,62.45,77.25,46.2,63.9,28.15,81.33,8.4,18531.0,220727.0,68.2,Regular,0,0,0
2024-05-17,5,138,Campo Grande,XVIII,XVIII — Campo Grande,-22.9038,-43.5592,62.32,161.0,,35.18,87.39,40.75,,,28.63,33.37,24.7,71.5,38.63,0.0,4.6,0.68,4279.81,,62.45,77.25,46.2,63.9,28.15,81.33,8.4,18531.0,220727.0,68.2,Regular,0,1,0
2024-05-18,5,139,Campo Grande,XVIII,XVIII — Campo Grande,-22.9038,-43.5592,49.0,84.0,,67.55,110.41,28.69,,,26.99,28.77,25.89,89.63,77.07,0.0,-12.8,-1.14,4335.47,,62.45,77.25,46.2,63.9,28.15,81.33,8.4,18531.0,220727.0,68.2,Regular,0,0,0
2024-05-19,5,140,Campo Grande,XVIII,XVIII — Campo Grande,-22.9038,-43.5592,36.71,59.0,,56.32,97.07,29.59,,,26.35,28.47,25.03,95.26,84.39,0.0,-7.24,-0.15,4378.33,,62.45,77.25,46.2,63.9,28.15,81.33,8.4,18531.0,220727.0,68.2,Regular,0,0,0
2024-05-20,5,141,Campo Grande,XVIII,XVIII — Campo Grande,-22.9038,-43.5592,34.52,53.0,,47.42,91.52,27.94,,,26.69,31.62,24.61,89.86,51.11,0.0,-6.5,-0.78,4413.94,,62.45,77.25,46.2,63.9,28.15,81.33,8.4,18531.0,220727.0,68.2,Regular,0,0,0
2024-05-21,5,142,Campo Grande,XVIII,XVIII — Campo Grande,-22.9038,-43.5592,23.71,54.0,,33.74,55.03,20.59,,,24.8,25.62,23.9,98.0,98.0,1.0,4.93,-0.28,4443.06,,62.45,77.25,46.2,63.9,28.15,81.33,8.4,18531.0,220727.0,68.2,Regular,0,0,0
2024-05-22,5,143,Campo Grande,XVIII,XVIII — Campo Grande,-22.9038,-43.5592,44.38,72.0,,41.75,116.76,,,,26.13,29.8,23.13,88.43,64.2,0.0,11.48,1.12,4477.1,,62.45,77.25,46.2,63.9,28.15,81.33,8.4,18531.0,220727.0,68.2,Regular,0,0,0
2024-05-23,5,144,Campo Grande,XVIII,XVIII — Campo Grande,-22.9038,-43.5592,46.67,88.0,,35.36,85.41,,,,27.05,31.23,23.63,81.15,49.1,0.0,0.69,0.42,4522.62,,62.45,77.25,46.2,63.9,28.15,81.33,8.4,18531.0,220727.0,68.2,Regular,0,1,0
2024-05-24,5,145,Campo Grande,XVIII,XVIII — Campo Grande,-22.9038,-43.5592,45.76,72.0,,48.04,117.37,,,,26.97,32.08,24.0,82.08,45.03,0.0,-10.86,-1.12,4568.84,,62.45,77.25,46.2,63.9,28.15,81.33,8.4,18531.0,220727.0,68.2,Regular,0,0,0
2024-05-25,5,146,Campo Grande,XVIII,XVIII — Campo Grande,-22.9038,-43.5592,24.96,44.0,,44.68,58.33,,,,24.8,26.37,23.17,96.47,88.77,2.0,-18.34,-2.17,4604.2,,62.45,77.25,46.2,63.9,28.15,81.33,8.4,18531.0,220727.0,68.2,Regular,0,0,0
2024-05-26,5,147,Campo Grande,XVIII,XVIII — Campo Grande,-22.9038,-43.5592,9.09,27.0,,43.22,55.59,,,,22.63,23.4,22.3,98.0,98.0,14.6,-2.03,-0.39,4621.22,,62.45,77.25,46.2,63.9,28.15,81.33,8.4,18531.0,220727.0,68.2,Regular,0,0,0
2024-05-27,5,148,Campo Grande,XVIII,XVIII — Campo Grande,-22.9038,-43.5592,20.9,,,42.22,,,,,24.02,,,95.485,,0.0,11.81,1.39,4636.22,,62.45,77.25,46.2,63.9,28.15,81.33,8.4,18531.0,220727.0,68.2,Regular,1,0,1
2024-05-28,5,149,Campo Grande,XVIII,XVIII — Campo Grande,-22.9038,-43.5592,32.71,46.0,,41.22,88.05,,,,25.41,29.62,22.73,92.97,74.9,0.0,0.53,-0.17,4663.02,,62.45,77.25,46.2,63.9,28.15,81.33,8.4,18531.0,220727.0,68.2,Regular,0,0,0
2024-05-29,5,150,Campo Grande,XVIII,XVIII — Campo Grande,-22.9038,-43.5592,21.95,36.0,,49.82,64.95,,,,23.67,24.35,23.2,90.6,82.4,0.0,-5.38,-0.92,4690.35,,62.45,77.25,46.2,63.9,28.15,81.33,8.4,18531.0,220727.0,68.2,Regular,0,0,0
2024-05-30,5,151,Campo Grande,XVIII,XVIII — Campo Grande,-22.9038,-43.5592,21.95,44.0,,51.7,79.22,20.38,,,23.58,25.4,21.78,84.41,64.12,0.0,6.35,-0.33,4712.3,,62.45,77.25,46.2,63.9,28.15,81.33,8.4,18531.0,220727.0,68.2,Regular,0,0,0
2024-05-31,5,152,Campo Grande,XVIII,XVIII — Campo Grande,-22.9038,-43.5592,34.65,68.0,,32.3,65.92,23.62,,,23.01,24.77,21.4,94.72,84.43,1.0,9.58,0.18,4740.6,,62.45,77.25,46.2,63.9,28.15,81.33,8.4,18531.0,220727.0,68.2,Regular,0,0,0
2024-06-01,6,153,Campo Grande,XVIII,XVIII — Campo Grande,-22.9038,-43.5592,41.1,,,31.796666666666663,,,,,23.936666666666667,,,89.21666666666667,,0.0,6.45,0.93,4778.48,,62.45,77.25,46.2,63.9,28.15,81.33,8.4,18531.0,220727.0,67.73,Regular,1,0,1
2024-06-02,6,154,Campo Grande,XVIII,XVIII — Campo Grande,-22.9038,-43.5592,47.55,,,31.293333333333333,,,,,24.863333333333333,,,83.71333333333332,,0.0,6.45,0.93,4822.8,,62.45,77.25,46.2,63.9,28.15,81.33,8.4,18531.0,220727.0,67.73,Regular,1,0,1
2024-06-03,6,155,Campo Grande,XVIII,XVIII — Campo Grande,-22.9038,-43.5592,54.0,135.0,,30.79,63.79,30.31,,,25.79,30.2,22.17,78.21,44.18,0.0,-7.5,0.02,4873.58,,62.45,77.25,46.2,63.9,28.15,81.33,8.4,18531.0,220727.0,67.73,Regular,0,1,0
2024-06-04,6,156,Campo Grande,XVIII,XVIII — Campo Grande,-22.9038,-43.5592,32.54,75.0,,55.72,85.79,21.75,,,24.91,26.78,23.92,95.69,88.05,2.2,-16.54,-0.99,4916.85,,62.45,77.25,46.2,63.9,28.15,81.33,8.4,18531.0,220727.0,67.73,Regular,0,0,0
2024-06-05,6,157,Campo Grande,XVIII,XVIII — Campo Grande,-22.9038,-43.5592,20.92,45.0,,35.56,65.64,26.07,,,23.81,25.07,22.83,98.0,98.0,1.8,3.59,-0.1,4943.58,,62.45,77.25,46.2,63.9,28.15,81.33,8.4,18531.0,220727.0,67.73,Regular,0,0,0
2024-06-06,6,158,Campo Grande,XVIII,XVIII — Campo Grande,-22.9038,-43.5592,39.71,103.0,,36.04,88.45,30.09,,,24.71,28.6,21.9,91.06,66.6,0.0,19.08,0.75,4973.89,,62.45,77.25,46.2,63.9,28.15,81.33,8.4,18531.0,220727.0,67.73,Regular,0,1,0
2024-06-07,6,159,Campo Grande,XVIII,XVIII — Campo Grande,-22.9038,-43.5592,59.08,137.0,,38.02,104.89,32.13,,,25.31,29.38,22.33,85.83,46.08,0.0,10.38,0.4,5023.29,,62.45,77.25,46.2,63.9,28.15,81.33,8.4,18531.0,220727.0,67.73,Regular,0,1,0
2024-06-08,6,160,Campo Grande,XVIII,XVIII — Campo Grande,-22.9038,-43.5592,60.46,88.0,,54.61,128.17,30.92,,,25.51,29.47,22.4,88.54,59.23,0.0,0.05,-0.02,5083.06,,62.45,77.25,46.2,63.9,28.15,81.33,8.4,18531.0,220727.0,67.73,Regular,0,1,0
2024-06-09,6,161,Campo Grande,XVIII,XVIII — Campo Grande,-22.9038,-43.5592,59.18,96.0,,29.76,75.19,30.02,,,25.27,28.8,22.93,86.57,58.5,0.0,-3.62,0.3,5142.88,,62.45,77.25,46.2,63.9,28.15,81.33,8.4,18531.0,220727.0,67.73,Regular,0,1,0
2024-06-10,6,162,Campo Grande,XVIII,XVIII — Campo Grande,-22.9038,-43.5592,53.21,150.0,,43.56,125.43,31.13,,,26.11,30.58,22.73,79.07,45.8,0.0,13.71,0.31,5199.07,,62.45,77.25,46.2,63.9,28.15,81.33,8.4,18531.0,220727.0,67.73,Regular,0,1,0
2024-06-11,6,163,Campo Grande,XVIII,XVIII — Campo Grande,-22.9038,-43.5592,86.6,132.0,,48.62,174.64,48.84,,,25.9,30.68,22.62,79.93,42.02,0.0,15.18,-0.3,5268.98,,62.45,77.25,46.2,63.9,28.15,81.33,8.4,18531.0,220727.0,67.73,Regular,0,1,0
2024-06-12,6,164,Campo Grande,XVIII,XVIII — Campo Grande,-22.9038,-43.5592,83.57,153.0,,54.43,163.7,53.12,,,25.5,29.38,22.25,80.65,43.28,0.0,-6.98,-0.14,5354.06,,62.45,77.25,46.2,63.9,28.15,81.33,8.4,18531.0,220727.0,67.73,Regular,0,1,0
2024-06-13,6,165,Campo Grande,XVIII,XVIII — Campo Grande,-22.9038,-43.5592,72.64,116.0,,29.38,69.78,48.71,,,25.62,30.0,22.02,75.35,39.87,0.0,-8.94,0.29,5432.17,,62.45,77.25,46.2,63.9,28.15,81.33,8.4,18531.0,220727.0,67.73,Regular,0,1,0
2024-06-14,6,166,Campo Grande,XVIII,XVIII — Campo Grande,-22.9038,-43.5592,65.68,118.0,,32.61,72.57,44.03,,,26.09,30.6,22.4,76.64,41.72,0.0,-10.44,0.55,5501.33,,62.45,77.25,46.2,63.9,28.15,81.33,8.4,18531.0,220727.0,67.73,Regular,0,1,0
2024-06-15,6,167,Campo Grande,XVIII,XVIII — Campo Grande,-22.9038,-43.5592,51.75,95.0,,33.3,74.76,43.56,,,26.73,30.5,22.73,64.65,40.85,0.0,-7.89,0.32,5560.04,,62.45,77.25,46.2,63.9,28.15,81.33,8.4,18531.0,220727.0,67.73,Regular,0,1,0
2024-06-16,6,168,Campo Grande,XVIII,XVIII — Campo Grande,-22.9038,-43.5592,49.91,98.0,,37.12,82.43,40.84,,,26.73,30.77,23.12,65.65,39.47,0.0,4.27,0.01,5610.87,,62.45,77.25,46.2,63.9,28.15,81.33,8.4,18531.0,220727.0,67.73,Regular,0,1,0
2024-06-17,6,169,Campo Grande,XVIII,XVIII — Campo Grande,-22.9038,-43.5592,60.29,165.0,,30.47,80.42,43.27,,,26.75,30.87,23.45,63.72,36.33,0.0,6.55,-0.04,5665.97,,62.45,77.25,46.2,63.9,28.15,81.33,8.4,18531.0,220727.0,67.73,Regular,0,1,0
2024-06-18,6,170,Campo Grande,XVIII,XVIII — Campo Grande,-22.9038,-43.5592,63.0,146.0,,43.17,105.89,41.48,,,26.66,30.5,23.43,60.32,36.42,0.0,3.71,-0.4,5727.62,,62.45,77.25,46.2,63.9,28.15,81.33,8.4,18531.0,220727.0,67.73,Regular,0,1,0
2024-06-19,6,171,Campo Grande,XVIII,XVIII — Campo Grande,-22.9038,-43.5592,67.71,131.0,,39.95,110.13,42.07,,,25.95,31.07,22.33,68.19,38.17,0.0,1.98,-0.38,5792.97,,62.45,77.25,46.2,63.9,28.15,81.33,8.4,18531.0,220727.0,67.73,Regular,0,1,0
2024-06-20,6,172,Campo Grande,XVIII,XVIII — Campo Grande,-22.9038,-43.5592,66.96,129.0,,52.15,131.77,38.13,,,25.91,30.7,22.12,67.17,36.57,0.0,5.9,-0.27,5860.31,,62.45,77.25,46.2,63.9,28.15,81.33,8.4,18531.0,220727.0,67.73,Regular,0,1,0
2024-06-21,6,173,Campo Grande,XVIII,XVIII — Campo Grande,-22.9038,-43.5592,79.5,173.0,,54.94,150.69,47.35,,,25.41,29.8,21.95,79.26,40.37,0.0,0.34,0.18,5933.54,,62.45,77.25,46.2,63.9,28.15,81.33,8.4,18531.0,220727.0,67.73,Regular,0,1,0
2024-06-22,6,174,Campo Grande,XVIII,XVIII — Campo Grande,-22.9038,-43.5592,67.64,140.0,,37.62,102.55,40.93,,,26.26,30.47,22.62,74.72,42.85,0.0,-13.32,0.94,6007.11,,62.45,77.25,46.2,63.9,28.15,81.33,8.4,18531.0,220727.0,67.73,Regular,0,1,0
2024-06-23,6,175,Campo Grande,XVIII,XVIII — Campo Grande,-22.9038,-43.5592,52.87,115.0,,34.1,86.33,37.28,,,27.28,31.5,23.42,65.51,37.72,0.0,-8.94,0.8,6067.36,,62.45,77.25,46.2,63.9,28.15,81.33,8.4,18531.0,220727.0,67.73,Regular,0,1,0
2024-06-24,6,176,Campo Grande,XVIII,XVIII — Campo Grande,-22.9038,-43.5592,49.76,108.0,,39.97,83.84,35.32,,,27.87,31.27,24.93,65.78,44.0,0.0,-7.49,-0.6,6118.68,,62.45,77.25,46.2,63.9,28.15,81.33,8.4,18531.0,220727.0,67.73,Regular,0,1,0
2024-06-25,6,177,Campo Grande,XVIII,XVIII — Campo Grande,-22.9038,-43.5592,37.88,66.0,,68.38,94.42,23.65,,,26.09,28.08,25.3,94.07,78.35,0.0,1.77,-0.42,6162.5,,62.45,77.25,46.2,63.9,28.15,81.33,8.4,18531.0,220727.0,67.73,Regular,0,0,0
2024-06-26,6,178,Campo Grande,XVIII,XVIII — Campo Grande,-22.9038,-43.5592,53.29,109.0,,48.01,94.63,36.22,,,27.04,30.78,23.93,82.5,52.18,0.0,-1.65,-0.24,6208.08,,62.45,77.25,46.2,63.9,28.15,81.33,8.4,18531.0,220727.0,67.73,Regular,0,1,0
2024-06-27,6,179,Campo Grande,XVIII,XVIII — Campo Grande,-22.9038,-43.5592,34.58,47.0,,50.47,77.36,22.02,,,25.61,28.05,24.8,93.34,70.17,0.2,4.13,-0.09,6252.02,,62.45,77.25,46.2,63.9,28.15,81.33,8.4,18531.0,220727.0,67.73,Regular,0,0,0
2024-06-28,6,180,Campo Grande,XVIII,XVIII — Campo Grande,-22.9038,-43.5592,61.55,137.0,,37.75,82.47,33.75,,,26.86,30.43,23.82,82.0,56.03,0.0,2.9,0.17,6300.08,,62.45,77.25,46.2,63.9,28.15,81.33,8.4,18531.0,220727.0,67.73,Regular,0,1,0
2024-06-29,6,181,Campo Grande,XVIII,XVIII — Campo Grande,-22.9038,-43.5592,40.38,96.0,,55.29,86.06,21.14,,,25.95,27.88,23.32,88.41,74.77,0.8,-23.82,-2.41,6351.05,,62.45,77.25,46.2,63.9,28.15,81.33,8.4,18531.0,220727.0,67.73,Regular,0,1,0
2024-06-30,6,182,Campo Grande,XVIII,XVIII — Campo Grande,-22.9038,-43.5592,13.92,35.0,,50.34,61.23,20.22,,,22.04,23.13,21.35,98.0,98.0,5.0,-9.46,-2.07,6378.2,,62.45,77.25,46.2,63.9,28.15,81.33,8.4,18531.0,220727.0,67.73,Regular,0,0,0
2024-07-01,7,183,Campo Grande,XVIII,XVIII — Campo Grande,-22.9038,-43.5592,21.46,43.0,,19.39,37.34,30.36,,,21.8,22.88,21.42,98.0,98.0,9.4,15.28,0.62,6395.89,,62.45,77.25,46.2,63.9,28.15,81.33,8.4,18531.0,220727.0,77.66,Boa,0,0,0
2024-07-02,7,184,Campo Grande,XVIII,XVIII — Campo Grande,-22.9038,-43.5592,44.48,104.0,,27.67,94.67,29.93,,,23.28,26.58,20.62,94.53,80.9,0.0,17.5,1.94,6428.86,,62.45,77.25,46.2,63.9,28.15,81.33,8.4,18531.0,220727.0,77.66,Boa,0,1,0
2024-07-03,7,185,Campo Grande,XVIII,XVIII — Campo Grande,-22.9038,-43.5592,56.45,127.0,,39.38,97.54,30.9,,,25.68,29.77,22.23,80.33,45.9,0.0,0.42,1.72,6479.32,,62.45,77.25,46.2,63.9,28.15,81.33,8.4,18531.0,220727.0,77.66,Boa,0,1,0
2024-07-04,7,186,Campo Grande,XVIII,XVIII — Campo Grande,-22.9038,-43.5592,45.32,114.0,,46.46,94.34,32.87,,,26.72,30.8,24.15,75.82,39.23,0.0,7.47,-0.05,6530.21,,62.45,77.25,46.2,63.9,28.15,81.33,8.4,18531.0,220727.0,77.66,Boa,0,1,0
2024-07-05,7,187,Campo Grande,XVIII,XVIII — Campo Grande,-22.9038,-43.5592,71.39,118.0,,39.48,102.19,33.05,,,25.58,30.65,22.7,84.28,37.1,0.0,-2.78,-1.23,6588.56,,62.45,77.25,46.2,63.9,28.15,81.33,8.4,18531.0,220727.0,77.66,Boa,0,1,0
2024-07-06,7,188,Campo Grande,XVIII,XVIII — Campo Grande,-22.9038,-43.5592,39.75,65.0,,66.49,92.77,24.3,,,24.25,25.2,22.93,96.45,89.9,0.0,-12.28,-0.42,6644.13,,62.45,77.25,46.2,63.9,28.15,81.33,8.4,18531.0,220727.0,77.66,Boa,0,0,0
2024-07-07,7,189,Campo Grande,XVIII,XVIII — Campo Grande,-22.9038,-43.5592,46.82,83.0,,67.17,121.67,25.22,,,24.74,29.07,22.5,89.37,58.43,0.0,-9.64,-0.18,6687.42,,62.45,77.25,46.2,63.9,28.15,81.33,8.4,18531.0,220727.0,77.66,Boa,0,0,0
2024-07-08,7,190,Campo Grande,XVIII,XVIII — Campo Grande,-22.9038,-43.5592,20.46,35.0,,65.79,88.03,18.31,,,23.884999999999998,,,93.685,,0.0,-15.91,-0.85,6721.06,,62.45,77.25,46.2,63.9,28.15,81.33,8.4,18531.0,220727.0,77.66,Boa,0,0,1
2024-07-09,7,191,Campo Grande,XVIII,XVIII — Campo Grande,-22.9038,-43.5592,15.0,36.0,,50.18,69.28,19.83,,,23.03,23.98,22.6,98.0,98.0,1.0,6.56,0.19,6738.79,,62.45,77.25,46.2,63.9,28.15,81.33,8.4,18531.0,220727.0,77.66,Boa,0,0,0
2024-07-10,7,192,Campo Grande,XVIII,XVIII — Campo Grande,-22.9038,-43.5592,33.57,67.0,,40.07,86.8,22.87,,,24.27,28.95,22.13,94.42,73.52,8.4,8.76,0.35,6763.07,,62.45,77.25,46.2,63.9,28.15,81.33,8.4,18531.0,220727.0,77.66,Boa,0,0,0
2024-07-11,7,193,Campo Grande,XVIII,XVIII — Campo Grande,-22.9038,-43.5592,32.52,49.0,,38.82,62.78,19.57,,,23.73,24.77,22.72,98.0,98.0,0.0,-4.85,-0.29,6796.12,,62.45,77.25,46.2,63.9,28.15,81.33,8.4,18531.0,220727.0,77.66,Boa,0,0,0
2024-07-12,7,194,Campo Grande,XVIII,XVIII — Campo Grande,-22.9038,-43.5592,23.88,52.0,,38.93,64.83,,,,23.7,24.47,23.18,98.0,98.0,0.2,-11.42,-0.39,6824.32,,62.45,77.25,46.2,63.9,28.15,81.33,8.4,18531.0,220727.0,77.66,Boa,0,0,0
2024-07-13,7,195,Campo Grande,XVIII,XVIII — Campo Grande,-22.9038,-43.5592,9.67,24.0,,46.1,62.84,,,,22.94,23.48,22.4,97.95,96.78,5.6,-1.81,0.1,6841.09,,62.45,77.25,46.2,63.9,28.15,81.33,8.4,18531.0,220727.0,77.66,Boa,0,0,0
2024-07-14,7,196,Campo Grande,XVIII,XVIII — Campo Grande,-22.9038,-43.5592,20.25,54.0,,52.69,89.19,,,,23.89,28.87,22.4,94.42,64.8,0.0,3.72,-0.01,6856.05,,62.45,77.25,46.2,63.9,28.15,81.33,8.4,18531.0,220727.0,77.66,Boa,0,0,0
2024-07-15,7,197,Campo Grande,XVIII,XVIII — Campo Grande,-22.9038,-43.5592,17.1,36.0,,49.67,69.81,,,,22.92,24.25,21.95,97.91,96.93,0.0,3.89,-0.42,6874.73,,62.45,77.25,46.2,63.9,28.15,81.33,8.4,18531.0,220727.0,77.66,Boa,0,0,0
2024-07-16,7,198,Campo Grande,XVIII,XVIII — Campo Grande,-22.9038,-43.5592,28.04,49.0,,35.93,66.16,29.37,,,23.06,26.42,20.72,95.62,82.27,0.0,2.84,0.3,6897.3,,62.45,77.25,46.2,63.9,28.15,81.33,8.4,18531.0,220727.0,77.66,Boa,0,0,0
2024-07-17,7,199,Campo Grande,XVIII,XVIII — Campo Grande,-22.9038,-43.5592,22.79,48.0,,55.14,83.26,23.77,,,23.52,25.8,22.22,96.03,86.95,0.0,8.45,0.08,6922.71,,62.45,77.25,46.2,63.9,28.15,81.33,8.4,18531.0,220727.0,77.66,Boa,0,0,0
2024-07-18,7,200,Campo Grande,XVIII,XVIII — Campo Grande,-22.9038,-43.5592,44.94,65.0,,44.62,98.39,26.78,,,23.21,28.12,21.4,94.99,68.32,0.0,6.03,-0.12,6956.58,,62.45,77.25,46.2,63.9,28.15,81.33,8.4,18531.0,220727.0,77.66,Boa,0,0,0
2024-07-19,7,201,Campo Grande,XVIII,XVIII — Campo Grande,-22.9038,-43.5592,34.85,77.0,,53.985,71.31,23.12,,,23.28,25.13,21.75,95.52,85.6,0.0,1.46,-0.25,6996.47,,62.45,77.25,46.2,63.9,28.15,81.33,8.4,18531.0,220727.0,77.66,Boa,0,0,1
2024-07-20,7,202,Campo Grande,XVIII,XVIII — Campo Grande,-22.9038,-43.5592,47.85,92.0,,63.35,108.85,25.24,,,22.71,26.1,20.2,93.09,76.17,0.0,8.5,0.05,7037.82,,62.45,77.25,46.2,63.9,28.15,81.33,8.4,18531.0,220727.0,77.66,Boa,0,1,0
2024-07-21,7,203,Campo Grande,XVIII,XVIII — Campo Grande,-22.9038,-43.5592,51.86,96.0,,55.82,113.7,30.35,,,23.38,26.45,21.23,91.64,73.17,0.0,-0.43,0.42,7087.68,,62.45,77.25,46.2,63.9,28.15,81.33,8.4,18531.0,220727.0,77.66,Boa,0,1,0
2024-07-22,7,204,Campo Grande,XVIII,XVIII — Campo Grande,-22.9038,-43.5592,47.0,76.0,,50.35,96.41,25.04,,,23.55,28.05,21.0,91.48,61.72,0.0,-3.22,-0.04,7137.11,,62.45,77.25,46.2,63.9,28.15,81.33,8.4,18531.0,220727.0,77.66,Boa,0,0,0
2024-07-23,7,205,Campo Grande,XVIII,XVIII — Campo Grande,-22.9038,-43.5592,45.42,72.0,,51.64666666666667,,27.47,,,23.31,26.27,21.83,92.53,74.18,0.0,8.78,0.25,7183.32,,62.45,77.25,46.2,63.9,28.15,81.33,8.4,18531.0,220727.0,77.66,Boa,0,0,1
2024-07-24,7,206,Campo Grande,XVIII,XVIII — Campo Grande,-22.9038,-43.5592,64.57,89.0,,52.943333333333335,,33.58,,,24.06,28.17,21.22,84.45,41.12,0.0,3.88,0.82,7238.31,,62.45,77.25,46.2,63.9,28.15,81.33,8.4,18531.0,220727.0,77.66,Boa,0,1,1
2024-07-25,7,207,Campo Grande,XVIII,XVIII — Campo Grande,-22.9038,-43.5592,53.17,118.0,,54.24,87.13,32.02,,,24.94,29.4,21.12,78.8,39.65,0.0,2.41,0.83,7297.18,,62.45,77.25,46.2,63.9,28.15,81.33,8.4,18531.0,220727.0,77.66,Boa,0,1,0
2024-07-26,7,208,Campo Grande,XVIII,XVIII — Campo Grande,-22.9038,-43.5592,69.38,166.0,,41.21,108.89,36.95,,,25.72,30.42,21.98,74.93,35.72,0.0,14.73,0.44,7358.46,,62.45,77.25,46.2,63.9,28.15,81.33,8.4,18531.0,220727.0,77.66,Boa,0,1,0
2024-07-27,7,209,Campo Grande,XVIII,XVIII — Campo Grande,-22.9038,-43.5592,82.62,142.0,,74.76,153.99,33.16,,,25.83,30.63,22.23,75.27,37.43,0.0,7.4,0.23,7434.46,,62.45,77.25,46.2,63.9,28.15,81.33,8.4,18531.0,220727.0,77.66,Boa,0,1,0
2024-07-28,7,210,Campo Grande,XVIII,XVIII — Campo Grande,-22.9038,-43.5592,84.17,139.0,,81.1,126.91,,,,26.17,31.88,22.43,80.97,37.73,0.0,-15.81,-1.07,7517.85,,62.45,77.25,46.2,63.9,28.15,81.33,8.4,18531.0,220727.0,77.66,Boa,0,1,0
2024-07-29,7,211,Campo Grande,XVIII,XVIII — Campo Grande,-22.9038,-43.5592,51.0,96.0,,84.9,103.35,19.24,,,23.69,24.98,22.72,97.88,96.83,0.0,-31.08,-1.74,7585.44,,62.45,77.25,46.2,63.9,28.15,81.33,8.4,18531.0,220727.0,77.66,Boa,0,1,0
2024-07-30,7,212,Campo Grande,XVIII,XVIII — Campo Grande,-22.9038,-43.5592,22.0,49.0,,46.89,81.8,22.95,,,22.7,23.97,21.33,98.0,98.0,7.6,-11.5,-0.12,7621.94,,62.45,77.25,46.2,63.9,28.15,81.33,8.4,18531.0,220727.0,77.66,Boa,0,0,0
2024-07-31,7,213,Campo Grande,XVIII,XVIII — Campo Grande,-22.9038,-43.5592,28.0,47.0,,34.36,68.24,26.11,,,23.44,26.18,21.23,94.44,79.3,0.0,3.39,0.93,7646.94,,62.45,77.25,46.2,63.9,28.15,81.33,8.4,18531.0,220727.0,77.66,Boa,0,0,0
2024-08-01,8,214,Campo Grande,XVIII,XVIII — Campo Grande,-22.9038,-43.5592,28.78,45.0,,39.75,86.55,25.23,,,24.56,27.88,22.12,87.38,64.68,0.0,8.73,0.67,7675.33,,62.45,77.25,46.2,63.9,28.15,81.33,8.4,18531.0,220727.0,60.39,Regular,0,0,0
2024-08-02,8,215,Campo Grande,XVIII,XVIII — Campo Grande,-22.9038,-43.5592,45.46,84.0,,44.83,114.03,28.42,,,24.79,28.27,21.85,82.5,48.2,0.0,5.11,0.46,7712.45,,62.45,77.25,46.2,63.9,28.15,81.33,8.4,18531.0,220727.0,60.39,Regular,0,0,0
2024-08-03,8,216,Campo Grande,XVIII,XVIII — Campo Grande,-22.9038,-43.5592,39.0,57.0,,40.16,127.86,26.03,,,25.48,29.28,21.8,85.11,55.67,0.0,-8.5,0.96,7754.68,,62.45,77.25,46.2,63.9,28.15,81.33,8.4,18531.0,220727.0,60.39,Regular,0,0,0
2024-08-04,8,217,Campo Grande,XVIII,XVIII — Campo Grande,-22.9038,-43.5592,28.46,71.0,,33.21,53.77,27.12,,,26.71,30.68,23.3,80.89,49.97,0.0,-1.32,0.8,7788.41,,62.45,77.25,46.2,63.9,28.15,81.33,8.4,18531.0,220727.0,60.39,Regular,0,0,0
2024-08-05,8,218,Campo Grande,XVIII,XVIII — Campo Grande,-22.9038,-43.5592,36.35,60.0,,40.71,56.45,32.34,,,27.09,31.88,23.5,77.55,36.78,0.0,9.7,0.47,7820.81,,62.45,77.25,46.2,63.9,28.15,81.33,8.4,18531.0,220727.0,60.39,Regular,0,0,0
2024-08-06,8,219,Campo Grande,XVIII,XVIII — Campo Grande,-22.9038,-43.5592,47.85,115.0,,44.0,106.42,38.25,,,27.66,31.78,23.9,69.41,34.83,0.0,7.91,0.46,7862.91,,62.45,77.25,46.2,63.9,28.15,81.33,8.4,18531.0,220727.0,60.39,Regular,0,1,0
2024-08-07,8,220,Campo Grande,XVIII,XVIII — Campo Grande,-22.9038,-43.5592,52.17,112.0,,43.28,91.37,40.11,,,28.01,31.9,24.32,54.29,32.07,0.0,2.53,-0.14,7912.92,,62.45,77.25,46.2,63.9,28.15,81.33,8.4,18531.0,220727.0,60.39,Regular,0,1,0
2024-08-08,8,221,Campo Grande,XVIII,XVIII — Campo Grande,-22.9038,-43.5592,52.91,84.0,,55.52,101.77,32.01,,,27.37,31.98,24.53,65.38,35.95,0.0,-2.41,-1.35,7965.46,,62.45,77.25,46.2,63.9,28.15,81.33,8.4,18531.0,220727.0,60.39,Regular,0,0,0
2024-08-09,8,222,Campo Grande,XVIII,XVIII — Campo Grande,-22.9038,-43.5592,47.35,85.0,,82.71,126.45,24.25,,,25.32,28.65,23.73,89.73,56.42,1.4,-20.62,-3.07,8015.59,,62.45,77.25,46.2,63.9,28.15,81.33,8.4,18531.0,220727.0,60.39,Regular,0,0,0
2024-08-10,8,223,Campo Grande,XVIII,XVIII — Campo Grande,-22.9038,-43.5592,11.67,40.0,,50.97,69.46,25.66,,,21.24,23.38,20.23,97.86,95.13,28.8,-8.39,-1.77,8045.1,,62.45,77.25,46.2,63.9,28.15,81.33,8.4,18531.0,220727.0,60.39,Regular,0,0,0
2024-08-11,8,224,Campo Grande,XVIII,XVIII — Campo Grande,-22.9038,-43.5592,30.58,78.0,,36.01,98.83,29.88,,,21.79,25.58,18.52,87.06,60.38,0.0,10.38,0.55,8066.23,,62.45,77.25,46.2,63.9,28.15,81.33,8.4,18531.0,220727.0,60.39,Regular,0,0,0
2024-08-12,8,225,Campo Grande,XVIII,XVIII — Campo Grande,-22.9038,-43.5592,32.42,60.0,,54.77,90.14,23.14,,,22.34,24.98,20.33,79.0,55.68,0.0,3.52,-0.24,8097.73,,62.45,77.25,46.2,63.9,28.15,81.33,8.4,18531.0,220727.0,60.39,Regular,0,0,0
2024-08-13,8,226,Campo Grande,XVIII,XVIII — Campo Grande,-22.9038,-43.5592,37.61,83.0,,46.97,88.37,27.59,,,21.3,23.7,18.33,76.85,54.58,0.0,12.33,0.0,8132.74,,62.45,77.25,46.2,63.9,28.15,81.33,8.4,18531.0,220727.0,60.39,Regular,0,0,0
2024-08-14,8,227,Campo Grande,XVIII,XVIII — Campo Grande,-22.9038,-43.5592,57.08,117.0,,43.44,134.06,35.81,,,22.34,26.7,18.53,81.61,50.73,0.0,10.4,1.34,8180.09,,62.45,77.25,46.2,63.9,28.15,81.33,8.4,18531.0,220727.0,60.39,Regular,0,1,0
2024-08-15,8,228,Campo Grande,XVIII,XVIII — Campo Grande,-22.9038,-43.5592,58.42,101.0,,58.16,176.45,32.53,,,23.99,29.55,20.22,87.12,52.9,0.0,9.05,1.64,8237.84,,62.45,77.25,46.2,63.9,28.15,81.33,8.4,18531.0,220727.0,60.39,Regular,0,1,0
2024-08-16,8,229,Campo Grande,XVIII,XVIII — Campo Grande,-22.9038,-43.5592,75.17,123.0,,64.35,173.55,38.26,,,25.63,31.83,22.3,84.86,42.95,0.0,16.35,1.38,8304.63,,62.45,77.25,46.2,63.9,28.15,81.33,8.4,18531.0,220727.0,60.39,Regular,0,1,0
2024-08-17,8,230,Campo Grande,XVIII,XVIII — Campo Grande,-22.9038,-43.5592,91.12,190.0,,68.5,254.5,51.55,,,26.75,32.27,22.7,73.31,34.0,0.0,6.08,0.57,8387.78,,62.45,77.25,46.2,63.9,28.15,81.33,8.4,18531.0,220727.0,60.39,Regular,0,1,0
2024-08-18,8,231,Campo Grande,XVIII,XVIII — Campo Grande,-22.9038,-43.5592,87.33,150.0,,80.68,237.55,46.84,,,26.77,32.27,22.6,74.18,32.33,0.0,-5.46,0.29,8477.0,,62.45,77.25,46.2,63.9,28.15,81.33,8.4,18531.0,220727.0,60.39,Regular,0,1,0
2024-08-19,8,232,Campo Grande,XVIII,XVIII — Campo Grande,-22.9038,-43.5592,80.21,128.0,,50.23,135.59,51.12,,,27.32,32.6,23.42,70.88,30.36,0.0,-10.25,-0.65,8560.77,,62.45,77.25,46.2,63.9,28.15,81.33,8.4,18531.0,220727.0,60.39,Regular,0,1,0
2024-08-20,8,233,Campo Grande,XVIII,XVIII — Campo Grande,-22.9038,-43.5592,66.83,120.0,,92.82,149.51,30.7,,,25.46,26.88,23.32,82.07,52.78,0.0,-11.79,-0.9,8634.29,,62.45,77.25,46.2,63.9,28.15,81.33,8.4,18531.0,220727.0,60.39,Regular,0,1,0
2024-08-21,8,234,Campo Grande,XVIII,XVIII — Campo Grande,-22.9038,-43.5592,56.62,76.0,,100.91,165.53,31.85,,,25.51,29.03,23.47,87.52,60.58,0.0,2.5,1.05,8696.02,,62.45,77.25,46.2,63.9,28.15,81.33,8.4,18531.0,220727.0,60.39,Regular,0,0,0
2024-08-22,8,235,Campo Grande,XVIII,XVIII — Campo Grande,-22.9038,-43.5592,71.83,152.0,,58.53,147.74,39.85,,,27.56,32.77,22.8,69.27,34.13,0.0,4.88,1.71,8760.24,,62.45,77.25,46.2,63.9,28.15,81.33,8.4,18531.0,220727.0,60.39,Regular,0,1,0
2024-08-23,8,236,Campo Grande,XVIII,XVIII — Campo Grande,-22.9038,-43.5592,66.38,142.0,,72.6,143.38,32.66,,,28.93,34.1,24.72,61.11,29.33,0.0,-14.45,-1.13,8829.35,,62.45,77.25,46.2,63.9,28.15,81.33,8.4,18531.0,220727.0,60.39,Regular,0,1,0
2024-08-24,8,237,Campo Grande,XVIII,XVIII — Campo Grande,-22.9038,-43.5592,42.92,66.0,,89.24,114.33,19.84,,,25.3,28.87,23.5,93.99,71.33,4.4,-26.94,-3.36,8884.0,,62.45,77.25,46.2,63.9,28.15,81.33,8.4,18531.0,220727.0,60.39,Regular,0,0,0
2024-08-25,8,238,Campo Grande,XVIII,XVIII — Campo Grande,-22.9038,-43.5592,12.5,21.0,,56.94,69.14,19.12,,,22.2,23.62,20.5,97.95,96.78,9.4,-11.28,-2.46,8911.71,,62.45,77.25,46.2,63.9,28.15,81.33,8.4,18531.0,220727.0,60.39,Regular,0,0,0
2024-08-26,8,239,Campo Grande,XVIII,XVIII — Campo Grande,-22.9038,-43.5592,20.35,49.0,,42.34,72.79,27.64,,,20.37,21.57,19.1,93.09,80.65,4.8,5.41,-0.28,8928.13,,62.45,77.25,46.2,63.9,28.15,81.33,8.4,18531.0,220727.0,60.39,Regular,0,0,0
2024-08-27,8,240,Campo Grande,XVIII,XVIII — Campo Grande,-22.9038,-43.5592,23.33,41.0,,46.79,100.3,28.06,,,21.65,24.58,19.1,81.87,46.42,0.0,7.68,1.41,8949.97,,62.45,77.25,46.2,63.9,28.15,81.33,8.4,18531.0,220727.0,60.39,Regular,0,0,0
2024-08-28,8,241,Campo Grande,XVIII,XVIII — Campo Grande,-22.9038,-43.5592,35.71,65.0,,47.69,114.93,31.74,,,23.2,26.97,20.33,84.32,58.78,0.0,10.17,1.32,8979.49,,62.45,77.25,46.2,63.9,28.15,81.33,8.4,18531.0,220727.0,60.39,Regular,0,0,0
2024-08-29,8,242,Campo Grande,XVIII,XVIII — Campo Grande,-22.9038,-43.5592,43.67,89.0,,50.38,149.06,35.05,,,24.28,28.45,20.42,82.77,54.97,0.0,10.2,0.98,9019.18,,62.45,77.25,46.2,63.9,28.15,81.33,8.4,18531.0,220727.0,60.39,Regular,0,1,0
2024-08-30,8,243,Campo Grande,XVIII,XVIII — Campo Grande,-22.9038,-43.5592,56.12,131.0,,57.35,135.5,36.89,,,25.16,30.43,21.43,84.13,47.75,0.0,9.4,-0.12,9069.08,,62.45,77.25,46.2,63.9,28.15,81.33,8.4,18531.0,220727.0,60.39,Regular,0,1,0
2024-08-31,8,244,Campo Grande,XVIII,XVIII — Campo Grande,-22.9038,-43.5592,62.46,146.0,,59.3,109.19,30.71,,,24.03,27.2,21.63,96.16,83.98,0.0,2.75,0.9,9128.37,,62.45,77.25,46.2,63.9,28.15,81.33,8.4,18531.0,220727.0,60.39,Regular,0,1,0
2024-09-01,9,245,Campo Grande,XVIII,XVIII — Campo Grande,-22.9038,-43.5592,61.61,103.0,,79.36,223.73,34.0,,,26.96,31.7,23.02,75.59,44.38,0.0,-0.21,0.55,9190.4,,62.45,77.25,46.2,63.9,28.15,81.33,8.4,18531.0,220727.0,61.52,Regular,0,1,0
2024-09-02,9,246,Campo Grande,XVIII,XVIII — Campo Grande,-22.9038,-43.5592,62.05,126.0,,73.36,108.64,24.52,,,25.13,26.5,23.72,89.3,60.03,0.0,-1.97,-0.89,9252.23,,62.45,77.25,46.2,63.9,28.15,81.33,8.4,18531.0,220727.0,61.52,Regular,0,1,0
2024-09-03,9,247,Campo Grande,XVIII,XVIII — Campo Grande,-22.9038,-43.5592,57.67,96.0,,51.46,98.64,32.9,,,25.17,27.85,23.5,91.94,76.38,0.0,5.79,0.58,9312.09,,62.45,77.25,46.2,63.9,28.15,81.33,8.4,18531.0,220727.0,61.52,Regular,0,1,0
2024-09-04,9,248,Campo Grande,XVIII,XVIII — Campo Grande,-22.9038,-43.5592,73.62,129.0,,56.62,143.37,38.36,,,26.28,30.7,23.12,88.74,65.13,0.0,5.94,0.06,9377.74,,62.45,77.25,46.2,63.9,28.15,81.33,8.4,18531.0,220727.0,61.52,Regular,0,1,0
2024-09-05,9,249,Campo Grande,XVIII,XVIII — Campo Grande,-22.9038,-43.5592,69.54,197.0,,68.61,119.68,24.73,,,25.3,29.82,23.73,95.09,73.47,0.0,-24.46,-1.11,9449.32,,62.45,77.25,46.2,63.9,28.15,81.33,8.4,18531.0,220727.0,61.52,Regular,0,1,0
2024-09-06,9,250,Campo Grande,XVIII,XVIII — Campo Grande,-22.9038,-43.5592,24.71,42.0,,62.86,90.85,23.68,,,24.06,24.57,23.43,97.9,96.78,0.4,-3.52,0.15,9496.44,,62.45,77.25,46.2,63.9,28.15,81.33,8.4,18531.0,220727.0,61.52,Regular,0,0,0
2024-09-07,9,251,Campo Grande,XVIII,XVIII — Campo Grande,-22.9038,-43.5592,62.5,84.0,,48.03,121.64,30.51,,,25.6,29.62,23.2,94.09,76.53,0.0,25.42,1.29,9540.05,,62.45,77.25,46.2,63.9,28.15,81.33,8.4,18531.0,220727.0,61.52,Regular,0,0,0
2024-09-08,9,252,Campo Grande,XVIII,XVIII — Campo Grande,-22.9038,-43.5592,75.54,97.0,,56.23,184.8,33.92,,,26.64,32.32,23.5,90.18,56.7,0.0,0.44,1.02,9609.07,,62.45,77.25,46.2,63.9,28.15,81.33,8.4,18531.0,220727.0,61.52,Regular,0,1,0
2024-09-09,9,253,Campo Grande,XVIII,XVIII — Campo Grande,-22.9038,-43.5592,63.38,126.0,,63.89,165.35,34.08,,,27.65,32.95,24.4,81.2,39.7,0.0,-1.24,0.39,9678.53,,62.45,77.25,46.2,63.9,28.15,81.33,8.4,18531.0,220727.0,61.52,Regular,0,1,0
2024-09-10,9,254,Campo Grande,XVIII,XVIII — Campo Grande,-22.9038,-43.5592,73.06,101.0,,45.33,105.79,39.15,,,27.42,33.68,24.13,80.23,31.13,0.0,14.33,0.97,9746.75,,62.45,77.25,46.2,63.9,28.15,81.33,8.4,18531.0,220727.0,61.52,Regular,0,1,0
2024-09-11,9,255,Campo Grande,XVIII,XVIII — Campo Grande,-22.9038,-43.5592,92.04,171.0,,65.91,133.87,54.88,,,29.59,34.6,24.92,56.95,26.45,0.0,4.87,1.38,9829.3,,62.45,77.25,46.2,63.9,28.15,81.33,8.4,18531.0,220727.0,61.52,Regular,0,1,0
2024-09-12,9,256,Campo Grande,XVIII,XVIII — Campo Grande,-22.9038,-43.5592,82.79,171.0,,50.81,139.27,51.63,,,30.17,34.88,25.53,48.95,24.45,0.0,-6.23,-0.36,9916.71,,62.45,77.25,46.2,63.9,28.15,81.33,8.4,18531.0,220727.0,61.52,Regular,0,1,0
2024-09-13,9,257,Campo Grande,XVIII,XVIII — Campo Grande,-22.9038,-43.5592,79.575,,,68.95,,,,,28.87,,,58.18,,0.0,-3.22,-1.3,9997.9,,62.45,77.25,46.2,63.9,28.15,81.33,8.4,18531.0,220727.0,61.52,Regular,1,0,1
2024-09-14,9,258,Campo Grande,XVIII,XVIII — Campo Grande,-22.9038,-43.5592,76.36,154.0,,87.09,125.96,31.88,,,27.57,31.7,25.08,67.41,35.73,0.0,-11.39,-1.74,10075.86,,62.45,77.25,46.2,63.9,28.15,81.33,8.4,18531.0,220727.0,61.52,Regular,0,1,0
2024-09-15,9,259,Campo Grande,XVIII,XVIII — Campo Grande,-22.9038,-43.5592,56.79,80.0,,87.49,112.61,24.38,,,25.39,26.5,24.6,96.34,89.85,0.0,-12.55,-1.36,10142.44,,62.45,77.25,46.2,63.9,28.15,81.33,8.4,18531.0,220727.0,61.52,Regular,0,0,0
2024-09-16,9,260,Campo Grande,XVIII,XVIII — Campo Grande,-22.9038,-43.5592,51.26,106.0,,65.7,98.54,25.63,,,24.86,27.88,22.98,96.62,82.92,1.2,-21.1,-1.22,10196.46,,62.45,77.25,46.2,63.9,28.15,81.33,8.4,18531.0,220727.0,61.52,Regular,0,1,0
2024-09-17,9,261,Campo Grande,XVIII,XVIII — Campo Grande,-22.9038,-43.5592,14.58,33.0,,63.5,86.28,25.52,,,22.94,24.05,22.13,92.5,,3.6,-8.84,-0.32,10229.38,,62.45,77.25,46.2,63.9,28.15,81.33,8.4,18531.0,220727.0,61.52,Regular,0,0,1
2024-09-18,9,262,Campo Grande,XVIII,XVIII — Campo Grande,-22.9038,-43.5592,33.57,85.0,,57.29,106.0,24.33,,,24.21,26.88,22.02,88.38,72.13,0.4,15.15,1.25,10253.46,,62.45,77.25,46.2,63.9,28.15,81.33,8.4,18531.0,220727.0,61.52,Regular,0,0,0
2024-09-19,9,263,Campo Grande,XVIII,XVIII — Campo Grande,-22.9038,-43.5592,44.88,77.0,,62.19,163.12,27.32,,,25.45,29.55,22.13,84.05,56.43,0.0,10.48,1.62,10292.69,,62.45,77.25,46.2,63.9,28.15,81.33,8.4,18531.0,220727.0,61.52,Regular,0,0,0
2024-09-20,9,264,Campo Grande,XVIII,XVIII — Campo Grande,-22.9038,-43.5592,54.54,88.0,,60.04,156.28,30.19,,,27.44,31.78,23.82,80.49,50.28,0.0,1.16,0.52,10342.4,,62.45,77.25,46.2,63.9,28.15,81.33,8.4,18531.0,220727.0,61.52,Regular,0,1,0
2024-09-21,9,265,Campo Grande,XVIII,XVIII — Campo Grande,-22.9038,-43.5592,47.21,72.0,,77.95,111.16,21.04,,,26.48,30.9,24.8,91.62,62.82,0.4,-11.31,-0.53,10393.27,,62.45,77.25,46.2,63.9,28.15,81.33,8.4,18531.0,220727.0,61.52,Regular,0,0,0
2024-09-22,9,266,Campo Grande,XVIII,XVIII — Campo Grande,-22.9038,-43.5592,31.92,56.0,,85.01,122.04,19.59,,,26.39,30.1,24.72,91.05,59.3,0.0,-0.11,0.33,10432.84,,62.45,77.25,46.2,63.9,28.15,81.33,8.4,18531.0,220727.0,61.52,Regular,0,0,0
2024-09-23,9,267,Campo Grande,XVIII,XVIII — Campo Grande,-22.9038,-43.5592,47.0,82.0,,70.26,139.22,23.6,,,27.14,32.12,24.22,86.55,47.07,0.0,10.7,0.2,10472.3,,62.45,77.25,46.2,63.9,28.15,81.33,8.4,18531.0,220727.0,61.52,Regular,0,0,0
2024-09-24,9,268,Campo Grande,XVIII,XVIII — Campo Grande,-22.9038,-43.5592,53.33,97.0,,68.13,131.94,22.37,,,26.79,31.78,24.32,89.78,55.07,0.0,4.43,0.56,10522.46,,62.45,77.25,46.2,63.9,28.15,81.33,8.4,18531.0,220727.0,61.52,Regular,0,1,0
2024-09-25,9,269,Campo Grande,XVIII,XVIII — Campo Grande,-22.9038,-43.5592,55.85,86.0,,56.43,141.3,27.44,,,28.26,34.3,24.5,77.56,32.4,0.0,5.13,0.55,10577.05,,62.45,77.25,46.2,63.9,28.15,81.33,8.4,18531.0,220727.0,61.52,Regular,0,0,0
2024-09-26,9,270,Campo Grande,XVIII,XVIII — Campo Grande,-22.9038,-43.5592,63.59,116.0,,55.16,122.8,27.14,,,27.9,33.72,25.33,82.73,37.73,0.0,-2.98,-1.01,10636.77,,62.45,77.25,46.2,63.9,28.15,81.33,8.4,18531.0,220727.0,61.52,Regular,0,1,0
2024-09-27,9,271,Campo Grande,XVIII,XVIII — Campo Grande,-22.9038,-43.5592,49.88,93.0,,84.87,159.24,20.07,,,26.24,30.27,24.13,94.38,73.42,0.4,-19.34,-1.72,10693.5,,62.45,77.25,46.2,63.9,28.15,81.33,8.4,18531.0,220727.0,61.52,Regular,0,1,0
2024-09-28,9,272,Campo Grande,XVIII,XVIII — Campo Grande,-22.9038,-43.5592,24.91,51.0,,73.74,87.13,16.52,,,24.45,24.85,23.98,95.33,86.77,0.0,-7.82,-0.19,10730.9,,62.45,77.25,46.2,63.9,28.15,81.33,8.4,18531.0,220727.0,61.52,Regular,0,0,0
2024-09-29,9,273,Campo Grande,XVIII,XVIII — Campo Grande,-22.9038,-43.5592,34.25,60.0,,72.66,135.08,19.29,,,25.85,29.18,23.7,83.61,60.2,0.0,10.67,1.33,10760.48,,62.45,77.25,46.2,63.9,28.15,81.33,8.4,18531.0,220727.0,61.52,Regular,0,0,0
2024-09-30,9,274,Campo Grande,XVIII,XVIII — Campo Grande,-22.9038,-43.5592,46.25,90.0,,78.26,171.83,23.35,,,27.11,31.77,23.12,77.55,44.23,0.0,10.16,1.94,10800.73,,62.45,77.25,46.2,63.9,28.15,81.33,8.4,18531.0,220727.0,61.52,Regular,0,1,0
2024-10-01,10,275,Campo Grande,XVIII,XVIII — Campo Grande,-22.9038,-43.5592,54.57,151.0,,61.33,138.29,29.04,,,29.74,34.38,24.63,59.01,27.2,0.0,4.3,0.6,10851.14,,62.45,77.25,46.2,63.9,28.15,81.33,8.4,18531.0,220727.0,81.56,Boa,0,1,0
2024-10-02,10,276,Campo Grande,XVIII,XVIII — Campo Grande,-22.9038,-43.5592,54.86,94.0,,73.78,133.88,23.79,,,28.3,34.18,25.4,72.45,33.98,0.0,-10.87,-1.89,10905.86,,62.45,77.25,46.2,63.9,28.15,81.33,8.4,18531.0,220727.0,81.56,Boa,0,1,0
2024-10-03,10,277,Campo Grande,XVIII,XVIII — Campo Grande,-22.9038,-43.5592,32.83,50.0,,86.44,111.3,18.1,,,25.95,27.17,24.83,97.16,88.52,0.0,-21.66,-2.5,10949.7,,62.45,77.25,46.2,63.9,28.15,81.33,8.4,18531.0,220727.0,81.56,Boa,0,0,0
2024-10-04,10,278,Campo Grande,XVIII,XVIII — Campo Grande,-22.9038,-43.5592,11.55,47.0,,60.68,73.4,20.17,,,23.31,24.87,22.7,98.0,98.0,6.8,-5.89,-0.88,10971.89,,62.45,77.25,46.2,63.9,28.15,81.33,8.4,18531.0,220727.0,81.56,Boa,0,0,0
2024-10-05,10,279,Campo Grande,XVIII,XVIII — Campo Grande,-22.9038,-43.5592,21.05,37.0,,58.37,88.64,17.74,,,24.19,26.5,22.3,88.08,74.92,1.0,8.51,0.85,10988.19,,62.45,77.25,46.2,63.9,28.15,81.33,8.4,18531.0,220727.0,81.56,Boa,0,0,0
2024-10-06,10,280,Campo Grande,XVIII,XVIII — Campo Grande,-22.9038,-43.5592,28.57,62.0,,49.504999999999995,55.14,17.73,,,25.01,28.77,22.15,73.08,50.25,0.0,4.8,0.53,11013.0,,62.45,77.25,46.2,63.9,28.15,81.33,8.4,18531.0,220727.0,81.56,Boa,0,0,1
2024-10-07,10,281,Campo Grande,XVIII,XVIII — Campo Grande,-22.9038,-43.5592,30.64,88.0,,40.64,158.82,21.25,,,25.25,28.87,22.85,73.86,51.82,0.0,3.5,0.32,11042.6,,62.45,77.25,46.2,63.9,28.15,81.33,8.4,18531.0,220727.0,81.56,Boa,0,1,0
2024-10-08,10,282,Campo Grande,XVIII,XVIII — Campo Grande,-22.9038,-43.5592,35.58,64.0,,69.43,122.69,21.98,,,25.66,29.8,22.9,83.0,54.37,0.0,0.24,-0.21,11075.72,,62.45,77.25,46.2,63.9,28.15,81.33,8.4,18531.0,220727.0,81.56,Boa,0,0,0
2024-10-09,10,283,Campo Grande,XVIII,XVIII — Campo Grande,-22.9038,-43.5592,31.12,51.0,,54.73,89.09,19.28,,,24.84,26.67,23.7,97.66,93.32,0.0,-6.54,-0.58,11109.06,,62.45,77.25,46.2,63.9,28.15,81.33,8.4,18531.0,220727.0,81.56,Boa,0,0,0
2024-10-10,10,284,Campo Grande,XVIII,XVIII — Campo Grande,-22.9038,-43.5592,22.5,38.0,,34.21,49.82,21.41,,,24.5,25.57,23.53,98.0,98.0,0.0,-4.1,0.96,11135.88,,62.45,77.25,46.2,63.9,28.15,81.33,8.4,18531.0,220727.0,81.56,Boa,0,0,0
2024-10-11,10,285,Campo Grande,XVIII,XVIII — Campo Grande,-22.9038,-43.5592,22.92,47.0,,41.38,80.29,25.82,,,26.76,30.45,23.82,86.91,66.53,0.0,-1.11,1.4,11158.58,,62.45,77.25,46.2,63.9,28.15,81.33,8.4,18531.0,220727.0,81.56,Boa,0,0,0
2024-10-12,10,286,Campo Grande,XVIII,XVIII — Campo Grande,-22.9038,-43.5592,20.29,31.0,,86.58,117.9,14.82,,,27.3,31.07,25.23,88.17,63.57,0.0,-2.71,-0.61,11180.19,,62.45,77.25,46.2,63.9,28.15,81.33,8.4,18531.0,220727.0,81.56,Boa,0,0,0
2024-10-13,10,287,Campo Grande,XVIII,XVIII — Campo Grande,-22.9038,-43.5592,17.5,33.0,,71.3,82.33,11.0,,,25.55,27.58,24.03,92.89,78.3,0.0,6.16,-1.06,11199.08,,62.45,77.25,46.2,63.9,28.15,81.33,8.4,18531.0,220727.0,81.56,Boa,0,0,0
2024-10-14,10,288,Campo Grande,XVIII,XVIII — Campo Grande,-22.9038,-43.5592,32.62,45.0,,60.93,85.08,12.43,,,25.18,26.8,24.08,86.99,75.82,0.0,11.73,0.3,11224.14,,62.45,77.25,46.2,63.9,28.15,81.33,8.4,18531.0,220727.0,81.56,Boa,0,0,0
2024-10-15,10,289,Campo Grande,XVIII,XVIII — Campo Grande,-22.9038,-43.5592,40.95,70.0,,65.72,121.87,17.06,,,26.15,29.28,23.9,71.16,48.63,0.0,10.53,0.45,11260.93,,62.45,77.25,46.2,63.9,28.15,81.33,8.4,18531.0,220727.0,81.56,Boa,0,0,0
2024-10-16,10,290,Campo Grande,XVIII,XVIII — Campo Grande,-22.9038,-43.5592,53.67,90.0,,62.12,122.28,21.46,,,26.08,31.0,23.12,81.4,50.62,0.0,-2.5,-0.4,11308.24,,62.45,77.25,46.2,63.9,28.15,81.33,8.4,18531.0,220727.0,81.56,Boa,0,1,0
2024-10-17,10,291,Campo Grande,XVIII,XVIII — Campo Grande,-22.9038,-43.5592,35.96,49.0,,78.41,95.48,13.02,,,25.35,27.58,23.6,92.37,77.4,0.0,-8.38,-0.34,11353.05,,62.45,77.25,46.2,63.9,28.15,81.33,8.4,18531.0,220727.0,81.56,Boa,0,0,0
2024-10-18,10,292,Campo Grande,XVIII,XVIII — Campo Grande,-22.9038,-43.5592,36.92,61.0,,67.64,130.54,17.07,,,25.4,28.9,23.9,94.32,76.3,0.0,-7.77,-0.66,11389.5,,62.45,77.25,46.2,63.9,28.15,81.33,8.4,18531.0,220727.0,81.56,Boa,0,0,0
2024-10-19,10,293,Campo Grande,XVIII,XVIII — Campo Grande,-22.9038,-43.5592,20.42,33.0,,56.69,86.16,19.19,,,24.03,25.2,22.33,98.0,98.0,0.0,-14.9,-1.02,11418.16,,62.45,77.25,46.2,63.9,28.15,81.33,8.4,18531.0,220727.0,81.56,Boa,0,0,0
2024-10-20,10,294,Campo Grande,XVIII,XVIII — Campo Grande,-22.9038,-43.5592,7.12,20.0,,51.71,77.04,20.1,,,23.35,24.28,22.3,98.0,98.0,0.0,0.66,0.59,11431.94,,62.45,77.25,46.2,63.9,28.15,81.33,8.4,18531.0,220727.0,81.56,Boa,0,0,0
2024-10-21,10,295,Campo Grande,XVIII,XVIII — Campo Grande,-22.9038,-43.5592,21.75,32.0,,32.11,73.53,21.27,,,25.22,26.78,23.6,98.0,98.0,0.0,11.58,2.18,11446.37,,62.45,77.25,46.2,63.9,28.15,81.33,8.4,18531.0,220727.0,81.56,Boa,0,0,0
2024-10-22,10,296,Campo Grande,XVIII,XVIII — Campo Grande,-22.9038,-43.5592,30.29,51.0,,42.02,104.16,22.85,,,27.71,32.75,24.12,86.23,54.88,0.0,5.5,1.16,11472.39,,62.45,77.25,46.2,63.9,28.15,81.33,8.4,18531.0,220727.0,81.56,Boa,0,0,0
2024-10-23,10,297,Campo Grande,XVIII,XVIII — Campo Grande,-22.9038,-43.5592,32.75,58.0,,47.9,90.45,20.72,,,27.54,31.42,25.4,90.37,66.15,0.0,-1.46,-0.43,11503.91,,62.45,77.25,46.2,63.9,28.15,81.33,8.4,18531.0,220727.0,81.56,Boa,0,0,0
2024-10-24,10,298,Campo Grande,XVIII,XVIII — Campo Grande,-22.9038,-43.5592,27.38,68.0,,52.4,84.37,23.38,,,26.85,32.98,24.9,90.57,53.22,22.0,-0.85,0.11,11533.98,,62.45,77.25,46.2,63.9,28.15,81.33,8.4,18531.0,220727.0,81.56,Boa,0,0,0
2024-10-25,10,299,Campo Grande,XVIII,XVIII — Campo Grande,-22.9038,-43.5592,31.045,,,65.075,,,,,27.755000000000003,,,87.12,,0.0,3.67,0.9,11563.19,,62.45,77.25,46.2,63.9,28.15,81.33,8.4,18531.0,220727.0,81.56,Boa,1,0,1
2024-10-26,10,300,Campo Grande,XVIII,XVIII — Campo Grande,-22.9038,-43.5592,34.71,82.0,,77.75,221.01,21.26,,,28.66,34.2,25.93,83.67,45.45,0.0,-2.92,-1.52,11596.06,,62.45,77.25,46.2,63.9,28.15,81.33,8.4,18531.0,220727.0,81.56,Boa,0,0,0
2024-10-27,10,301,Campo Grande,XVIII,XVIII — Campo Grande,-22.9038,-43.5592,25.21,40.0,,62.2,83.24,15.15,,,24.71,25.78,23.5,96.48,89.97,3.8,-2.48,-2.09,11626.02,,62.45,77.25,46.2,63.9,28.15,81.33,8.4,18531.0,220727.0,81.56,Boa,0,0,0
2024-10-28,10,302,Campo Grande,XVIII,XVIII — Campo Grande,-22.9038,-43.5592,29.75,39.0,,24.45,52.23,22.65,,,24.49,25.7,23.9,97.97,97.38,0.2,1.31,0.24,11653.5,,62.45,77.25,46.2,63.9,28.15,81.33,8.4,18531.0,220727.0,81.56,Boa,0,0,0
2024-10-29,10,303,Campo Grande,XVIII,XVIII — Campo Grande,-22.9038,-43.5592,27.83,49.0,,29.69,61.34,22.79,,,25.19,27.17,23.5,96.39,90.37,0.0,-1.62,0.52,11682.3,,62.45,77.25,46.2,63.9,28.15,81.33,8.4,18531.0,220727.0,81.56,Boa,0,0,0
2024-10-30,10,304,Campo Grande,XVIII,XVIII — Campo Grande,-22.9038,-43.5592,26.52,,,34.325,,,,,25.53,,,91.85499999999999,,0.0,-1.31,0.34,11709.47,,62.45,77.25,46.2,63.9,28.15,81.33,8.4,18531.0,220727.0,81.56,Boa,1,0,1
2024-10-31,10,305,Campo Grande,XVIII,XVIII — Campo Grande,-22.9038,-43.5592,25.21,45.0,,38.96,94.42,17.57,,,25.87,28.98,23.33,87.32,57.27,0.0,1.12,0.7,11735.34,,62.45,77.25,46.2,63.9,28.15,81.33,8.4,18531.0,220727.0,81.56,Boa,0,0,0
2024-11-01,11,306,Campo Grande,XVIII,XVIII — Campo Grande,-22.9038,-43.5592,28.75,42.0,,50.99,140.78,19.92,,,26.93,30.73,23.7,85.35,54.77,0.0,-0.14,0.97,11762.31,,62.45,77.25,46.2,63.9,28.15,81.33,8.4,18531.0,220727.0,81.77,Boa,0,0,0
2024-11-02,11,307,Campo Grande,XVIII,XVIII — Campo Grande,-22.9038,-43.5592,24.92,35.0,,58.69,140.79,17.77,,,27.81,31.18,24.72,85.89,63.9,0.0,-3.06,0.42,11789.15,,62.45,77.25,46.2,63.9,28.15,81.33,8.4,18531.0,220727.0,81.77,Boa,0,0,0
2024-11-03,11,308,Campo Grande,XVIII,XVIII — Campo Grande,-22.9038,-43.5592,22.62,36.0,,55.26,121.35,15.83,,,27.76,30.67,25.73,88.77,68.67,0.6,0.59,-0.46,11812.92,,62.45,77.25,46.2,63.9,28.15,81.33,8.4,18531.0,220727.0,81.77,Boa,0,0,0
2024-11-04,11,309,Campo Grande,XVIII,XVIII — Campo Grande,-22.9038,-43.5592,26.1,37.0,,30.66,86.67,22.08,,,26.88,29.48,25.72,94.51,75.82,3.2,-0.5,-0.02,11837.28,,62.45,77.25,46.2,63.9,28.15,81.33,8.4,18531.0,220727.0,81.77,Boa,0,0,0
2024-11-05,11,310,Campo Grande,XVIII,XVIII — Campo Grande,-22.9038,-43.5592,21.62,32.0,,30.33,82.06,20.16,,,27.72,30.5,25.42,86.34,68.08,0.0,0.24,1.11,11861.14,,62.45,77.25,46.2,63.9,28.15,81.33,8.4,18531.0,220727.0,81.77,Boa,0,0,0
2024-11-06,11,311,Campo Grande,XVIII,XVIII — Campo Grande,-22.9038,-43.5592,26.58,56.0,,26.03,58.73,23.51,,,29.1,32.05,26.1,74.66,54.18,0.0,0.56,0.79,11885.24,,62.45,77.25,46.2,63.9,28.15,81.33,8.4,18531.0,220727.0,81.77,Boa,0,0,0
2024-11-07,11,312,Campo Grande,XVIII,XVIII — Campo Grande,-22.9038,-43.5592,22.75,34.0,,27.33,59.13,20.58,,,29.29,32.7,26.23,75.88,48.47,0.4,-5.73,-1.01,11909.9,,62.45,77.25,46.2,63.9,28.15,81.33,8.4,18531.0,220727.0,81.77,Boa,0,0,0
2024-11-08,11,313,Campo Grande,XVIII,XVIII — Campo Grande,-22.9038,-43.5592,15.12,29.0,,29.61,55.97,20.48,,,27.09,30.38,24.12,89.42,74.17,32.8,-2.91,-2.28,11928.84,,62.45,77.25,46.2,63.9,28.15,81.33,8.4,18531.0,220727.0,81.77,Boa,0,0,0
2024-11-09,11,314,Campo Grande,XVIII,XVIII — Campo Grande,-22.9038,-43.5592,16.92,31.0,,45.02,55.32,12.02,,,24.72,25.98,24.0,98.0,98.0,2.2,3.01,-1.01,11944.86,,62.45,77.25,46.2,63.9,28.15,81.33,8.4,18531.0,220727.0,81.77,Boa,0,0,0
2024-11-10,11,315,Campo Grande,XVIII,XVIII — Campo Grande,-22.9038,-43.5592,21.14,44.0,,48.7,65.17,11.42,,,25.07,26.85,23.53,89.21,70.62,0.0,6.29,0.95,11963.89,,62.45,77.25,46.2,63.9,28.15,81.33,8.4,18531.0,220727.0,81.77,Boa,0,0,0
2024-11-11,11,316,Campo Grande,XVIII,XVIII — Campo Grande,-22.9038,-43.5592,29.5,61.0,,62.32,169.13,19.72,,,26.62,31.35,23.12,81.95,54.13,0.0,5.74,1.11,11989.21,,62.45,77.25,46.2,63.9,28.15,81.33,8.4,18531.0,220727.0,81.77,Boa,0,0,0
2024-11-12,11,317,Campo Grande,XVIII,XVIII — Campo Grande,-22.9038,-43.5592,32.62,70.0,,59.58,130.65,16.2,,,27.29,33.02,24.52,85.59,50.13,0.0,-7.02,-1.61,12020.27,,62.45,77.25,46.2,63.9,28.15,81.33,8.4,18531.0,220727.0,81.77,Boa,0,0,0
2024-11-13,11,318,Campo Grande,XVIII,XVIII — Campo Grande,-22.9038,-43.5592,15.45,37.0,,52.77,74.37,13.77,,,23.4,25.2,22.3,98.0,98.0,33.4,-5.1,-1.62,12044.3,,62.45,77.25,46.2,63.9,28.15,81.33,8.4,18531.0,220727.0,81.77,Boa,0,0,0
2024-11-14,11,319,Campo Grande,XVIII,XVIII — Campo Grande,-22.9038,-43.5592,22.42,35.0,,41.03,70.47,17.13,,,24.04,25.9,22.38,97.17,92.87,0.0,-1.03,0.83,12063.24,,62.45,77.25,46.2,63.9,28.15,81.33,8.4,18531.0,220727.0,81.77,Boa,0,0,0
2024-11-15,11,320,Campo Grande,XVIII,XVIII — Campo Grande,-22.9038,-43.5592,13.38,33.0,,49.63,106.86,14.47,,,25.05,28.3,23.12,97.87,96.3,12.8,-4.15,0.37,12081.14,,62.45,77.25,46.2,63.9,28.15,81.33,8.4,18531.0,220727.0,81.77,Boa,0,0,0
2024-11-16,11,321,Campo Grande,XVIII,XVIII — Campo Grande,-22.9038,-43.5592,14.12,34.0,,20.11,36.02,19.37,,,24.77,25.38,24.4,98.0,98.0,68.4,4.29,0.66,12094.89,,62.45,77.25,46.2,63.9,28.15,81.33,8.4,18531.0,220727.0,81.77,Boa,0,0,0
2024-11-17,11,322,Campo Grande,XVIII,XVIII — Campo Grande,-22.9038,-43.5592,21.96,34.0,,44.31,148.23,16.07,,,26.38,29.97,23.52,91.91,75.03,0.0,6.25,1.05,12112.93,,62.45,77.25,46.2,63.9,28.15,81.33,8.4,18531.0,220727.0,81.77,Boa,0,0,0
2024-11-18,11,323,Campo Grande,XVIII,XVIII — Campo Grande,-22.9038,-43.5592,26.62,42.0,,45.02,86.16,16.84,,,26.88,31.43,24.13,91.68,65.55,0.0,0.62,-0.14,12137.22,,62.45,77.25,46.2,63.9,28.15,81.33,8.4,18531.0,220727.0,81.77,Boa,0,0,0
2024-11-19,11,324,Campo Grande,XVIII,XVIII — Campo Grande,-22.9038,-43.5592,23.21,41.0,,51.94,82.88,13.85,,,26.1,27.88,24.92,97.33,93.25,0.0,-1.7,0.05,12162.14,,62.45,77.25,46.2,63.9,28.15,81.33,8.4,18531.0,220727.0,81.77,Boa,0,0,0
2024-11-20,11,325,Campo Grande,XVIII,XVIII — Campo Grande,-22.9038,-43.5592,23.21,32.0,,52.47,105.11,11.85,,,26.98,30.4,24.9,94.43,80.05,0.0,-3.43,0.01,12185.34,,62.45,77.25,46.2,63.9,28.15,81.33,8.4,18531.0,220727.0,81.77,Boa,0,0,0
2024-11-21,11,326,Campo Grande,XVIII,XVIII — Campo Grande,-22.9038,-43.5592,16.36,29.0,,42.28,55.16,9.99,,,26.13,28.1,25.23,97.82,94.27,0.8,-2.73,-0.86,12205.13,,62.45,77.25,46.2,63.9,28.15,81.33,8.4,18531.0,220727.0,81.77,Boa,0,0,0
2024-11-22,11,327,Campo Grande,XVIII,XVIII — Campo Grande,-22.9038,-43.5592,17.75,74.0,,38.02,56.58,11.92,,,25.27,27.37,24.2,97.4,92.7,0.2,-1.41,-1.01,12222.19,,62.45,77.25,46.2,63.9,28.15,81.33,8.4,18531.0,220727.0,81.77,Boa,0,0,0
2024-11-23,11,328,Campo Grande,XVIII,XVIII — Campo Grande,-22.9038,-43.5592,13.54,22.0,,29.27,46.84,13.7,,,24.11,25.83,23.32,97.88,95.57,2.6,-0.39,-0.29,12237.83,,62.45,77.25,46.2,63.9,28.15,81.33,8.4,18531.0,220727.0,81.77,Boa,0,0,0
2024-11-24,11,329,Campo Grande,XVIII,XVIII — Campo Grande,-22.9038,-43.5592,16.96,40.0,,36.82,75.03,13.14,,,24.69,26.6,22.63,92.79,77.77,0.0,5.85,0.89,12253.08,,62.45,77.25,46.2,63.9,28.15,81.33,8.4,18531.0,220727.0,81.77,Boa,0,0,0
2024-11-25,11,330,Campo Grande,XVIII,XVIII — Campo Grande,-22.9038,-43.5592,25.24,51.0,,42.07,93.8,16.61,,,25.89,29.15,22.32,83.24,61.53,0.0,8.12,1.51,12274.18,,62.45,77.25,46.2,63.9,28.15,81.33,8.4,18531.0,220727.0,81.77,Boa,0,0,0
2024-11-26,11,331,Campo Grande,XVIII,XVIII — Campo Grande,-22.9038,-43.5592,33.21,78.0,,43.05,99.51,23.12,,,27.72,32.78,23.1,73.98,39.93,0.0,14.7,2.03,12303.41,,62.45,77.25,46.2,63.9,28.15,81.33,8.4,18531.0,220727.0,81.77,Boa,0,0,0
2024-11-27,11,332,Campo Grande,XVIII,XVIII — Campo Grande,-22.9038,-43.5592,54.64,132.0,,55.6,146.9,30.52,,,29.94,34.68,25.73,67.54,38.08,0.0,10.75,1.35,12347.33,,62.45,77.25,46.2,63.9,28.15,81.33,8.4,18531.0,220727.0,81.77,Boa,0,1,0
2024-11-28,11,333,Campo Grande,XVIII,XVIII — Campo Grande,-22.9038,-43.5592,54.71,118.0,,80.3,151.6,25.39,,,30.41,35.67,26.9,71.86,34.72,2.6,-7.05,-1.46,12402.0,,62.45,77.25,46.2,63.9,28.15,81.33,8.4,18531.0,220727.0,81.77,Boa,0,1,0
2024-11-29,11,334,Campo Grande,XVIII,XVIII — Campo Grande,-22.9038,-43.5592,40.54,67.0,,63.65,109.4,24.32,,,27.02,28.6,26.2,96.77,89.07,1.2,-2.57,-1.51,12449.63,,62.45,77.25,46.2,63.9,28.15,81.33,8.4,18531.0,220727.0,81.77,Boa,0,0,0
2024-11-30,11,335,Campo Grande,XVIII,XVIII — Campo Grande,-22.9038,-43.5592,49.58,66.0,,74.39,179.16,20.04,,,27.39,29.57,25.58,96.9,91.38,0.2,-8.86,0.2,12494.69,,62.45,77.25,46.2,63.9,28.15,81.33,8.4,18531.0,220727.0,81.77,Boa,0,0,0
2024-12-01,12,336,Campo Grande,XVIII,XVIII — Campo Grande,-22.9038,-43.5592,22.83,34.0,,66.61,125.16,13.25,,,27.42,30.17,25.62,95.26,86.93,0.0,-10.23,0.98,12530.9,,62.45,77.25,46.2,63.9,28.15,81.33,8.4,18531.0,220727.0,80.77,Boa,0,0,0
2024-12-02,12,337,Campo Grande,XVIII,XVIII — Campo Grande,-22.9038,-43.5592,29.12,46.0,,56.84,110.22,18.19,,,29.36,34.75,25.52,84.34,51.83,0.0,6.46,0.05,12556.87,,62.45,77.25,46.2,63.9,28.15,81.33,8.4,18531.0,220727.0,80.77,Boa,0,0,0
2024-12-03,12,338,Campo Grande,XVIII,XVIII — Campo Grande,-22.9038,-43.5592,35.75,50.0,,46.19,90.78,21.16,,,27.52,29.08,26.03,98.04,97.92,6.0,-7.48,-2.16,12589.3,,62.45,77.25,46.2,63.9,28.15,81.33,8.4,18531.0,220727.0,80.77,Boa,0,0,0
2024-12-04,12,339,Campo Grande,XVIII,XVIII — Campo Grande,-22.9038,-43.5592,14.17,41.0,,33.05,68.69,16.61,,,25.04,26.2,23.92,98.0,98.0,13.6,-7.0,-1.27,12614.26,,62.45,77.25,46.2,63.9,28.15,81.33,8.4,18531.0,220727.0,80.77,Boa,0,0,0
2024-12-05,12,340,Campo Grande,XVIII,XVIII — Campo Grande,-22.9038,-43.5592,21.75,48.0,,24.95,35.05,21.53,,,24.99,26.38,23.52,98.0,98.0,11.4,17.77,2.37,12632.22,,62.45,77.25,46.2,63.9,28.15,81.33,8.4,18531.0,220727.0,80.77,Boa,0,0,0
2024-12-06,12,341,Campo Grande,XVIII,XVIII — Campo Grande,-22.9038,-43.5592,49.71,93.0,,36.59,80.07,25.03,,,29.77,34.67,25.3,74.19,39.07,0.0,8.0,2.69,12667.95,,62.45,77.25,46.2,63.9,28.15,81.33,8.4,18531.0,220727.0,80.77,Boa,0,1,0
2024-12-07,12,342,Campo Grande,XVIII,XVIII — Campo Grande,-22.9038,-43.5592,37.75,104.0,,83.07,161.12,23.16,,,30.36,35.08,27.12,62.76,36.82,0.0,-11.44,-0.75,12711.68,,62.45,77.25,46.2,63.9,28.15,81.33,8.4,18531.0,220727.0,80.77,Boa,0,1,0
2024-12-08,12,343,Campo Grande,XVIII,XVIII — Campo Grande,-22.9038,-43.5592,26.83,43.0,,71.41,130.62,13.3,,,28.26,31.78,26.17,92.36,73.26,0.0,-4.5,-1.4,12743.97,,62.45,77.25,46.2,63.9,28.15,81.33,8.4,18531.0,220727.0,80.77,Boa,0,0,0
2024-12-09,12,344,Campo Grande,XVIII,XVIII — Campo Grande,-22.9038,-43.5592,28.75,54.0,,56.22,104.47,15.22,,,27.56,31.18,25.7,95.56,80.17,3.4,-1.79,-0.63,12771.76,,62.45,77.25,46.2,63.9,28.15,81.33,8.4,18531.0,220727.0,80.77,Boa,0,0,0
2024-12-10,12,345,Campo Grande,XVIII,XVIII — Campo Grande,-22.9038,-43.5592,23.25,54.0,,40.12,69.81,14.98,,,27.0,30.38,24.6,94.68,80.15,16.0,-3.88,-1.12,12797.76,,62.45,77.25,46.2,63.9,28.15,81.33,8.4,18531.0,220727.0,80.77,Boa,0,0,0
2024-12-11,12,346,Campo Grande,XVIII,XVIII — Campo Grande,-22.9038,-43.5592,21.0,69.0,,36.59,58.94,13.66,,,25.32,27.72,24.2,96.2,86.07,3.6,2.25,-0.48,12819.89,,62.45,77.25,46.2,63.9,28.15,81.33,8.4,18531.0,220727.0,80.77,Boa,0,0,0
2024-12-12,12,347,Campo Grande,XVIII,XVIII — Campo Grande,-22.9038,-43.5592,27.75,38.0,,39.88,90.08,17.27,,,26.03,28.37,23.6,90.21,73.0,0.0,3.12,0.81,12844.26,,62.45,77.25,46.2,63.9,28.15,81.33,8.4,18531.0,220727.0,80.77,Boa,0,0,0
2024-12-13,12,348,Campo Grande,XVIII,XVIII — Campo Grande,-22.9038,-43.5592,27.25,46.0,,60.52,128.14,15.85,,,26.95,30.67,23.95,89.42,67.95,0.0,-1.03,0.75,12871.76,,62.45,77.25,46.2,63.9,28.15,81.33,8.4,18531.0,220727.0,80.77,Boa,0,0,0
2024-12-14,12,349,Campo Grande,XVIII,XVIII — Campo Grande,-22.9038,-43.5592,25.7,40.0,,32.54,61.42,17.33,,,27.53,31.65,25.23,89.75,64.67,14.2,-6.44,0.53,12898.24,,62.45,77.25,46.2,63.9,28.15,81.33,8.4,18531.0,220727.0,80.77,Boa,0,0,0
2024-12-15,12,350,Campo Grande,XVIII,XVIII — Campo Grande,-22.9038,-43.5592,14.38,32.0,,42.45,64.95,16.23,,,28.0,31.72,25.32,87.17,60.7,4.8,-2.6,0.68,12918.28,,62.45,77.25,46.2,63.9,28.15,81.33,8.4,18531.0,220727.0,80.77,Boa,0,0,0
2024-12-16,12,351,Campo Grande,XVIII,XVIII — Campo Grande,-22.9038,-43.5592,20.5,87.0,,50.58,90.41,17.08,,,28.89,32.5,26.38,82.62,59.47,0.2,7.56,-0.68,12935.72,,62.45,77.25,46.2,63.9,28.15,81.33,8.4,18531.0,220727.0,80.77,Boa,0,1,0
2024-12-17,12,352,Campo Grande,XVIII,XVIII — Campo Grande,-22.9038,-43.5592,29.5,52.0,,39.05,89.93,15.67,,,26.64,28.28,25.42,94.23,83.68,0.0,1.4,-1.38,12960.72,,62.45,77.25,46.2,63.9,28.15,81.33,8.4,18531.0,220727.0,80.77,Boa,0,0,0
2024-12-18,12,353,Campo Grande,XVIII,XVIII — Campo Grande,-22.9038,-43.5592,23.3,49.0,,36.49,54.69,12.45,,,26.14,27.97,24.83,96.92,91.88,0.0,4.39,0.46,12987.12,,62.45,77.25,46.2,63.9,28.15,81.33,8.4,18531.0,220727.0,80.77,Boa,0,0,0
2024-12-19,12,354,Campo Grande,XVIII,XVIII — Campo Grande,-22.9038,-43.5592,38.29,52.0,,64.57,156.27,18.54,,,27.55,30.67,24.82,90.53,73.82,0.0,5.2,1.27,13017.92,,62.45,77.25,46.2,63.9,28.15,81.33,8.4,18531.0,220727.0,80.77,Boa,0,0,0
2024-12-20,12,355,Campo Grande,XVIII,XVIII — Campo Grande,-22.9038,-43.5592,33.71,63.0,,34.3,61.2,18.72,,,28.68,34.07,25.22,85.83,54.12,3.8,-5.98,0.03,13053.92,,62.45,77.25,46.2,63.9,28.15,81.33,8.4,18531.0,220727.0,80.77,Boa,0,0,0
2024-12-21,12,356,Campo Grande,XVIII,XVIII — Campo Grande,-22.9038,-43.5592,26.33,53.0,,35.62,85.99,18.86,,,27.61,30.3,25.5,93.31,81.13,0.0,-3.14,-0.72,13083.94,,62.45,77.25,46.2,63.9,28.15,81.33,8.4,18531.0,220727.0,80.77,Boa,0,0,0
2024-12-22,12,357,Campo Grande,XVIII,XVIII — Campo Grande,-22.9038,-43.5592,27.42,48.0,,41.02,80.74,15.21,,,27.23,30.0,26.03,97.03,86.5,9.4,-3.62,-0.47,13110.81,,62.45,77.25,46.2,63.9,28.15,81.33,8.4,18531.0,220727.0,80.77,Boa,0,0,0
2024-12-23,12,358,Campo Grande,XVIII,XVIII — Campo Grande,-22.9038,-43.5592,19.08,33.0,,39.7,80.48,12.45,,,26.67,28.87,25.33,97.93,96.87,1.8,-3.82,-0.64,13134.06,,62.45,77.25,46.2,63.9,28.15,81.33,8.4,18531.0,220727.0,80.77,Boa,0,0,0
2024-12-24,12,359,Campo Grande,XVIII,XVIII — Campo Grande,-22.9038,-43.5592,19.78,35.0,,25.52,46.47,10.37,,,25.94,27.45,24.7,97.87,96.65,0.2,3.55,0.96,13153.49,,62.45,77.25,46.2,63.9,28.15,81.33,8.4,18531.0,220727.0,80.77,Boa,0,0,0
2024-12-25,12,360,Campo Grande,XVIII,XVIII — Campo Grande,-22.9038,-43.5592,26.17,75.0,,43.42,89.42,14.71,,,28.6,32.43,25.43,88.88,66.35,0.0,0.82,1.15,13176.47,,62.45,77.25,46.2,63.9,28.15,81.33,8.4,18531.0,220727.0,80.77,Boa,0,0,0
2024-12-26,12,361,Campo Grande,XVIII,XVIII — Campo Grande,-22.9038,-43.5592,21.43,60.0,,23.26,51.74,17.04,,,28.25,31.38,26.32,90.82,71.37,8.4,-4.48,-0.82,13200.27,,62.45,77.25,46.2,63.9,28.15,81.33,8.4,18531.0,220727.0,80.77,Boa,0,0,0
2024-12-27,12,362,Campo Grande,XVIII,XVIII — Campo Grande,-22.9038,-43.5592,17.22,34.0,,25.23,46.3,17.89,,,26.97,29.67,25.62,97.37,92.5,6.4,-3.13,-0.5,13219.59,,62.45,77.25,46.2,63.9,28.15,81.33,8.4,18531.0,220727.0,80.77,Boa,0,0,0
2024-12-28,12,363,Campo Grande,XVIII,XVIII — Campo Grande,-22.9038,-43.5592,15.17,28.0,,45.86,91.08,12.57,,,27.25,29.7,25.33,96.87,91.9,0.8,-0.02,0.08,13235.79,,62.45,77.25,46.2,63.9,28.15,81.33,8.4,18531.0,220727.0,80.77,Boa,0,0,0
2024-12-29,12,364,Campo Grande,XVIII,XVIII — Campo Grande,-22.9038,-43.5592,17.17,33.0,,40.08,82.87,12.06,,,27.12,28.9,25.6,97.7,94.57,0.0,3.16,-0.1,13251.96,,62.45,77.25,46.2,63.9,28.15,81.33,8.4,18531.0,220727.0,80.77,Boa,0,0,0
2024-12-30,12,365,Campo Grande,XVIII,XVIII — Campo Grande,-22.9038,-43.5592,21.48,53.0,,36.76,65.98,13.82,,,27.05,28.68,25.7,97.06,92.05,0.0,4.7,0.09,13271.28,,62.45,77.25,46.2,63.9,28.15,81.33,8.4,18531.0,220727.0,80.77,Boa,0,0,0
2024-12-31,12,366,Campo Grande,XVIII,XVIII — Campo Grande,-22.9038,-43.5592,26.58,48.0,,48.22,131.88,12.51,,,27.3,30.67,24.8,91.13,73.38,0.0,5.1,0.25,13295.31,,62.45,77.25,46.2,63.9,28.15,81.33,8.4,18531.0,220727.0,80.77,Boa,0,0,0
2024-01-01,1,1,Pedra de Guaratiba,XXVI,XXVI — Guaratiba,-22.9961,-43.6339,52.78,90.0,,30.08,70.69,,,,25.23,28.28,23.15,76.46,61.72,0.0,-19.59,1.43,0.0,,47.37,50.02,34.88,57.19,23.62,62.51,12.81,8163.0,63703.0,56.77,Regular,0,1,0
2024-01-02,1,2,Pedra de Guaratiba,XXVI,XXVI — Guaratiba,-22.9961,-43.6339,33.19,75.0,,53.99,95.34,,,,26.66,30.78,23.72,76.59,62.07,0.0,-14.94,0.78,42.98,,47.37,50.02,34.88,57.19,23.62,62.51,12.81,8163.0,63703.0,56.77,Regular,0,1,0
2024-01-03,1,3,Pedra de Guaratiba,XXVI,XXVI — Guaratiba,-22.9961,-43.6339,22.91,37.0,,60.02,116.5,,,,26.79,33.63,23.47,87.45,60.45,37.4,-9.43,-0.72,71.04,,47.37,50.02,34.88,57.19,23.62,62.51,12.81,8163.0,63703.0,56.77,Regular,0,0,0
2024-01-04,1,4,Pedra de Guaratiba,XXVI,XXVI — Guaratiba,-22.9961,-43.6339,14.33,29.0,,80.08,118.84,,,,25.21,29.53,22.6,91.64,70.7,6.8,-4.04,-0.17,89.66,,47.37,50.02,34.88,57.19,23.62,62.51,12.81,8163.0,63703.0,56.77,Regular,0,0,0
2024-01-05,1,5,Pedra de Guaratiba,XXVI,XXVI — Guaratiba,-22.9961,-43.6339,14.83,21.0,,79.3,93.42,,,,26.44,29.9,24.22,88.21,72.68,1.4,2.07,0.74,104.24,,47.37,50.02,34.88,57.19,23.62,62.51,12.81,8163.0,63703.0,56.77,Regular,0,0,0
2024-01-06,1,6,Pedra de Guaratiba,XXVI,XXVI — Guaratiba,-22.9961,-43.6339,18.46,61.0,,58.27,70.83,,,,26.7,30.52,23.47,83.0,66.12,0.6,4.57,0.46,120.88,,47.37,50.02,34.88,57.19,23.62,62.51,12.81,8163.0,63703.0,56.77,Regular,0,0,0
2024-01-07,1,7,Pedra de Guaratiba,XXVI,XXVI — Guaratiba,-22.9961,-43.6339,23.96,34.0,,53.64,115.61,,,,27.37,32.3,22.32,77.48,57.43,0.0,8.54,2.09,142.09,,47.37,50.02,34.88,57.19,23.62,62.51,12.81,8163.0,63703.0,56.77,Regular,0,0,0
2024-01-08,1,8,Pedra de Guaratiba,XXVI,XXVI — Guaratiba,-22.9961,-43.6339,35.55,54.0,,71.54,139.25,,,,30.88,38.58,24.32,69.58,46.53,0.0,6.73,1.3,171.84,,47.37,50.02,34.88,57.19,23.62,62.51,12.81,8163.0,63703.0,56.77,Regular,0,0,0
2024-01-09,1,9,Pedra de Guaratiba,XXVI,XXVI — Guaratiba,-22.9961,-43.6339,37.425,41.0,,111.26,137.84,,,,29.98,33.2,26.95,79.41,66.12,0.0,1.88,-0.59,208.33,,47.37,50.02,34.88,57.19,23.62,62.51,12.81,8163.0,63703.0,56.77,Regular,1,0,1
2024-01-10,1,10,Pedra de Guaratiba,XXVI,XXVI — Guaratiba,-22.9961,-43.6339,39.3,60.0,,88.3,143.09,,,,29.69,34.48,25.62,78.87,54.03,0.0,-3.52,1.12,246.7,,47.37,50.02,34.88,57.19,23.62,62.51,12.81,8163.0,63703.0,56.77,Regular,0,0,0
2024-01-11,1,11,Pedra de Guaratiba,XXVI,XXVI — Guaratiba,-22.9961,-43.6339,30.38,61.0,,113.45,211.03,,,,32.23,39.18,27.62,64.73,43.6,0.0,-5.11,-0.02,281.53,,47.37,50.02,34.88,57.19,23.62,62.51,12.81,8163.0,63703.0,56.77,Regular,0,0,0
2024-01-12,1,12,Pedra de Guaratiba,XXVI,XXVI — Guaratiba,-22.9961,-43.6339,29.08,113.0,,101.19,195.66,,,,29.65,36.65,26.3,75.35,50.82,3.4,-5.82,-2.7,311.26,,47.37,50.02,34.88,57.19,23.62,62.51,12.81,8163.0,63703.0,56.77,Regular,0,1,0
2024-01-13,1,13,Pedra de Guaratiba,XXVI,XXVI — Guaratiba,-22.9961,-43.6339,18.75,31.0,,69.88,97.74,,,,26.83,30.12,24.68,93.27,81.2,61.4,-5.25,-1.16,335.18,,47.37,50.02,34.88,57.19,23.62,62.51,12.81,8163.0,63703.0,56.77,Regular,0,0,0
2024-01-14,1,14,Pedra de Guaratiba,XXVI,XXVI — Guaratiba,-22.9961,-43.6339,18.57,34.0,,61.93,105.59,,,,27.32,30.75,25.33,88.7,71.62,3.2,3.74,2.2,353.84,,47.37,50.02,34.88,57.19,23.62,62.51,12.81,8163.0,63703.0,56.77,Regular,0,0,0
2024-01-15,1,15,Pedra de Guaratiba,XXVI,XXVI — Guaratiba,-22.9961,-43.6339,26.24,38.0,,76.38,137.33,,,,31.22,37.72,25.07,72.89,49.13,0.0,2.31,3.28,376.24,,47.37,50.02,34.88,57.19,23.62,62.51,12.81,8163.0,63703.0,56.77,Regular,0,0,0
2024-01-16,1,16,Pedra de Guaratiba,XXVI,XXVI — Guaratiba,-22.9961,-43.6339,23.2,38.0,,127.12,246.7,,,,33.89,40.65,28.87,60.42,41.37,0.0,5.12,1.16,400.96,,47.37,50.02,34.88,57.19,23.62,62.51,12.81,8163.0,63703.0,56.77,Regular,0,0,0
2024-01-17,1,17,Pedra de Guaratiba,XXVI,XXVI — Guaratiba,-22.9961,-43.6339,36.48,58.0,,149.25,262.65,,,,33.55,40.33,28.47,66.27,44.98,0.0,0.24,-1.86,430.8,,47.37,50.02,34.88,57.19,23.62,62.51,12.81,8163.0,63703.0,56.77,Regular,0,0,0
2024-01-18,1,18,Pedra de Guaratiba,XXVI,XXVI — Guaratiba,-22.9961,-43.6339,23.67,36.0,,116.29,141.55,,,,30.17,33.3,28.08,78.58,65.28,0.0,-6.53,-1.77,460.88,,47.37,50.02,34.88,57.19,23.62,62.51,12.81,8163.0,63703.0,56.77,Regular,0,0,0
2024-01-19,1,19,Pedra de Guaratiba,XXVI,XXVI — Guaratiba,-22.9961,-43.6339,23.42,34.0,,87.11,150.15,,,,30.0,34.47,23.97,77.19,58.68,35.6,0.72,0.75,484.42,,47.37,50.02,34.88,57.19,23.62,62.51,12.81,8163.0,63703.0,56.77,Regular,0,0,0
2024-01-20,1,20,Pedra de Guaratiba,XXVI,XXVI — Guaratiba,-22.9961,-43.6339,25.12,49.0,,80.01,119.72,,,,31.68,36.07,25.7,68.98,54.92,17.0,-3.82,-1.31,508.7,,47.37,50.02,34.88,57.19,23.62,62.51,12.81,8163.0,63703.0,56.77,Regular,0,0,0
2024-01-21,1,21,Pedra de Guaratiba,XXVI,XXVI — Guaratiba,-22.9961,-43.6339,15.79,28.0,,62.7,90.01,,,,27.38,30.45,24.6,89.24,77.1,52.2,-4.12,-2.46,529.15,,47.37,50.02,34.88,57.19,23.62,62.51,12.81,8163.0,63703.0,56.77,Regular,0,0,0
2024-01-22,1,22,Pedra de Guaratiba,XXVI,XXVI — Guaratiba,-22.9961,-43.6339,16.88,26.0,,43.93,63.26,,,,26.77,30.52,24.12,85.49,66.23,7.0,-2.84,-2.81,545.48,,47.37,50.02,34.88,57.19,23.62,62.51,12.81,8163.0,63703.0,56.77,Regular,0,0,0
2024-01-23,1,23,Pedra de Guaratiba,XXVI,XXVI — Guaratiba,-22.9961,-43.6339,10.12,15.0,,40.34,63.89,,,,21.75,23.97,19.58,99.44,97.37,59.6,-1.48,-2.11,558.98,,47.37,50.02,34.88,57.19,23.62,62.51,12.81,8163.0,63703.0,56.77,Regular,0,0,0
2024-01-24,1,24,Pedra de Guaratiba,XXVI,XXVI — Guaratiba,-22.9961,-43.6339,13.92,23.0,,44.71,78.71,,,,22.55,26.15,19.63,93.41,75.97,2.6,3.14,1.72,571.0,,47.37,50.02,34.88,57.19,23.62,62.51,12.81,8163.0,63703.0,56.77,Regular,0,0,0
2024-01-25,1,25,Pedra de Guaratiba,XXVI,XXVI — Guaratiba,-22.9961,-43.6339,16.39,32.0,,48.5,77.72,,,,25.2,29.5,22.22,87.72,71.45,5.0,-2.25,0.63,586.16,,47.37,50.02,34.88,57.19,23.62,62.51,12.81,8163.0,63703.0,56.77,Regular,0,0,0
2024-01-26,1,26,Pedra de Guaratiba,XXVI,XXVI — Guaratiba,-22.9961,-43.6339,9.42,18.0,,47.56,52.65,,,,23.81,26.05,22.3,94.97,84.18,27.6,0.91,0.29,599.06,,47.37,50.02,34.88,57.19,23.62,62.51,12.81,8163.0,63703.0,56.77,Regular,0,0,0
2024-01-27,1,27,Pedra de Guaratiba,XXVI,XXVI — Guaratiba,-22.9961,-43.6339,18.21,32.0,,33.06,51.13,,,,25.77,29.7,23.15,87.83,73.52,0.2,5.79,0.69,612.88,,47.37,50.02,34.88,57.19,23.62,62.51,12.81,8163.0,63703.0,56.77,Regular,0,0,0
2024-01-28,1,28,Pedra de Guaratiba,XXVI,XXVI — Guaratiba,-22.9961,-43.6339,21.0,49.0,,41.14,80.09,,,,25.18,29.87,22.17,89.43,71.85,5.2,-0.29,0.47,632.48,,47.37,50.02,34.88,57.19,23.62,62.51,12.81,8163.0,63703.0,56.77,Regular,0,0,0
2024-01-29,1,29,Pedra de Guaratiba,XXVI,XXVI — Guaratiba,-22.9961,-43.6339,17.62,33.0,,54.71,96.71,,,,26.71,30.93,22.32,83.4,66.77,0.0,4.3,1.78,651.8,,47.37,50.02,34.88,57.19,23.62,62.51,12.81,8163.0,63703.0,56.77,Regular,0,0,0
2024-01-30,1,30,Pedra de Guaratiba,XXVI,XXVI — Guaratiba,-22.9961,-43.6339,29.61,46.0,,67.19,145.09,,,,28.75,32.8,25.08,78.82,60.4,0.0,5.9,0.22,675.41,,47.37,50.02,34.88,57.19,23.62,62.51,12.81,8163.0,63703.0,56.77,Regular,0,0,0
2024-01-31,1,31,Pedra de Guaratiba,XXVI,XXVI — Guaratiba,-22.9961,-43.6339,29.41,46.0,,64.92,108.19,,,,27.16,32.62,22.08,84.86,63.47,37.6,-3.86,-0.89,704.92,,47.37,50.02,34.88,57.19,23.62,62.51,12.81,8163.0,63703.0,56.77,Regular,0,0,0
2024-02-01,2,32,Pedra de Guaratiba,XXVI,XXVI — Guaratiba,-22.9961,-43.6339,21.88,36.0,,65.3,113.69,,,,26.97,31.9,23.3,79.3,59.33,1.0,-4.33,-0.86,730.56,,47.37,50.02,34.88,57.19,23.62,62.51,12.81,8163.0,63703.0,70.5,Boa,0,0,0
2024-02-02,2,33,Pedra de Guaratiba,XXVI,XXVI — Guaratiba,-22.9961,-43.6339,20.75,40.0,,53.99,82.78,,,,25.45,28.42,23.13,94.48,82.78,22.4,0.97,0.07,751.88,,47.37,50.02,34.88,57.19,23.62,62.51,12.81,8163.0,63703.0,70.5,Boa,0,0,0
2024-02-03,2,34,Pedra de Guaratiba,XXVI,XXVI — Guaratiba,-22.9961,-43.6339,23.83,35.0,,60.72,130.01,,,,27.11,31.63,22.82,86.48,67.17,0.0,3.16,1.06,774.17,,47.37,50.02,34.88,57.19,23.62,62.51,12.81,8163.0,63703.0,70.5,Boa,0,0,0
2024-02-04,2,35,Pedra de Guaratiba,XXVI,XXVI — Guaratiba,-22.9961,-43.6339,27.08,49.0,,37.53,91.04,,,,27.57,34.57,23.05,83.58,55.48,4.0,-0.33,0.51,799.63,,47.37,50.02,34.88,57.19,23.62,62.51,12.81,8163.0,63703.0,70.5,Boa,0,0,0
2024-02-05,2,36,Pedra de Guaratiba,XXVI,XXVI — Guaratiba,-22.9961,-43.6339,23.17,39.0,,47.5,95.66,,,,28.13,32.7,24.1,76.79,60.9,0.0,2.71,0.22,824.75,,47.37,50.02,34.88,57.19,23.62,62.51,12.81,8163.0,63703.0,70.5,Boa,0,0,0
2024-02-06,2,37,Pedra de Guaratiba,XXVI,XXVI — Guaratiba,-22.9961,-43.6339,32.5,59.0,,31.14,78.51,,,,28.01,31.92,24.47,83.89,68.3,0.0,5.25,0.17,852.59,,47.37,50.02,34.88,57.19,23.62,62.51,12.81,8163.0,63703.0,70.5,Boa,0,0,0
2024-02-07,2,38,Pedra de Guaratiba,XXVI,XXVI — Guaratiba,-22.9961,-43.6339,33.67,48.0,,42.03,97.73,,,,28.47,32.55,24.4,80.66,66.47,0.0,2.71,0.58,885.67,,47.37,50.02,34.88,57.19,23.62,62.51,12.81,8163.0,63703.0,70.5,Boa,0,0,0
2024-02-08,2,39,Pedra de Guaratiba,XXVI,XXVI — Guaratiba,-22.9961,-43.6339,37.92,67.0,,45.93,112.2,,,,29.17,33.65,24.75,77.11,63.07,0.0,-0.16,0.52,921.47,,47.37,50.02,34.88,57.19,23.62,62.51,12.81,8163.0,63703.0,70.5,Boa,0,1,0
2024-02-09,2,40,Pedra de Guaratiba,XXVI,XXVI — Guaratiba,-22.9961,-43.6339,33.36,65.0,,48.89,123.66,,,,29.5,35.07,24.63,74.46,54.63,0.0,-1.21,-0.09,957.11,,47.37,50.02,34.88,57.19,23.62,62.51,12.81,8163.0,63703.0,70.5,Boa,0,0,0
2024-02-10,2,41,Pedra de Guaratiba,XXVI,XXVI — Guaratiba,-22.9961,-43.6339,35.5,69.0,,44.37,97.12,,,,29.0,34.75,24.43,72.62,50.2,0.0,-2.09,0.61,991.54,,47.37,50.02,34.88,57.19,23.62,62.51,12.81,8163.0,63703.0,70.5,Boa,0,1,0
2024-02-11,2,42,Pedra de Guaratiba,XXVI,XXVI — Guaratiba,-22.9961,-43.6339,29.17,66.0,,47.0,96.88,,,,30.71,36.92,24.8,67.44,45.87,0.0,-3.0,1.86,1023.87,,47.37,50.02,34.88,57.19,23.62,62.51,12.81,8163.0,63703.0,70.5,Boa,0,0,0
2024-02-12,2,43,Pedra de Guaratiba,XXVI,XXVI — Guaratiba,-22.9961,-43.6339,29.5,69.0,,52.6,107.84,,,,32.71,38.77,28.75,55.51,41.6,0.0,2.06,1.06,1053.21,,47.37,50.02,34.88,57.19,23.62,62.51,12.81,8163.0,63703.0,70.5,Boa,0,1,0
2024-02-13,2,44,Pedra de Guaratiba,XXVI,XXVI — Guaratiba,-22.9961,-43.6339,33.29,85.0,,68.85,144.44,,,,32.83,39.22,28.27,56.19,41.75,0.0,-3.52,-1.96,1084.6,,47.37,50.02,34.88,57.19,23.62,62.51,12.81,8163.0,63703.0,70.5,Boa,0,1,0
2024-02-14,2,45,Pedra de Guaratiba,XXVI,XXVI — Guaratiba,-22.9961,-43.6339,22.46,39.0,,63.27,95.4,,,,28.78,32.47,25.58,73.79,58.0,2.8,-6.83,-3.74,1112.48,,47.37,50.02,34.88,57.19,23.62,62.51,12.81,8163.0,63703.0,70.5,Boa,0,0,0
2024-02-15,2,46,Pedra de Guaratiba,XXVI,XXVI — Guaratiba,-22.9961,-43.6339,19.62,26.0,,33.12,44.41,,,,25.34,26.5,24.72,97.22,91.83,26.0,-1.36,-1.11,1133.52,,47.37,50.02,34.88,57.19,23.62,62.51,12.81,8163.0,63703.0,70.5,Boa,0,0,0
2024-02-16,2,47,Pedra de Guaratiba,XXVI,XXVI — Guaratiba,-22.9961,-43.6339,19.74,26.0,,41.34,50.06,,,,26.57,29.25,24.78,84.73,74.35,0.0,1.69,0.75,1153.2,,47.37,50.02,34.88,57.19,23.62,62.51,12.81,8163.0,63703.0,70.5,Boa,0,0,0
2024-02-17,2,48,Pedra de Guaratiba,XXVI,XXVI — Guaratiba,-22.9961,-43.6339,23.0,36.0,,34.61,59.28,,,,26.84,30.5,23.38,83.47,70.47,0.0,-0.16,0.46,1174.56,,47.37,50.02,34.88,57.19,23.62,62.51,12.81,8163.0,63703.0,70.5,Boa,0,0,0
2024-02-18,2,49,Pedra de Guaratiba,XXVI,XXVI — Guaratiba,-22.9961,-43.6339,19.42,42.0,,38.33,54.33,,,,27.5,31.02,25.23,83.31,69.67,0.0,2.54,0.45,1195.78,,47.37,50.02,34.88,57.19,23.62,62.51,12.81,8163.0,63703.0,70.5,Boa,0,0,0
2024-02-19,2,50,Pedra de Guaratiba,XXVI,XXVI — Guaratiba,-22.9961,-43.6339,28.08,47.0,,34.0,72.77,,,,27.73,31.52,24.32,82.42,67.98,0.0,4.79,-0.38,1219.53,,47.37,50.02,34.88,57.19,23.62,62.51,12.81,8163.0,63703.0,70.5,Boa,0,0,0
2024-02-20,2,51,Pedra de Guaratiba,XXVI,XXVI — Guaratiba,-22.9961,-43.6339,29.0,38.0,,37.68,101.28,,,,26.74,30.65,24.43,86.79,73.05,1.4,-2.73,-0.53,1248.06,,47.37,50.02,34.88,57.19,23.62,62.51,12.81,8163.0,63703.0,70.5,Boa,0,0,0
2024-02-21,2,52,Pedra de Guaratiba,XXVI,XXVI — Guaratiba,-22.9961,-43.6339,22.62,41.0,,44.32,79.59,,,,26.67,30.13,23.78,90.56,76.3,22.8,-7.14,0.57,1273.88,,47.37,50.02,34.88,57.19,23.62,62.51,12.81,8163.0,63703.0,70.5,Boa,0,0,0
2024-02-22,2,53,Pedra de Guaratiba,XXVI,XXVI — Guaratiba,-22.9961,-43.6339,14.71,26.0,,33.82,72.26,,,,27.87,35.33,23.2,82.92,56.27,1.4,-2.29,2.32,1292.54,,47.37,50.02,34.88,57.19,23.62,62.51,12.81,8163.0,63703.0,70.5,Boa,0,0,0
2024-02-23,2,54,Pedra de Guaratiba,XXVI,XXVI — Guaratiba,-22.9961,-43.6339,18.04,33.0,,40.79,59.46,,,,31.31,36.0,28.05,67.37,53.3,0.0,1.79,1.64,1308.92,,47.37,50.02,34.88,57.19,23.62,62.51,12.81,8163.0,63703.0,70.5,Boa,0,0,0
2024-02-24,2,55,Pedra de Guaratiba,XXVI,XXVI — Guaratiba,-22.9961,-43.6339,18.29,27.0,,54.84,80.58,,,,31.15,35.6,28.42,72.47,55.83,0.0,3.98,-0.83,1327.08,,47.37,50.02,34.88,57.19,23.62,62.51,12.81,8163.0,63703.0,70.5,Boa,0,0,0
2024-02-25,2,56,Pedra de Guaratiba,XXVI,XXVI — Guaratiba,-22.9961,-43.6339,26.0,39.0,,51.27,87.31,,,,29.65,33.37,26.65,83.79,68.62,0.0,3.84,-1.05,1349.22,,47.37,50.02,34.88,57.19,23.62,62.51,12.81,8163.0,63703.0,70.5,Boa,0,0,0
2024-02-26,2,57,Pedra de Guaratiba,XXVI,XXVI — Guaratiba,-22.9961,-43.6339,25.96,46.0,,59.83,112.89,,,,29.04,32.53,26.6,82.03,66.75,0.0,3.12,-0.24,1375.2,,47.37,50.02,34.88,57.19,23.62,62.51,12.81,8163.0,63703.0,70.5,Boa,0,0,0
2024-02-27,2,58,Pedra de Guaratiba,XXVI,XXVI — Guaratiba,-22.9961,-43.6339,32.25,55.0,,39.15,83.59,,,,29.17,33.98,24.73,79.47,62.63,0.0,-1.96,0.3,1404.31,,47.37,50.02,34.88,57.19,23.62,62.51,12.81,8163.0,63703.0,70.5,Boa,0,0,0
2024-02-28,2,59,Pedra de Guaratiba,XXVI,XXVI — Guaratiba,-22.9961,-43.6339,22.04,49.0,,52.18,75.5,,,,29.64,33.48,27.12,81.08,64.4,2.8,-2.88,0.02,1431.46,,47.37,50.02,34.88,57.19,23.62,62.51,12.81,8163.0,63703.0,70.5,Boa,0,0,0
2024-02-29,2,60,Pedra de Guaratiba,XXVI,XXVI — Guaratiba,-22.9961,-43.6339,26.5,47.0,,43.33,73.19,,,,29.21,33.3,25.7,82.59,67.15,0.0,1.62,-0.44,1455.72,,47.37,50.02,34.88,57.19,23.62,62.51,12.81,8163.0,63703.0,70.5,Boa,0,0,0
2024-03-01,3,61,Pedra de Guaratiba,XXVI,XXVI — Guaratiba,-22.9961,-43.6339,25.29,43.0,,36.3,61.03,,,,28.76,32.88,26.48,83.13,71.7,0.0,-1.98,-0.84,1481.62,,47.37,50.02,34.88,57.19,23.62,62.51,12.81,8163.0,63703.0,71.79,Boa,0,0,0
2024-03-02,3,62,Pedra de Guaratiba,XXVI,XXVI — Guaratiba,-22.9961,-43.6339,22.54,47.0,,41.71,68.23,,,,27.53,31.45,24.35,76.8,58.83,0.8,3.21,-0.54,1505.54,,47.37,50.02,34.88,57.19,23.62,62.51,12.81,8163.0,63703.0,71.79,Boa,0,0,0
2024-03-03,3,63,Pedra de Guaratiba,XXVI,XXVI — Guaratiba,-22.9961,-43.6339,31.71,60.0,,44.7,106.05,,,,27.67,34.22,22.17,74.48,50.83,0.0,4.96,0.77,1532.66,,47.37,50.02,34.88,57.19,23.62,62.51,12.81,8163.0,63703.0,71.79,Boa,0,0,0
2024-03-04,3,64,Pedra de Guaratiba,XXVI,XXVI — Guaratiba,-22.9961,-43.6339,32.46,66.0,,49.45,124.36,,,,29.08,37.5,22.83,70.12,40.73,0.0,1.57,0.19,1564.74,,47.37,50.02,34.88,57.19,23.62,62.51,12.81,8163.0,63703.0,71.79,Boa,0,0,0
2024-03-05,3,65,Pedra de Guaratiba,XXVI,XXVI — Guaratiba,-22.9961,-43.6339,34.86,46.0,,45.5,84.87,,,,28.06,32.9,23.15,81.63,65.02,53.2,-6.54,-1.11,1598.4,,47.37,50.02,34.88,57.19,23.62,62.51,12.81,8163.0,63703.0,71.79,Boa,0,0,0
2024-03-06,3,66,Pedra de Guaratiba,XXVI,XXVI — Guaratiba,-22.9961,-43.6339,19.39,31.0,,69.69,118.93,,,,26.85,31.77,23.17,88.54,68.9,11.6,-9.74,-0.18,1625.53,,47.37,50.02,34.88,57.19,23.62,62.51,12.81,8163.0,63703.0,71.79,Boa,0,0,0
2024-03-07,3,67,Pedra de Guaratiba,XXVI,XXVI — Guaratiba,-22.9961,-43.6339,15.38,32.0,,52.77,71.03,,,,27.7,31.3,25.38,85.59,72.42,0.0,-0.93,0.57,1642.92,,47.37,50.02,34.88,57.19,23.62,62.51,12.81,8163.0,63703.0,71.79,Boa,0,0,0
2024-03-08,3,68,Pedra de Guaratiba,XXVI,XXVI — Guaratiba,-22.9961,-43.6339,17.54,29.0,,44.68,71.53,,,,28.0,31.78,25.42,83.96,70.18,0.0,5.79,0.6,1659.38,,47.37,50.02,34.88,57.19,23.62,62.51,12.81,8163.0,63703.0,71.79,Boa,0,0,0
2024-03-09,3,69,Pedra de Guaratiba,XXVI,XXVI — Guaratiba,-22.9961,-43.6339,26.96,42.0,,48.11,98.08,,,,28.9,35.63,25.07,82.29,57.0,34.4,0.27,0.06,1681.62,,47.37,50.02,34.88,57.19,23.62,62.51,12.81,8163.0,63703.0,71.79,Boa,0,0,0
2024-03-10,3,70,Pedra de Guaratiba,XXVI,XXVI — Guaratiba,-22.9961,-43.6339,18.08,27.0,,55.19,77.25,,,,28.12,30.38,25.5,87.35,77.25,0.0,-5.23,-0.58,1704.14,,47.37,50.02,34.88,57.19,23.62,62.51,12.81,8163.0,63703.0,71.79,Boa,0,0,0
2024-03-11,3,71,Pedra de Guaratiba,XXVI,XXVI — Guaratiba,-22.9961,-43.6339,16.5,25.0,,49.86,57.23,,,,27.74,30.32,26.33,86.19,74.82,0.0,1.55,-0.59,1721.44,,47.37,50.02,34.88,57.19,23.62,62.51,12.81,8163.0,63703.0,71.79,Boa,0,0,0
2024-03-12,3,72,Pedra de Guaratiba,XXVI,XXVI — Guaratiba,-22.9961,-43.6339,21.17,41.0,,54.51,74.21,,,,26.95,30.75,24.67,83.1,70.9,0.0,9.14,-0.46,1740.27,,47.37,50.02,34.88,57.19,23.62,62.51,12.81,8163.0,63703.0,71.79,Boa,0,0,0
2024-03-13,3,73,Pedra de Guaratiba,XXVI,XXVI — Guaratiba,-22.9961,-43.6339,34.79,61.0,,50.41,78.93,,,,26.82,30.12,24.15,78.89,67.03,0.0,6.77,0.45,1768.25,,47.37,50.02,34.88,57.19,23.62,62.51,12.81,8163.0,63703.0,71.79,Boa,0,0,0
2024-03-14,3,74,Pedra de Guaratiba,XXVI,XXVI — Guaratiba,-22.9961,-43.6339,34.71,63.0,,59.67,124.72,,,,27.85,33.42,23.63,78.43,58.47,0.0,3.96,1.3,1803.0,,47.37,50.02,34.88,57.19,23.62,62.51,12.81,8163.0,63703.0,71.79,Boa,0,0,0
2024-03-15,3,75,Pedra de Guaratiba,XXVI,XXVI — Guaratiba,-22.9961,-43.6339,42.71,86.0,,67.49,144.47,,,,29.41,35.38,23.88,76.41,57.82,0.0,5.31,1.96,1841.71,,47.37,50.02,34.88,57.19,23.62,62.51,12.81,8163.0,63703.0,71.79,Boa,0,1,0
2024-03-16,3,76,Pedra de Guaratiba,XXVI,XXVI — Guaratiba,-22.9961,-43.6339,45.33,75.0,,85.14,159.23,,,,31.76,39.15,26.63,70.18,47.43,0.0,1.75,0.96,1885.73,,47.37,50.02,34.88,57.19,23.62,62.51,12.81,8163.0,63703.0,71.79,Boa,0,1,0
2024-03-17,3,77,Pedra de Guaratiba,XXVI,XXVI — Guaratiba,-22.9961,-43.6339,46.21,83.0,,98.26,174.69,,,,31.34,38.77,27.93,73.52,47.85,0.0,-8.91,-1.23,1931.5,,47.37,50.02,34.88,57.19,23.62,62.51,12.81,8163.0,63703.0,71.79,Boa,0,1,0
2024-03-18,3,78,Pedra de Guaratiba,XXVI,XXVI — Guaratiba,-22.9961,-43.6339,27.5,49.0,,81.62,116.98,,,,29.3,32.98,26.87,82.73,68.23,0.0,-1.04,-0.76,1968.36,,47.37,50.02,34.88,57.19,23.62,62.51,12.81,8163.0,63703.0,71.79,Boa,0,0,0
2024-03-19,3,79,Pedra de Guaratiba,XXVI,XXVI — Guaratiba,-22.9961,-43.6339,44.14,77.0,,49.59,104.48,,,,29.82,34.37,26.53,80.57,62.53,0.0,12.66,0.33,2004.18,,47.37,50.02,34.88,57.19,23.62,62.51,12.81,8163.0,63703.0,71.79,Boa,0,1,0
2024-03-20,3,80,Pedra de Guaratiba,XXVI,XXVI — Guaratiba,-22.9961,-43.6339,52.83,81.0,,46.53,,,,,29.96,34.17,26.32,78.71,66.35,0.0,-3.84,1.61,2052.66,,47.37,50.02,34.88,57.19,23.62,62.51,12.81,8163.0,63703.0,71.79,Boa,0,1,1
2024-03-21,3,81,Pedra de Guaratiba,XXVI,XXVI — Guaratiba,-22.9961,-43.6339,36.46,89.0,,43.470000000000006,,,,,33.05,40.47,28.52,63.57,44.53,0.0,-16.35,-2.12,2097.3,,47.37,50.02,34.88,57.19,23.62,62.51,12.81,8163.0,63703.0,71.79,Boa,0,1,1
2024-03-22,3,82,Pedra de Guaratiba,XXVI,XXVI — Guaratiba,-22.9961,-43.6339,20.12,46.0,,40.410000000000004,,,,,25.71,30.58,22.48,94.16,67.68,48.4,-2.32,-4.18,2125.59,,47.37,50.02,34.88,57.19,23.62,62.51,12.81,8163.0,63703.0,71.79,Boa,0,0,1
2024-03-23,3,83,Pedra de Guaratiba,XXVI,XXVI — Guaratiba,-22.9961,-43.6339,31.83,48.0,,37.35,,,,,24.68,28.6,22.1,85.5,64.15,16.8,-5.2,-1.32,2151.57,,47.37,50.02,34.88,57.19,23.62,62.51,12.81,8163.0,63703.0,71.79,Boa,0,0,1
2024-03-24,3,84,Pedra de Guaratiba,XXVI,XXVI — Guaratiba,-22.9961,-43.6339,9.71,17.0,,34.290000000000006,,,,,23.07,23.87,22.23,99.73,98.4,32.0,-5.2,0.29,2172.34,,47.37,50.02,34.88,57.19,23.62,62.51,12.81,8163.0,63703.0,71.79,Boa,0,0,1
2024-03-25,3,85,Pedra de Guaratiba,XXVI,XXVI — Guaratiba,-22.9961,-43.6339,21.43,28.0,,31.230000000000004,39.79,,,,25.26,27.95,22.93,90.96,78.32,0.6,2.95,0.77,2187.91,,47.37,50.02,34.88,57.19,23.62,62.51,12.81,8163.0,63703.0,71.79,Boa,0,0,1
2024-03-26,3,86,Pedra de Guaratiba,XXVI,XXVI — Guaratiba,-22.9961,-43.6339,15.62,26.0,,28.17,43.24,,,,24.61,27.58,22.68,93.72,81.25,16.6,-1.15,-0.64,2206.44,,47.37,50.02,34.88,57.19,23.62,62.51,12.81,8163.0,63703.0,71.79,Boa,0,0,0
2024-03-27,3,87,Pedra de Guaratiba,XXVI,XXVI — Guaratiba,-22.9961,-43.6339,19.12,32.0,,25.14,47.53,,,,23.99,25.95,22.82,94.74,82.92,1.0,1.56,-0.07,2223.8,,47.37,50.02,34.88,57.19,23.62,62.51,12.81,8163.0,63703.0,71.79,Boa,0,0,0
2024-03-28,3,88,Pedra de Guaratiba,XXVI,XXVI — Guaratiba,-22.9961,-43.6339,18.74,28.0,,24.76,36.43,,,,24.46,26.85,23.45,96.65,85.3,3.2,1.96,1.12,2242.73,,47.37,50.02,34.88,57.19,23.62,62.51,12.81,8163.0,63703.0,71.79,Boa,0,0,0
2024-03-29,3,89,Pedra de Guaratiba,XXVI,XXVI — Guaratiba,-22.9961,-43.6339,23.04,35.0,,35.59,60.49,,,,26.22,29.55,23.17,90.49,78.05,0.0,1.61,0.95,2263.62,,47.37,50.02,34.88,57.19,23.62,62.51,12.81,8163.0,63703.0,71.79,Boa,0,0,0
2024-03-30,3,90,Pedra de Guaratiba,XXVI,XXVI — Guaratiba,-22.9961,-43.6339,21.96,31.0,,51.68,65.33,,,,26.35,29.08,24.78,88.49,77.0,0.0,-0.73,-0.07,2286.12,,47.37,50.02,34.88,57.19,23.62,62.51,12.81,8163.0,63703.0,71.79,Boa,0,0,0
2024-03-31,3,91,Pedra de Guaratiba,XXVI,XXVI — Guaratiba,-22.9961,-43.6339,21.58,37.0,,39.42,58.56,,,,26.07,29.8,23.35,86.93,71.02,0.0,2.98,-0.26,2307.89,,47.37,50.02,34.88,57.19,23.62,62.51,12.81,8163.0,63703.0,71.79,Boa,0,0,0
2024-04-01,4,92,Pedra de Guaratiba,XXVI,XXVI — Guaratiba,-22.9961,-43.6339,27.92,44.0,,38.49,88.25,,,,25.83,30.52,21.78,82.53,64.15,0.0,9.73,0.28,2332.64,,47.37,50.02,34.88,57.19,23.62,62.51,12.81,8163.0,63703.0,73.46,Boa,0,0,0
2024-04-02,4,93,Pedra de Guaratiba,XXVI,XXVI — Guaratiba,-22.9961,-43.6339,41.04,56.0,,42.07,104.99,,,,26.62,32.95,22.4,81.52,57.15,0.0,5.2,0.1,2367.12,,47.37,50.02,34.88,57.19,23.62,62.51,12.81,8163.0,63703.0,73.46,Boa,0,0,0
2024-04-03,4,94,Pedra de Guaratiba,XXVI,XXVI — Guaratiba,-22.9961,-43.6339,38.33,62.0,,52.74,99.9,,,,26.03,30.43,23.3,87.24,66.71,0.0,1.73,0.1,2406.81,,47.37,50.02,34.88,57.19,23.62,62.51,12.81,8163.0,63703.0,73.46,Boa,0,0,0
2024-04-04,4,95,Pedra de Guaratiba,XXVI,XXVI — Guaratiba,-22.9961,-43.6339,44.5,63.0,,66.04,138.33,,,,26.82,32.05,22.17,81.8,68.15,0.0,3.77,0.37,2448.22,,47.37,50.02,34.88,57.19,23.62,62.51,12.81,8163.0,63703.0,73.46,Boa,0,0,0
2024-04-05,4,96,Pedra de Guaratiba,XXVI,XXVI — Guaratiba,-22.9961,-43.6339,45.86,98.0,,54.62,99.83,,,,26.76,31.55,22.73,83.42,67.83,0.0,-5.23,-0.31,2493.4,,47.37,50.02,34.88,57.19,23.62,62.51,12.81,8163.0,63703.0,73.46,Boa,0,1,0
2024-04-06,4,97,Pedra de Guaratiba,XXVI,XXVI — Guaratiba,-22.9961,-43.6339,34.04,78.0,,48.62,84.27,,,,26.19,30.35,22.45,84.04,64.25,0.0,-8.62,-0.42,2533.35,,47.37,50.02,34.88,57.19,23.62,62.51,12.81,8163.0,63703.0,73.46,Boa,0,1,0
2024-04-07,4,98,Pedra de Guaratiba,XXVI,XXVI — Guaratiba,-22.9961,-43.6339,28.62,72.0,,41.29,104.8,,,,25.92,30.38,23.32,86.38,68.4,0.0,1.48,0.4,2564.68,,47.37,50.02,34.88,57.19,23.62,62.51,12.81,8163.0,63703.0,73.46,Boa,0,1,0
2024-04-08,4,99,Pedra de Guaratiba,XXVI,XXVI — Guaratiba,-22.9961,-43.6339,37.0,66.0,,51.17,110.75,,,,27.0,33.68,22.13,80.69,54.38,0.0,5.0,0.63,2597.49,,47.37,50.02,34.88,57.19,23.62,62.51,12.81,8163.0,63703.0,73.46,Boa,0,0,0
2024-04-09,4,100,Pedra de Guaratiba,XXVI,XXVI — Guaratiba,-22.9961,-43.6339,38.62,60.0,,59.36,99.01,,,,27.18,33.98,24.55,83.82,55.13,0.0,4.91,-0.08,2635.3,,47.37,50.02,34.88,57.19,23.62,62.51,12.81,8163.0,63703.0,73.46,Boa,0,0,0
2024-04-10,4,101,Pedra de Guaratiba,XXVI,XXVI — Guaratiba,-22.9961,-43.6339,46.82,65.0,,51.26,119.35,,,,26.84,30.83,23.87,84.01,67.5,0.0,0.61,-0.21,2678.02,,47.37,50.02,34.88,57.19,23.62,62.51,12.81,8163.0,63703.0,73.46,Boa,0,0,0
2024-04-11,4,102,Pedra de Guaratiba,XXVI,XXVI — Guaratiba,-22.9961,-43.6339,39.83,59.0,,57.68,113.12,,,,26.77,30.58,24.12,88.25,73.97,0.0,-8.7,-0.04,2721.35,,47.37,50.02,34.88,57.19,23.62,62.51,12.81,8163.0,63703.0,73.46,Boa,0,0,0
2024-04-12,4,103,Pedra de Guaratiba,XXVI,XXVI — Guaratiba,-22.9961,-43.6339,29.43,86.0,,48.85,77.84,,,,26.75,30.23,24.17,86.48,71.1,0.0,-5.38,0.12,2755.98,,47.37,50.02,34.88,57.19,23.62,62.51,12.81,8163.0,63703.0,73.46,Boa,0,1,0
2024-04-13,4,104,Pedra de Guaratiba,XXVI,XXVI — Guaratiba,-22.9961,-43.6339,29.08,60.0,,48.55,104.9,,,,27.02,32.45,22.83,80.22,62.32,0.0,-0.61,-0.46,2785.23,,47.37,50.02,34.88,57.19,23.62,62.51,12.81,8163.0,63703.0,73.46,Boa,0,0,0
2024-04-14,4,105,Pedra de Guaratiba,XXVI,XXVI — Guaratiba,-22.9961,-43.6339,28.21,37.0,,40.76,77.18,,,,25.82,30.18,22.63,84.32,68.45,0.0,3.55,-0.11,2813.88,,47.37,50.02,34.88,57.19,23.62,62.51,12.81,8163.0,63703.0,73.46,Boa,0,0,0
2024-04-15,4,106,Pedra de Guaratiba,XXVI,XXVI — Guaratiba,-22.9961,-43.6339,36.17,61.0,,45.03,99.03,,,,26.8,33.5,23.6,77.67,53.83,0.0,6.25,1.14,2846.07,,47.37,50.02,34.88,57.19,23.62,62.51,12.81,8163.0,63703.0,73.46,Boa,0,0,0
2024-04-16,4,107,Pedra de Guaratiba,XXVI,XXVI — Guaratiba,-22.9961,-43.6339,40.71,97.0,,46.89,115.38,,,,28.11,34.0,23.6,74.8,52.17,0.0,5.38,0.61,2884.51,,47.37,50.02,34.88,57.19,23.62,62.51,12.81,8163.0,63703.0,73.46,Boa,0,1,0
2024-04-17,4,108,Pedra de Guaratiba,XXVI,XXVI — Guaratiba,-22.9961,-43.6339,46.92,93.0,,72.94,127.5,,,,28.02,31.55,24.2,72.76,58.72,0.0,-5.86,-2.28,2928.32,,47.37,50.02,34.88,57.19,23.62,62.51,12.81,8163.0,63703.0,73.46,Boa,0,1,0
2024-04-18,4,109,Pedra de Guaratiba,XXVI,XXVI — Guaratiba,-22.9961,-43.6339,29.0,44.0,,67.68,91.28,,,,23.55,25.25,20.52,88.72,79.63,8.6,-10.36,-2.22,2966.28,,47.37,50.02,34.88,57.19,23.62,62.51,12.81,8163.0,63703.0,73.46,Boa,0,0,0
2024-04-19,4,110,Pedra de Guaratiba,XXVI,XXVI — Guaratiba,-22.9961,-43.6339,26.21,34.0,,60.02,74.2,,,,23.58,27.1,20.15,75.8,62.58,0.0,6.21,-0.27,2993.89,,47.37,50.02,34.88,57.19,23.62,62.51,12.81,8163.0,63703.0,73.46,Boa,0,0,0
2024-04-20,4,111,Pedra de Guaratiba,XXVI,XXVI — Guaratiba,-22.9961,-43.6339,41.42,92.0,,44.94,94.22,,,,23.02,28.47,18.57,76.55,55.33,0.0,9.09,0.23,3027.7,,47.37,50.02,34.88,57.19,23.62,62.51,12.81,8163.0,63703.0,73.46,Boa,0,1,0
2024-04-21,4,112,Pedra de Guaratiba,XXVI,XXVI — Guaratiba,-22.9961,-43.6339,44.38,88.0,,46.61,134.62,,,,24.03,30.45,19.65,76.03,55.85,0.0,-1.25,1.03,3070.6,,47.37,50.02,34.88,57.19,23.62,62.51,12.81,8163.0,63703.0,73.46,Boa,0,1,0
2024-04-22,4,113,Pedra de Guaratiba,XXVI,XXVI — Guaratiba,-22.9961,-43.6339,38.92,78.0,,54.51,119.14,,,,25.08,30.8,20.02,73.7,55.43,0.0,18.05,1.43,3112.25,,47.37,50.02,34.88,57.19,23.62,62.51,12.81,8163.0,63703.0,73.46,Boa,0,1,0
2024-04-23,4,114,Pedra de Guaratiba,XXVI,XXVI — Guaratiba,-22.9961,-43.6339,80.48,209.0,,62.05,179.99,,,,26.9,35.87,20.68,71.69,44.7,0.0,9.15,1.33,3171.95,,47.37,50.02,34.88,57.19,23.62,62.51,12.81,8163.0,63703.0,73.46,Boa,0,1,0
2024-04-24,4,115,Pedra de Guaratiba,XXVI,XXVI — Guaratiba,-22.9961,-43.6339,57.22,94.0,,85.73,149.7,,,,27.73,37.13,23.43,71.06,40.32,0.0,-21.36,-0.53,3240.8,,47.37,50.02,34.88,57.19,23.62,62.51,12.81,8163.0,63703.0,73.46,Boa,0,1,0
2024-04-25,4,116,Pedra de Guaratiba,XXVI,XXVI — Guaratiba,-22.9961,-43.6339,37.75,72.0,,78.11,98.22,,,,25.84,27.7,24.67,86.32,81.65,0.0,-3.0,-1.06,3288.29,,47.37,50.02,34.88,57.19,23.62,62.51,12.81,8163.0,63703.0,73.46,Boa,0,1,0
2024-04-26,4,117,Pedra de Guaratiba,XXVI,XXVI — Guaratiba,-22.9961,-43.6339,51.21,191.0,,49.32,75.66,,,,25.6,28.45,24.15,78.7,67.3,0.0,6.41,1.04,3332.77,,47.37,50.02,34.88,57.19,23.62,62.51,12.81,8163.0,63703.0,73.46,Boa,0,1,0
2024-04-27,4,118,Pedra de Guaratiba,XXVI,XXVI — Guaratiba,-22.9961,-43.6339,50.57,88.0,,51.01,95.76,,,,27.93,34.42,21.42,70.99,49.23,0.0,-2.14,2.36,3383.66,,47.37,50.02,34.88,57.19,23.62,62.51,12.81,8163.0,63703.0,73.46,Boa,0,1,0
2024-04-28,4,119,Pedra de Guaratiba,XXVI,XXVI — Guaratiba,-22.9961,-43.6339,46.92,108.0,,82.43,149.58,,,,30.32,38.75,25.38,63.62,39.98,0.0,-5.07,-0.5,3432.4,,47.37,50.02,34.88,57.19,23.62,62.51,12.81,8163.0,63703.0,73.46,Boa,0,1,0
2024-04-29,4,120,Pedra de Guaratiba,XXVI,XXVI — Guaratiba,-22.9961,-43.6339,40.42,74.0,,89.98,119.79,,,,26.92,32.53,23.98,84.71,65.88,0.0,8.88,-0.98,3476.07,,47.37,50.02,34.88,57.19,23.62,62.51,12.81,8163.0,63703.0,73.46,Boa,0,1,0
2024-04-30,4,121,Pedra de Guaratiba,XXVI,XXVI — Guaratiba,-22.9961,-43.6339,64.67,147.0,,85.78,195.87,,,,28.36,34.83,23.2,77.33,54.45,0.0,10.83,1.71,3528.62,,47.37,50.02,34.88,57.19,23.62,62.51,12.81,8163.0,63703.0,73.46,Boa,0,1,0
2024-05-01,5,122,Pedra de Guaratiba,XXVI,XXVI — Guaratiba,-22.9961,-43.6339,62.08,124.0,,89.06,173.47,,,,30.34,37.33,25.37,63.13,42.58,0.0,1.47,1.44,3591.99,,47.37,50.02,34.88,57.19,23.62,62.51,12.81,8163.0,63703.0,57.78,Regular,0,1,0
2024-05-02,5,123,Pedra de Guaratiba,XXVI,XXVI — Guaratiba,-22.9961,-43.6339,67.61,162.0,,68.85,141.64,,,,31.24,38.63,25.02,58.68,36.98,0.0,-12.16,-1.46,3656.84,,47.37,50.02,34.88,57.19,23.62,62.51,12.81,8163.0,63703.0,57.78,Regular,0,1,0
2024-05-03,5,124,Pedra de Guaratiba,XXVI,XXVI — Guaratiba,-22.9961,-43.6339,37.75,86.0,,77.02,102.17,,,,27.41,30.23,23.83,76.13,62.1,0.0,0.07,-1.65,3709.52,,47.37,50.02,34.88,57.19,23.62,62.51,12.81,8163.0,63703.0,57.78,Regular,0,1,0
2024-05-04,5,125,Pedra de Guaratiba,XXVI,XXVI — Guaratiba,-22.9961,-43.6339,67.75,221.0,,84.4,197.83,,,,27.94,36.32,22.65,74.58,46.93,0.0,7.93,0.68,3762.27,,47.37,50.02,34.88,57.19,23.62,62.51,12.81,8163.0,63703.0,57.78,Regular,0,1,0
2024-05-05,5,126,Pedra de Guaratiba,XXVI,XXVI — Guaratiba,-22.9961,-43.6339,53.62,124.0,,81.61,181.42,,,,28.76,37.22,23.93,66.39,34.15,0.0,-6.02,0.17,3822.95,,47.37,50.02,34.88,57.19,23.62,62.51,12.81,8163.0,63703.0,57.78,Regular,0,1,0
2024-05-06,5,127,Pedra de Guaratiba,XXVI,XXVI — Guaratiba,-22.9961,-43.6339,55.71,101.0,,52.17,109.6,,,,28.29,35.33,23.78,67.33,42.78,0.0,0.55,0.12,3877.62,,47.37,50.02,34.88,57.19,23.62,62.51,12.81,8163.0,63703.0,57.78,Regular,0,1,0
2024-05-07,5,128,Pedra de Guaratiba,XXVI,XXVI — Guaratiba,-22.9961,-43.6339,54.71,150.0,,47.05,86.34,,,,29.01,34.72,24.27,63.84,46.6,0.0,11.54,0.6,3932.83,,47.37,50.02,34.88,57.19,23.62,62.51,12.81,8163.0,63703.0,57.78,Regular,0,1,0
2024-05-08,5,129,Pedra de Guaratiba,XXVI,XXVI — Guaratiba,-22.9961,-43.6339,78.79,187.0,,44.55,82.88,,,,29.48,36.05,24.0,60.79,40.42,0.0,-5.34,0.6,3999.58,,47.37,50.02,34.88,57.19,23.62,62.51,12.81,8163.0,63703.0,57.78,Regular,0,1,0
2024-05-09,5,130,Pedra de Guaratiba,XXVI,XXVI — Guaratiba,-22.9961,-43.6339,44.04,74.0,,87.64,150.11,,,,30.21,37.43,25.53,59.36,36.72,0.0,-7.49,-0.76,4060.99,,47.37,50.02,34.88,57.19,23.62,62.51,12.81,8163.0,63703.0,57.78,Regular,0,1,0
2024-05-10,5,131,Pedra de Guaratiba,XXVI,XXVI — Guaratiba,-22.9961,-43.6339,63.80499999999999,,,76.095,,,,,27.97,31.68,25.62,65.675,,0.0,19.76,-1.01,4114.92,,47.37,50.02,34.88,57.19,23.62,62.51,12.81,8163.0,63703.0,57.78,Regular,1,0,1
2024-05-11,5,132,Pedra de Guaratiba,XXVI,XXVI — Guaratiba,-22.9961,-43.6339,83.57,241.0,,64.55,179.59,,,,28.19,37.45,22.43,71.99,39.57,0.0,7.26,0.82,4188.6,,47.37,50.02,34.88,57.19,23.62,62.51,12.81,8163.0,63703.0,57.78,Regular,0,1,0
2024-05-12,5,133,Pedra de Guaratiba,XXVI,XXVI — Guaratiba,-22.9961,-43.6339,78.33,165.0,,78.02,205.9,,,,29.61,38.33,24.92,62.24,37.25,0.0,-0.37,0.77,4269.55,,47.37,50.02,34.88,57.19,23.62,62.51,12.81,8163.0,63703.0,57.78,Regular,0,1,0
2024-05-13,5,134,Pedra de Guaratiba,XXVI,XXVI — Guaratiba,-22.9961,-43.6339,82.83,175.0,,61.43,151.34,,,,29.74,37.93,24.18,57.21,36.15,0.0,-20.36,-1.87,4350.13,,47.37,50.02,34.88,57.19,23.62,62.51,12.81,8163.0,63703.0,57.78,Regular,0,1,0
2024-05-14,5,135,Pedra de Guaratiba,XXVI,XXVI — Guaratiba,-22.9961,-43.6339,37.61,128.0,,58.2,85.82,,,,25.87,30.07,22.63,83.61,66.52,0.6,-37.14,-3.74,4410.35,,47.37,50.02,34.88,57.19,23.62,62.51,12.81,8163.0,63703.0,57.78,Regular,0,1,0
2024-05-15,5,136,Pedra de Guaratiba,XXVI,XXVI — Guaratiba,-22.9961,-43.6339,8.54,17.0,,57.54,66.08,,,,22.26,22.73,21.42,97.04,92.82,8.0,-5.45,-0.79,4433.43,,47.37,50.02,34.88,57.19,23.62,62.51,12.81,8163.0,63703.0,57.78,Regular,0,0,0
2024-05-16,5,137,Pedra de Guaratiba,XXVI,XXVI — Guaratiba,-22.9961,-43.6339,26.71,67.0,,41.55,99.48,,,,24.29,30.12,21.4,89.28,64.2,0.0,29.54,3.51,4451.05,,47.37,50.02,34.88,57.19,23.62,62.51,12.81,8163.0,63703.0,57.78,Regular,0,1,0
2024-05-17,5,138,Pedra de Guaratiba,XXVI,XXVI — Guaratiba,-22.9961,-43.6339,67.62,169.0,,59.56,127.58,,,,29.29,37.35,23.15,66.42,38.28,0.0,11.38,1.09,4498.22,,47.37,50.02,34.88,57.19,23.62,62.51,12.81,8163.0,63703.0,57.78,Regular,0,1,0
2024-05-18,5,139,Pedra de Guaratiba,XXVI,XXVI — Guaratiba,-22.9961,-43.6339,49.46,105.0,,81.02,122.23,,,,26.47,29.2,23.15,80.94,63.16,0.0,-13.33,-1.98,4556.76,,47.37,50.02,34.88,57.19,23.62,62.51,12.81,8163.0,63703.0,57.78,Regular,0,1,0
2024-05-19,5,140,Pedra de Guaratiba,XXVI,XXVI — Guaratiba,-22.9961,-43.6339,40.96,58.0,,49.6,101.77,,,,25.33,29.55,22.75,88.69,71.17,0.0,-4.04,-0.24,4601.97,,47.37,50.02,34.88,57.19,23.62,62.51,12.81,8163.0,63703.0,57.78,Regular,0,0,0
2024-05-20,5,141,Pedra de Guaratiba,XXVI,XXVI — Guaratiba,-22.9961,-43.6339,41.38,73.0,,55.58,116.31,,,,25.98,34.3,22.7,82.0,48.35,0.0,-8.07,-0.97,4643.14,,47.37,50.02,34.88,57.19,23.62,62.51,12.81,8163.0,63703.0,57.78,Regular,0,1,0
2024-05-21,5,142,Pedra de Guaratiba,XXVI,XXVI — Guaratiba,-22.9961,-43.6339,24.82,63.0,,40.95,59.99,,,,23.39,25.67,21.33,89.85,74.4,19.6,2.2,-0.65,4676.24,,47.37,50.02,34.88,57.19,23.62,62.51,12.81,8163.0,63703.0,57.78,Regular,0,0,0
2024-05-22,5,143,Pedra de Guaratiba,XXVI,XXVI — Guaratiba,-22.9961,-43.6339,45.77,78.0,,41.54,131.26,,,,24.67,31.88,20.3,83.7,55.77,0.0,11.61,1.41,4711.53,,47.37,50.02,34.88,57.19,23.62,62.51,12.81,8163.0,63703.0,57.78,Regular,0,1,0
2024-05-23,5,144,Pedra de Guaratiba,XXVI,XXVI — Guaratiba,-22.9961,-43.6339,48.05,102.0,,47.42,100.23,,,,26.22,33.82,21.42,75.67,46.07,0.0,0.36,1.19,4758.44,,47.37,50.02,34.88,57.19,23.62,62.51,12.81,8163.0,63703.0,57.78,Regular,0,1,0
2024-05-24,5,145,Pedra de Guaratiba,XXVI,XXVI — Guaratiba,-22.9961,-43.6339,46.5,101.0,,68.97,126.16,,,,27.05,36.07,22.47,69.47,40.77,0.0,-11.13,-1.37,4805.72,,47.37,50.02,34.88,57.19,23.62,62.51,12.81,8163.0,63703.0,57.78,Regular,0,1,0
2024-05-25,5,146,Pedra de Guaratiba,XXVI,XXVI — Guaratiba,-22.9961,-43.6339,25.78,38.0,,61.89,74.94,,,,23.49,26.13,21.18,84.63,76.33,2.6,-17.44,-3.42,4841.86,,47.37,50.02,34.88,57.19,23.62,62.51,12.81,8163.0,63703.0,57.78,Regular,0,0,0
2024-05-26,5,147,Pedra de Guaratiba,XXVI,XXVI — Guaratiba,-22.9961,-43.6339,11.61,20.0,,62.14,75.15,,,,20.21,21.4,19.55,97.82,91.27,32.0,-2.28,-0.64,4860.55,,47.37,50.02,34.88,57.19,23.62,62.51,12.81,8163.0,63703.0,57.78,Regular,0,0,0
2024-05-27,5,148,Pedra de Guaratiba,XXVI,XXVI — Guaratiba,-22.9961,-43.6339,21.23,,,54.835,,,,,22.21,,,91.675,,0.4,9.62,2.0,4876.97,,47.37,50.02,34.88,57.19,23.62,62.51,12.81,8163.0,63703.0,57.78,Regular,1,0,1
2024-05-28,5,149,Pedra de Guaratiba,XXVI,XXVI — Guaratiba,-22.9961,-43.6339,30.85,41.0,,47.53,101.89,,,,24.21,30.23,20.42,85.53,62.35,0.0,4.68,-0.2,4903.01,,47.37,50.02,34.88,57.19,23.62,62.51,12.81,8163.0,63703.0,57.78,Regular,0,0,0
2024-05-29,5,150,Pedra de Guaratiba,XXVI,XXVI — Guaratiba,-22.9961,-43.6339,30.584814814814816,33.0,,60.63,80.62,,,,21.81,22.42,21.07,78.52,69.73,1.2,-0.27,-1.04,4933.73,,47.37,50.02,34.88,57.19,23.62,62.51,12.81,8163.0,63703.0,57.78,Regular,1,0,1
2024-05-30,5,151,Pedra de Guaratiba,XXVI,XXVI — Guaratiba,-22.9961,-43.6339,30.31962962962963,,,71.69,78.17,,,,22.13,24.32,20.18,69.51,59.43,0.0,-0.27,-0.21,4964.18,,47.37,50.02,34.88,57.19,23.62,62.51,12.81,8163.0,63703.0,57.78,Regular,1,0,1
2024-05-31,5,152,Pedra de Guaratiba,XXVI,XXVI — Guaratiba,-22.9961,-43.6339,30.054444444444446,,,43.44,71.52,,,,21.39,24.9,18.17,80.73,68.15,0.0,-0.27,0.25,4994.37,,47.37,50.02,34.88,57.19,23.62,62.51,12.81,8163.0,63703.0,57.78,Regular,1,0,1
2024-06-01,6,153,Pedra de Guaratiba,XXVI,XXVI — Guaratiba,-22.9961,-43.6339,29.78925925925926,,,45.79,,,,,22.633333333333333,,,76.06,,0.0,-0.27,1.24,5024.29,,47.37,50.02,34.88,57.19,23.62,62.51,12.81,8163.0,63703.0,64.28,Regular,1,0,1
2024-06-02,6,154,Pedra de Guaratiba,XXVI,XXVI — Guaratiba,-22.9961,-43.6339,29.524074074074075,,,48.14,,,,,23.87666666666667,,,71.39,,0.0,-0.27,1.24,5053.95,,47.37,50.02,34.88,57.19,23.62,62.51,12.81,8163.0,63703.0,64.28,Regular,1,0,1
2024-06-03,6,155,Pedra de Guaratiba,XXVI,XXVI — Guaratiba,-22.9961,-43.6339,29.25888888888889,,,50.49,91.05,,,,25.12,32.83,21.3,66.72,41.65,0.0,-0.27,-0.1,5083.34,,47.37,50.02,34.88,57.19,23.62,62.51,12.81,8163.0,63703.0,64.28,Regular,1,0,1
2024-06-04,6,156,Pedra de Guaratiba,XXVI,XXVI — Guaratiba,-22.9961,-43.6339,28.993703703703705,,,62.56,77.57,,,,23.68,27.27,22.3,83.79,72.8,0.0,-0.27,-1.61,5112.47,,47.37,50.02,34.88,57.19,23.62,62.51,12.81,8163.0,63703.0,64.28,Regular,1,0,1
2024-06-05,6,157,Pedra de Guaratiba,XXVI,XXVI — Guaratiba,-22.9961,-43.6339,28.72851851851852,,,48.15,67.6,,,,21.91,24.12,18.85,87.17,78.05,0.2,-0.27,-0.49,5141.33,,47.37,50.02,34.88,57.19,23.62,62.51,12.81,8163.0,63703.0,64.28,Regular,1,0,1
2024-06-06,6,158,Pedra de Guaratiba,XXVI,XXVI — Guaratiba,-22.9961,-43.6339,28.463333333333335,,,44.13,106.59,,,,22.69,29.98,17.87,82.69,53.95,0.0,-0.27,0.89,5169.92,,47.37,50.02,34.88,57.19,23.62,62.51,12.81,8163.0,63703.0,64.28,Regular,1,0,1
2024-06-07,6,159,Pedra de Guaratiba,XXVI,XXVI — Guaratiba,-22.9961,-43.6339,28.19814814814815,,,53.17,132.3,,,,23.69,30.97,19.73,80.48,50.42,0.0,-0.27,0.62,5198.26,,47.37,50.02,34.88,57.19,23.62,62.51,12.81,8163.0,63703.0,64.28,Regular,1,0,1
2024-06-08,6,160,Pedra de Guaratiba,XXVI,XXVI — Guaratiba,-22.9961,-43.6339,27.932962962962964,,,52.74,117.52,,,,23.93,30.17,19.45,85.17,56.5,0.0,-0.27,0.39,5226.32,,47.37,50.02,34.88,57.19,23.62,62.51,12.81,8163.0,63703.0,64.28,Regular,1,0,1
2024-06-09,6,161,Pedra de Guaratiba,XXVI,XXVI — Guaratiba,-22.9961,-43.6339,27.66777777777778,,,37.97,74.77,,,,24.47,30.37,20.5,74.45,50.68,0.0,-0.27,0.88,5254.12,,47.37,50.02,34.88,57.19,23.62,62.51,12.81,8163.0,63703.0,64.28,Regular,1,0,1
2024-06-10,6,162,Pedra de Guaratiba,XXVI,XXVI — Guaratiba,-22.9961,-43.6339,27.402592592592594,,,52.8,82.52,,,,25.7,31.97,21.63,67.8,47.42,0.0,-0.27,0.53,5281.66,,47.37,50.02,34.88,57.19,23.62,62.51,12.81,8163.0,63703.0,64.28,Regular,1,0,1
2024-06-11,6,163,Pedra de Guaratiba,XXVI,XXVI — Guaratiba,-22.9961,-43.6339,27.13740740740741,,,80.02,166.93,,,,25.52,33.53,21.42,64.84,41.4,0.0,-0.27,-1.2,5308.93,,47.37,50.02,34.88,57.19,23.62,62.51,12.81,8163.0,63703.0,64.28,Regular,1,0,1
2024-06-12,6,164,Pedra de Guaratiba,XXVI,XXVI — Guaratiba,-22.9961,-43.6339,26.872222222222224,,,38.26,107.38,,,,23.31,30.2,18.52,78.35,50.48,0.0,-0.27,-0.61,5335.93,,47.37,50.02,34.88,57.19,23.62,62.51,12.81,8163.0,63703.0,64.28,Regular,1,0,1
2024-06-13,6,165,Pedra de Guaratiba,XXVI,XXVI — Guaratiba,-22.9961,-43.6339,26.60703703703704,,,51.63,104.56,,,,24.3,32.23,19.32,68.22,37.87,0.0,-0.27,0.56,5362.67,,47.37,50.02,34.88,57.19,23.62,62.51,12.81,8163.0,63703.0,64.28,Regular,1,0,1
2024-06-14,6,166,Pedra de Guaratiba,XXVI,XXVI — Guaratiba,-22.9961,-43.6339,26.341851851851853,,,45.03,95.39,,,,24.43,33.0,17.65,70.92,39.6,0.0,-0.27,0.64,5389.15,,47.37,50.02,34.88,57.19,23.62,62.51,12.81,8163.0,63703.0,64.28,Regular,1,0,1
2024-06-15,6,167,Pedra de Guaratiba,XXVI,XXVI — Guaratiba,-22.9961,-43.6339,26.076666666666668,,,42.38,101.8,,,,25.58,33.55,18.42,61.22,37.28,0.0,-0.27,0.81,5415.36,,47.37,50.02,34.88,57.19,23.62,62.51,12.81,8163.0,63703.0,64.28,Regular,1,0,1
2024-06-16,6,168,Pedra de Guaratiba,XXVI,XXVI — Guaratiba,-22.9961,-43.6339,25.811481481481483,,,53.24,108.17,,,,26.06,33.38,20.97,59.56,37.15,0.0,-0.27,0.48,5441.3,,47.37,50.02,34.88,57.19,23.62,62.51,12.81,8163.0,63703.0,64.28,Regular,1,0,1
2024-06-17,6,169,Pedra de Guaratiba,XXVI,XXVI — Guaratiba,-22.9961,-43.6339,25.546296296296298,,,51.26,109.08,,,,26.53,33.75,21.33,54.53,34.78,0.0,-0.27,-0.14,5466.98,,47.37,50.02,34.88,57.19,23.62,62.51,12.81,8163.0,63703.0,64.28,Regular,1,0,1
2024-06-18,6,170,Pedra de Guaratiba,XXVI,XXVI — Guaratiba,-22.9961,-43.6339,25.281111111111112,,,64.96,117.89,,,,25.78,33.83,19.8,57.41,35.52,0.0,-0.27,-1.32,5492.39,,47.37,50.02,34.88,57.19,23.62,62.51,12.81,8163.0,63703.0,64.28,Regular,1,0,1
2024-06-19,6,171,Pedra de Guaratiba,XXVI,XXVI — Guaratiba,-22.9961,-43.6339,25.015925925925927,,,46.23,108.0,,,,23.9,33.12,19.08,66.84,39.55,0.0,-0.27,-0.4,5517.54,,47.37,50.02,34.88,57.19,23.62,62.51,12.81,8163.0,63703.0,64.28,Regular,1,0,1
2024-06-20,6,172,Pedra de Guaratiba,XXVI,XXVI — Guaratiba,-22.9961,-43.6339,24.750740740740742,,,65.6,139.51,,,,24.98,34.37,18.23,62.37,33.02,0.0,-0.27,-0.09,5542.42,,47.37,50.02,34.88,57.19,23.62,62.51,12.81,8163.0,63703.0,64.28,Regular,1,0,1
2024-06-21,6,173,Pedra de Guaratiba,XXVI,XXVI — Guaratiba,-22.9961,-43.6339,24.485555555555557,,,66.45,173.5,,,,23.71,30.62,18.17,74.51,44.42,0.0,-0.27,0.1,5567.04,,47.37,50.02,34.88,57.19,23.62,62.51,12.81,8163.0,63703.0,64.28,Regular,1,0,1
2024-06-22,6,174,Pedra de Guaratiba,XXVI,XXVI — Guaratiba,-22.9961,-43.6339,24.22037037037037,,,42.43,96.72,,,,25.18,33.12,19.83,71.11,38.25,0.0,-0.27,2.55,5591.39,,47.37,50.02,34.88,57.19,23.62,62.51,12.81,8163.0,63703.0,64.28,Regular,1,0,1
2024-06-23,6,175,Pedra de Guaratiba,XXVI,XXVI — Guaratiba,-22.9961,-43.6339,23.955185185185186,,,59.17,92.47,,,,28.81,35.42,23.2,49.23,33.55,0.0,-0.27,1.68,5615.48,,47.37,50.02,34.88,57.19,23.62,62.51,12.81,8163.0,63703.0,64.28,Regular,1,0,1
2024-06-24,6,176,Pedra de Guaratiba,XXVI,XXVI — Guaratiba,-22.9961,-43.6339,23.69,,,58.16,116.6,,,,28.53,35.13,24.65,56.71,39.02,0.0,-0.27,-1.85,5639.3,,47.37,50.02,34.88,57.19,23.62,62.51,12.81,8163.0,63703.0,64.28,Regular,1,0,1
2024-06-25,6,177,Pedra de Guaratiba,XXVI,XXVI — Guaratiba,-22.9961,-43.6339,23.424814814814816,,,60.17,84.12,,,,25.11,28.88,23.8,86.12,67.97,0.0,-0.27,-0.78,5662.86,,47.37,50.02,34.88,57.19,23.62,62.51,12.81,8163.0,63703.0,64.28,Regular,1,0,1
2024-06-26,6,178,Pedra de Guaratiba,XXVI,XXVI — Guaratiba,-22.9961,-43.6339,23.15962962962963,,,59.43,92.1,,,,26.97,32.73,21.82,72.24,48.12,0.0,-0.27,-0.32,5686.15,,47.37,50.02,34.88,57.19,23.62,62.51,12.81,8163.0,63703.0,64.28,Regular,1,0,1
2024-06-27,6,179,Pedra de Guaratiba,XXVI,XXVI — Guaratiba,-22.9961,-43.6339,22.894444444444446,,,60.66,81.14,,,,24.46,28.38,22.85,82.45,56.12,0.0,-0.27,-0.54,5709.18,,47.37,50.02,34.88,57.19,23.62,62.51,12.81,8163.0,63703.0,64.28,Regular,1,0,1
2024-06-28,6,180,Pedra de Guaratiba,XXVI,XXVI — Guaratiba,-22.9961,-43.6339,22.62925925925926,,,49.83,107.28,,,,25.9,33.22,21.67,78.38,47.63,0.0,-0.27,0.25,5731.94,,47.37,50.02,34.88,57.19,23.62,62.51,12.81,8163.0,63703.0,64.28,Regular,1,0,1
2024-06-29,6,181,Pedra de Guaratiba,XXVI,XXVI — Guaratiba,-22.9961,-43.6339,22.364074074074075,,,62.56,89.26,,,,24.97,28.43,21.48,77.32,59.62,0.4,-0.27,-3.46,5754.44,,47.37,50.02,34.88,57.19,23.62,62.51,12.81,8163.0,63703.0,64.28,Regular,1,0,1
2024-06-30,6,182,Pedra de Guaratiba,XXVI,XXVI — Guaratiba,-22.9961,-43.6339,22.09888888888889,,,54.77,69.28,,,,18.99,21.38,17.97,97.27,90.38,15.2,-0.27,-3.01,5776.67,,47.37,50.02,34.88,57.19,23.62,62.51,12.81,8163.0,63703.0,64.28,Regular,1,0,1
2024-07-01,7,183,Pedra de Guaratiba,XXVI,XXVI — Guaratiba,-22.9961,-43.6339,21.833703703703705,,,22.45,51.2,,,,18.94,21.28,18.02,95.85,81.27,2.4,-0.27,1.33,5798.64,,47.37,50.02,34.88,57.19,23.62,62.51,12.81,8163.0,63703.0,75.94,Boa,1,0,1
2024-07-02,7,184,Pedra de Guaratiba,XXVI,XXVI — Guaratiba,-22.9961,-43.6339,21.56851851851852,,,30.705,2.16,,,,21.645000000000003,17.68,16.68,84.975,99.07,0.0,-0.27,2.7,5820.34,,47.37,50.02,34.88,57.19,23.62,62.51,12.81,8163.0,63703.0,75.94,Boa,1,0,1
2024-07-03,7,185,Pedra de Guaratiba,XXVI,XXVI — Guaratiba,-22.9961,-43.6339,21.303333333333335,,,38.96,81.45,,,,24.35,29.62,18.95,74.1,55.38,0.0,-0.27,1.91,5841.78,,47.37,50.02,34.88,57.19,23.62,62.51,12.81,8163.0,63703.0,75.94,Boa,1,0,1
2024-07-04,7,186,Pedra de Guaratiba,XXVI,XXVI — Guaratiba,-22.9961,-43.6339,21.03814814814815,,,48.03,97.18,,,,25.47,33.37,19.85,70.41,42.62,0.0,-0.27,-0.05,5862.95,,47.37,50.02,34.88,57.19,23.62,62.51,12.81,8163.0,63703.0,75.94,Boa,1,0,1
2024-07-05,7,187,Pedra de Guaratiba,XXVI,XXVI — Guaratiba,-22.9961,-43.6339,20.772962962962964,,,57.32,120.36,,,,24.25,33.57,19.62,77.4,37.98,0.0,-0.27,-1.79,5883.85,,47.37,50.02,34.88,57.19,23.62,62.51,12.81,8163.0,63703.0,75.94,Boa,1,0,1
2024-07-06,7,188,Pedra de Guaratiba,XXVI,XXVI — Guaratiba,-22.9961,-43.6339,20.50777777777778,,,61.53,94.29,,,,21.89,23.67,19.05,88.13,78.8,0.0,-0.27,-0.58,5904.49,,47.37,50.02,34.88,57.19,23.62,62.51,12.81,8163.0,63703.0,75.94,Boa,1,0,1
2024-07-07,7,189,Pedra de Guaratiba,XXVI,XXVI — Guaratiba,-22.9961,-43.6339,20.242592592592594,,,74.51,140.34,,,,23.09,30.28,19.03,82.06,51.27,0.0,-0.27,0.57,5924.87,,47.37,50.02,34.88,57.19,23.62,62.51,12.81,8163.0,63703.0,75.94,Boa,1,0,1
2024-07-08,7,190,Pedra de Guaratiba,XXVI,XXVI — Guaratiba,-22.9961,-43.6339,19.97740740740741,,,64.11666666666667,84.43,,,,23.036666666666665,22.13,22.13,83.58,88.98,0.0,-0.27,-0.05,5944.98,,47.37,50.02,34.88,57.19,23.62,62.51,12.81,8163.0,63703.0,75.94,Boa,1,0,1
2024-07-09,7,191,Pedra de Guaratiba,XXVI,XXVI — Guaratiba,-22.9961,-43.6339,19.712222222222223,,,53.72333333333333,,,,,22.983333333333334,,,85.10000000000001,,0.0,-0.27,-0.05,5964.82,,47.37,50.02,34.88,57.19,23.62,62.51,12.81,8163.0,63703.0,75.94,Boa,1,0,1
2024-07-10,7,192,Pedra de Guaratiba,XXVI,XXVI — Guaratiba,-22.9961,-43.6339,19.44703703703704,,,43.33,93.37,,,,22.93,30.53,19.87,86.62,57.77,1.6,-0.27,-0.58,5984.4,,47.37,50.02,34.88,57.19,23.62,62.51,12.81,8163.0,63703.0,75.94,Boa,1,0,1
2024-07-11,7,193,Pedra de Guaratiba,XXVI,XXVI — Guaratiba,-22.9961,-43.6339,19.181851851851853,,,44.8,71.01,,,,21.82,23.22,20.48,92.51,84.45,0.0,-0.27,-0.55,6003.72,,47.37,50.02,34.88,57.19,23.62,62.51,12.81,8163.0,63703.0,75.94,Boa,1,0,1
2024-07-12,7,194,Pedra de Guaratiba,XXVI,XXVI — Guaratiba,-22.9961,-43.6339,18.916666666666668,,,44.27,65.89,,,,21.82,23.0,20.78,95.11,89.68,0.2,-0.27,-0.22,6022.76,,47.37,50.02,34.88,57.19,23.62,62.51,12.81,8163.0,63703.0,75.94,Boa,1,0,1
2024-07-13,7,195,Pedra de Guaratiba,XXVI,XXVI — Guaratiba,-22.9961,-43.6339,18.651481481481483,,,62.53,66.88,,,,21.38,22.7,20.45,92.64,88.97,0.0,-0.27,0.12,6041.55,,47.37,50.02,34.88,57.19,23.62,62.51,12.81,8163.0,63703.0,75.94,Boa,1,0,1
2024-07-14,7,196,Pedra de Guaratiba,XXVI,XXVI — Guaratiba,-22.9961,-43.6339,18.386296296296297,,,53.72,68.14,,,,22.07,28.68,20.27,87.68,60.38,0.0,-0.27,-0.5,6060.07,,47.37,50.02,34.88,57.19,23.62,62.51,12.81,8163.0,63703.0,75.94,Boa,1,0,1
2024-07-15,7,197,Pedra de Guaratiba,XXVI,XXVI — Guaratiba,-22.9961,-43.6339,18.121111111111112,,,54.83,74.65,,,,20.38,22.68,17.72,89.6,77.52,0.0,-0.27,-0.67,6078.32,,47.37,50.02,34.88,57.19,23.62,62.51,12.81,8163.0,63703.0,75.94,Boa,1,0,1
2024-07-16,7,198,Pedra de Guaratiba,XXVI,XXVI — Guaratiba,-22.9961,-43.6339,17.855925925925927,,,49.7,88.14,,,,20.73,24.95,16.75,88.24,72.43,0.0,-0.27,0.38,6096.31,,47.37,50.02,34.88,57.19,23.62,62.51,12.81,8163.0,63703.0,75.94,Boa,1,0,1
2024-07-17,7,199,Pedra de Guaratiba,XXVI,XXVI — Guaratiba,-22.9961,-43.6339,17.590740740740742,,,66.37,81.53,,,,21.13,24.68,17.88,86.8,74.03,0.0,-0.27,-0.1,6114.03,,47.37,50.02,34.88,57.19,23.62,62.51,12.81,8163.0,63703.0,75.94,Boa,1,0,1
2024-07-18,7,200,Pedra de Guaratiba,XXVI,XXVI — Guaratiba,-22.9961,-43.6339,17.325555555555557,,,51.75,102.43,,,,20.54,27.5,16.42,88.46,59.7,0.0,-0.27,-0.12,6131.49,,47.37,50.02,34.88,57.19,23.62,62.51,12.81,8163.0,63703.0,75.94,Boa,1,0,1
2024-07-19,7,201,Pedra de Guaratiba,XXVI,XXVI — Guaratiba,-22.9961,-43.6339,17.06037037037037,,,52.15,90.72,,,,20.9,24.77,17.03,86.2,68.57,0.0,-0.27,-0.34,6148.68,,47.37,50.02,34.88,57.19,23.62,62.51,12.81,8163.0,63703.0,75.94,Boa,1,0,1
2024-07-20,7,202,Pedra de Guaratiba,XXVI,XXVI — Guaratiba,-22.9961,-43.6339,16.795185185185186,,,49.88,122.66,,,,19.86,25.7,15.42,85.27,61.32,0.0,-0.27,-0.25,6165.61,,47.37,50.02,34.88,57.19,23.62,62.51,12.81,8163.0,63703.0,75.94,Boa,1,0,1
2024-07-21,7,203,Pedra de Guaratiba,XXVI,XXVI — Guaratiba,-22.9961,-43.6339,16.53,,,48.2,114.28,,,,20.39,25.77,16.12,84.61,61.48,0.0,-0.27,0.53,6182.27,,47.37,50.02,34.88,57.19,23.62,62.51,12.81,8163.0,63703.0,75.94,Boa,1,0,1
2024-07-22,7,204,Pedra de Guaratiba,XXVI,XXVI — Guaratiba,-22.9961,-43.6339,16.264814814814816,,,68.64,123.71,,,,20.91,25.13,17.0,85.77,74.53,0.0,-0.27,0.07,6198.67,,47.37,50.02,34.88,57.19,23.62,62.51,12.81,8163.0,63703.0,75.94,Boa,1,0,1
2024-07-23,7,205,Pedra de Guaratiba,XXVI,XXVI — Guaratiba,-22.9961,-43.6339,15.99962962962963,,,81.64,120.86,,,,20.53,24.77,16.67,84.15,66.9,0.0,-0.27,0.1,6214.8,,47.37,50.02,34.88,57.19,23.62,62.51,12.81,8163.0,63703.0,75.94,Boa,1,0,1
2024-07-24,7,206,Pedra de Guaratiba,XXVI,XXVI — Guaratiba,-22.9961,-43.6339,15.734444444444446,,,65.31,155.9,,,,21.11,28.75,15.52,83.43,53.6,0.0,-0.27,1.07,6230.67,,47.37,50.02,34.88,57.19,23.62,62.51,12.81,8163.0,63703.0,75.94,Boa,1,0,1
2024-07-25,7,207,Pedra de Guaratiba,XXVI,XXVI — Guaratiba,-22.9961,-43.6339,15.46925925925926,,,67.47,144.02,,,,22.67,31.83,16.87,78.76,41.3,0.0,-0.27,1.68,6246.27,,47.37,50.02,34.88,57.19,23.62,62.51,12.81,8163.0,63703.0,75.94,Boa,1,0,1
2024-07-26,7,208,Pedra de Guaratiba,XXVI,XXVI — Guaratiba,-22.9961,-43.6339,15.204074074074075,,,68.23,143.16,,,,24.47,34.2,18.62,65.96,33.68,0.0,-0.27,1.18,6261.61,,47.37,50.02,34.88,57.19,23.62,62.51,12.81,8163.0,63703.0,75.94,Boa,1,0,1
2024-07-27,7,209,Pedra de Guaratiba,XXVI,XXVI — Guaratiba,-22.9961,-43.6339,14.93888888888889,,,81.24,180.25,,,,25.03,33.05,18.72,64.72,38.37,0.0,-0.27,-0.57,6276.68,,47.37,50.02,34.88,57.19,23.62,62.51,12.81,8163.0,63703.0,75.94,Boa,1,0,1
2024-07-28,7,210,Pedra de Guaratiba,XXVI,XXVI — Guaratiba,-22.9961,-43.6339,14.673703703703705,,,97.29499999999999,160.22,,,,23.325000000000003,28.75,21.52,76.75999999999999,63.82,0.0,-0.27,-1.7,6291.49,,47.37,50.02,34.88,57.19,23.62,62.51,12.81,8163.0,63703.0,75.94,Boa,1,0,1
2024-07-29,7,211,Pedra de Guaratiba,XXVI,XXVI — Guaratiba,-22.9961,-43.6339,14.40851851851852,,,113.35,138.58,,,,21.62,23.05,20.62,88.8,80.58,0.0,-0.27,-1.73,6306.03,,47.37,50.02,34.88,57.19,23.62,62.51,12.81,8163.0,63703.0,75.94,Boa,1,0,1
2024-07-30,7,212,Pedra de Guaratiba,XXVI,XXVI — Guaratiba,-22.9961,-43.6339,14.143333333333334,,,71.59,100.08,,,,19.86,21.83,17.72,93.62,84.23,25.2,-0.27,-0.34,6320.3,,47.37,50.02,34.88,57.19,23.62,62.51,12.81,8163.0,63703.0,75.94,Boa,1,0,1
2024-07-31,7,213,Pedra de Guaratiba,XXVI,XXVI — Guaratiba,-22.9961,-43.6339,13.87814814814815,,,43.46,89.75,,,,20.95,25.63,17.92,88.49,68.42,0.0,-0.27,1.06,6334.32,,47.37,50.02,34.88,57.19,23.62,62.51,12.81,8163.0,63703.0,75.94,Boa,1,0,1
2024-08-01,8,214,Pedra de Guaratiba,XXVI,XXVI — Guaratiba,-22.9961,-43.6339,13.612962962962964,,,49.51,92.4,,,,21.98,27.77,18.05,81.4,60.88,0.0,-0.27,0.76,6348.06,,47.37,50.02,34.88,57.19,23.62,62.51,12.81,8163.0,63703.0,63.62,Regular,1,0,1
2024-08-02,8,215,Pedra de Guaratiba,XXVI,XXVI — Guaratiba,-22.9961,-43.6339,13.347777777777779,,,45.57,103.48,,,,22.46,28.17,18.27,77.38,56.0,0.0,-0.27,1.07,6361.54,,47.37,50.02,34.88,57.19,23.62,62.51,12.81,8163.0,63703.0,63.62,Regular,1,0,1
2024-08-03,8,216,Pedra de Guaratiba,XXVI,XXVI — Guaratiba,-22.9961,-43.6339,13.082592592592594,,,52.01,117.02,,,,24.12,30.77,18.3,76.05,50.63,0.0,-0.27,1.93,6374.76,,47.37,50.02,34.88,57.19,23.62,62.51,12.81,8163.0,63703.0,63.62,Regular,1,0,1
2024-08-04,8,217,Pedra de Guaratiba,XXVI,XXVI — Guaratiba,-22.9961,-43.6339,12.817407407407408,,,45.81,110.87,,,,26.32,33.5,21.62,70.85,43.93,0.0,-0.27,1.31,6387.71,,47.37,50.02,34.88,57.19,23.62,62.51,12.81,8163.0,63703.0,63.62,Regular,1,0,1
2024-08-05,8,218,Pedra de Guaratiba,XXVI,XXVI — Guaratiba,-22.9961,-43.6339,12.552222222222223,,,49.49,59.01,,,,26.743333333333332,28.67,22.9,64.53999999999999,56.2,0.0,-0.27,0.42,6400.39,,47.37,50.02,34.88,57.19,23.62,62.51,12.81,8163.0,63703.0,63.62,Regular,1,0,1
2024-08-06,8,219,Pedra de Guaratiba,XXVI,XXVI — Guaratiba,-22.9961,-43.6339,12.287037037037038,,,53.17,137.78,,,,27.166666666666668,34.9,21.57,58.23,40.57,0.0,-0.27,0.42,6412.81,,47.37,50.02,34.88,57.19,23.62,62.51,12.81,8163.0,63703.0,63.62,Regular,1,0,1
2024-08-07,8,220,Pedra de Guaratiba,XXVI,XXVI — Guaratiba,-22.9961,-43.6339,12.021851851851853,,,56.85,118.42,,,,27.59,35.83,20.33,51.92,30.25,0.0,-0.27,0.04,6424.97,,47.37,50.02,34.88,57.19,23.62,62.51,12.81,8163.0,63703.0,63.62,Regular,1,0,1
2024-08-08,8,221,Pedra de Guaratiba,XXVI,XXVI — Guaratiba,-22.9961,-43.6339,11.756666666666668,,,70.9,115.35,,,,27.25,35.28,22.5,59.1,33.37,0.0,-0.27,-1.96,6436.85,,47.37,50.02,34.88,57.19,23.62,62.51,12.81,8163.0,63703.0,63.62,Regular,1,0,1
2024-08-09,8,222,Pedra de Guaratiba,XXVI,XXVI — Guaratiba,-22.9961,-43.6339,11.491481481481483,,,75.9,112.25,,,,23.66,28.4,20.6,84.52,59.38,0.8,-0.27,-4.41,6448.48,,47.37,50.02,34.88,57.19,23.62,62.51,12.81,8163.0,63703.0,63.62,Regular,1,0,1
2024-08-10,8,223,Pedra de Guaratiba,XXVI,XXVI — Guaratiba,-22.9961,-43.6339,11.226296296296297,,,72.03,80.98,,,,18.43,21.22,16.93,88.98,68.93,51.0,-0.27,-2.38,6459.84,,47.37,50.02,34.88,57.19,23.62,62.51,12.81,8163.0,63703.0,63.62,Regular,1,0,1
2024-08-11,8,224,Pedra de Guaratiba,XXVI,XXVI — Guaratiba,-22.9961,-43.6339,10.961111111111112,,,52.41,102.89,,,,18.91,24.75,14.0,76.57,51.1,0.0,-0.27,0.54,6470.93,,47.37,50.02,34.88,57.19,23.62,62.51,12.81,8163.0,63703.0,63.62,Regular,1,0,1
2024-08-12,8,225,Pedra de Guaratiba,XXVI,XXVI — Guaratiba,-22.9961,-43.6339,10.695925925925927,,,62.51,90.48,,,,19.52,23.6,15.62,68.38,52.4,0.0,-0.27,-0.59,6481.76,,47.37,50.02,34.88,57.19,23.62,62.51,12.81,8163.0,63703.0,63.62,Regular,1,0,1
2024-08-13,8,226,Pedra de Guaratiba,XXVI,XXVI — Guaratiba,-22.9961,-43.6339,10.430740740740742,,,61.52,87.47,,,,17.74,22.45,12.2,67.39,52.48,0.0,-0.27,-0.25,6492.32,,47.37,50.02,34.88,57.19,23.62,62.51,12.81,8163.0,63703.0,63.62,Regular,1,0,1
2024-08-14,8,227,Pedra de Guaratiba,XXVI,XXVI — Guaratiba,-22.9961,-43.6339,10.165555555555557,,,52.57,110.42,,,,19.02,26.15,13.4,74.98,47.77,0.0,-0.27,1.98,6502.62,,47.37,50.02,34.88,57.19,23.62,62.51,12.81,8163.0,63703.0,63.62,Regular,1,0,1
2024-08-15,8,228,Pedra de Guaratiba,XXVI,XXVI — Guaratiba,-22.9961,-43.6339,9.900370370370371,,,60.64,122.16,,,,21.69,29.02,15.47,80.33,51.3,0.0,-0.27,2.04,6512.65,,47.37,50.02,34.88,57.19,23.62,62.51,12.81,8163.0,63703.0,63.62,Regular,1,0,1
2024-08-16,8,229,Pedra de Guaratiba,XXVI,XXVI — Guaratiba,-22.9961,-43.6339,9.635185185185186,,,59.91,157.31,,,,23.11,30.12,17.57,83.36,49.72,0.0,-0.27,1.92,6522.42,,47.37,50.02,34.88,57.19,23.62,62.51,12.81,8163.0,63703.0,63.62,Regular,1,0,1
2024-08-17,8,230,Pedra de Guaratiba,XXVI,XXVI — Guaratiba,-22.9961,-43.6339,9.370000000000001,,,94.88,243.43,,,,25.53,33.7,19.6,70.21,42.97,0.0,-0.27,1.18,6531.92,,47.37,50.02,34.88,57.19,23.62,62.51,12.81,8163.0,63703.0,63.62,Regular,1,0,1
2024-08-18,8,231,Pedra de Guaratiba,XXVI,XXVI — Guaratiba,-22.9961,-43.6339,9.104814814814816,,,89.36,220.85,,,,25.47,35.08,17.77,67.74,38.98,0.0,-0.27,0.39,6541.16,,47.37,50.02,34.88,57.19,23.62,62.51,12.81,8163.0,63703.0,63.62,Regular,1,0,1
2024-08-19,8,232,Pedra de Guaratiba,XXVI,XXVI — Guaratiba,-22.9961,-43.6339,8.83962962962963,,,67.68,156.82,,,,26.31,36.45,19.05,64.8,27.1,0.0,-0.27,-0.57,6550.13,,47.37,50.02,34.88,57.19,23.62,62.51,12.81,8163.0,63703.0,63.62,Regular,1,0,1
2024-08-20,8,233,Pedra de Guaratiba,XXVI,XXVI — Guaratiba,-22.9961,-43.6339,8.574444444444445,,,105.58,140.51,,,,24.33,28.22,21.22,71.12,41.95,0.0,-0.27,-1.54,6558.84,,47.37,50.02,34.88,57.19,23.62,62.51,12.81,8163.0,63703.0,63.62,Regular,1,0,1
2024-08-21,8,234,Pedra de Guaratiba,XXVI,XXVI — Guaratiba,-22.9961,-43.6339,8.30925925925926,,,100.34,146.99,,,,23.24,27.3,20.2,82.45,69.6,0.0,-0.27,1.15,6567.28,,47.37,50.02,34.88,57.19,23.62,62.51,12.81,8163.0,63703.0,63.62,Regular,1,0,1
2024-08-22,8,235,Pedra de Guaratiba,XXVI,XXVI — Guaratiba,-22.9961,-43.6339,8.044074074074075,,,75.5,162.27,,,,26.63,36.45,19.0,66.8,32.58,0.0,-0.27,3.04,6575.46,,47.37,50.02,34.88,57.19,23.62,62.51,12.81,8163.0,63703.0,63.62,Regular,1,0,1
2024-08-23,8,236,Pedra de Guaratiba,XXVI,XXVI — Guaratiba,-22.9961,-43.6339,7.77888888888889,,,103.92,171.47,,,,29.31,38.75,22.5,54.07,27.18,0.0,-0.27,-1.34,6583.37,,47.37,50.02,34.88,57.19,23.62,62.51,12.81,8163.0,63703.0,63.62,Regular,1,0,1
2024-08-24,8,237,Pedra de Guaratiba,XXVI,XXVI — Guaratiba,-22.9961,-43.6339,7.513703703703705,,,89.02,109.42,,,,23.94,28.97,21.07,84.49,63.58,2.0,-0.27,-4.82,6591.02,,47.37,50.02,34.88,57.19,23.62,62.51,12.81,8163.0,63703.0,63.62,Regular,1,0,1
2024-08-25,8,238,Pedra de Guaratiba,XXVI,XXVI — Guaratiba,-22.9961,-43.6339,7.2485185185185195,,,66.22,73.97,,,,19.67,21.17,16.63,90.88,86.1,12.2,-0.27,-3.19,6598.4,,47.37,50.02,34.88,57.19,23.62,62.51,12.81,8163.0,63703.0,63.62,Regular,1,0,1
2024-08-26,8,239,Pedra de Guaratiba,XXVI,XXVI — Guaratiba,-22.9961,-43.6339,6.983333333333334,,,71.58,78.14,,,,17.56,18.93,15.42,76.08,64.62,7.4,-0.27,-0.47,6605.52,,47.37,50.02,34.88,57.19,23.62,62.51,12.81,8163.0,63703.0,63.62,Regular,1,0,1
2024-08-27,8,240,Pedra de Guaratiba,XXVI,XXVI — Guaratiba,-22.9961,-43.6339,6.718148148148149,,,66.18,88.91,,,,18.74,22.67,14.42,69.17,53.27,0.0,-0.27,1.11,6612.37,,47.37,50.02,34.88,57.19,23.62,62.51,12.81,8163.0,63703.0,63.62,Regular,1,0,1
2024-08-28,8,241,Pedra de Guaratiba,XXVI,XXVI — Guaratiba,-22.9961,-43.6339,6.452962962962964,,,41.42,91.29,,,,19.78,25.05,15.28,78.01,58.53,0.0,-0.27,1.27,6618.95,,47.37,50.02,34.88,57.19,23.62,62.51,12.81,8163.0,63703.0,63.62,Regular,1,0,1
2024-08-29,8,242,Pedra de Guaratiba,XXVI,XXVI — Guaratiba,-22.9961,-43.6339,6.187777777777779,,,49.63,134.26,,,,21.28,28.62,15.53,78.24,51.53,0.0,-0.27,1.27,6625.27,,47.37,50.02,34.88,57.19,23.62,62.51,12.81,8163.0,63703.0,63.62,Regular,1,0,1
2024-08-30,8,243,Pedra de Guaratiba,XXVI,XXVI — Guaratiba,-22.9961,-43.6339,5.9225925925925935,,,67.84,151.97,,,,22.33,28.95,18.03,78.92,51.82,0.0,-0.27,-0.04,6631.33,,47.37,50.02,34.88,57.19,23.62,62.51,12.81,8163.0,63703.0,63.62,Regular,1,0,1
2024-08-31,8,244,Pedra de Guaratiba,XXVI,XXVI — Guaratiba,-22.9961,-43.6339,5.657407407407408,,,58.82,101.12,,,,21.21,24.8,17.57,90.12,77.2,0.0,-0.27,1.72,6637.12,,47.37,50.02,34.88,57.19,23.62,62.51,12.81,8163.0,63703.0,63.62,Regular,1,0,1
2024-09-01,9,245,Pedra de Guaratiba,XXVI,XXVI — Guaratiba,-22.9961,-43.6339,5.392222222222223,,,66.6,135.96,,,,25.77,35.37,19.58,73.53,36.27,0.0,-0.27,1.47,6642.64,,47.37,50.02,34.88,57.19,23.62,62.51,12.81,8163.0,63703.0,90.66,Boa,1,0,1
2024-09-02,9,246,Pedra de Guaratiba,XXVI,XXVI — Guaratiba,-22.9961,-43.6339,5.127037037037038,,,88.23,114.32,,,,24.16,28.3,21.73,75.64,43.15,0.0,-0.27,-1.19,6647.9,,47.37,50.02,34.88,57.19,23.62,62.51,12.81,8163.0,63703.0,90.66,Boa,1,0,1
2024-09-03,9,247,Pedra de Guaratiba,XXVI,XXVI — Guaratiba,-22.9961,-43.6339,4.861851851851853,,,58.36,88.66,,,,23.4,27.98,20.88,80.35,63.98,0.0,-0.27,0.06,6652.9,,47.37,50.02,34.88,57.19,23.62,62.51,12.81,8163.0,63703.0,90.66,Boa,1,0,1
2024-09-04,9,248,Pedra de Guaratiba,XXVI,XXVI — Guaratiba,-22.9961,-43.6339,4.596666666666668,,,52.77,121.32,,,,24.29,30.98,19.07,81.9,58.37,0.0,-0.27,0.35,6657.62,,47.37,50.02,34.88,57.19,23.62,62.51,12.81,8163.0,63703.0,90.66,Boa,1,0,1
2024-09-05,9,249,Pedra de Guaratiba,XXVI,XXVI — Guaratiba,-22.9961,-43.6339,4.331481481481482,,,82.89,118.5,,,,24.1,32.03,21.72,83.14,52.77,0.0,-0.27,-1.28,6662.09,,47.37,50.02,34.88,57.19,23.62,62.51,12.81,8163.0,63703.0,90.66,Boa,1,0,1
2024-09-06,9,250,Pedra de Guaratiba,XXVI,XXVI — Guaratiba,-22.9961,-43.6339,4.066296296296297,,,74.02,80.05,,,,21.73,22.3,21.48,98.15,96.9,0.2,-0.27,-0.11,6666.29,,47.37,50.02,34.88,57.19,23.62,62.51,12.81,8163.0,63703.0,90.66,Boa,1,0,1
2024-09-07,9,251,Pedra de Guaratiba,XXVI,XXVI — Guaratiba,-22.9961,-43.6339,3.801111111111112,,,53.0,115.29,,,,23.89,29.43,19.7,89.32,66.52,0.2,-0.27,2.06,6670.22,,47.37,50.02,34.88,57.19,23.62,62.51,12.81,8163.0,63703.0,90.66,Boa,1,0,1
2024-09-08,9,252,Pedra de Guaratiba,XXVI,XXVI — Guaratiba,-22.9961,-43.6339,3.535925925925927,,,63.63,125.09,,,,25.85,35.17,21.7,84.41,48.95,0.0,-0.27,1.52,6673.89,,47.37,50.02,34.88,57.19,23.62,62.51,12.81,8163.0,63703.0,90.66,Boa,1,0,1
2024-09-09,9,253,Pedra de Guaratiba,XXVI,XXVI — Guaratiba,-22.9961,-43.6339,3.2707407407407416,,,65.82,169.91,,,,26.93,35.52,21.1,76.05,43.3,0.0,-0.27,-0.71,6677.29,,47.37,50.02,34.88,57.19,23.62,62.51,12.81,8163.0,63703.0,90.66,Boa,1,0,1
2024-09-10,9,254,Pedra de Guaratiba,XXVI,XXVI — Guaratiba,-22.9961,-43.6339,3.0055555555555564,,,61.09,120.72,,,,24.43,28.38,21.25,86.26,71.83,0.0,-0.27,1.84,6680.43,,47.37,50.02,34.88,57.19,23.62,62.51,12.81,8163.0,63703.0,90.66,Boa,1,0,1
2024-09-11,9,255,Pedra de Guaratiba,XXVI,XXVI — Guaratiba,-22.9961,-43.6339,2.7403703703703712,,,100.34,200.91,,,,30.61,39.82,21.5,49.68,26.07,0.0,-0.27,3.05,6683.3,,47.37,50.02,34.88,57.19,23.62,62.51,12.81,8163.0,63703.0,90.66,Boa,1,0,1
2024-09-12,9,256,Pedra de Guaratiba,XXVI,XXVI — Guaratiba,-22.9961,-43.6339,2.475185185185186,,,58.33,151.86,,,,30.53,38.52,23.53,42.38,28.0,5.6,-0.27,-0.46,6685.91,,47.37,50.02,34.88,57.19,23.62,62.51,12.81,8163.0,63703.0,90.66,Boa,1,0,1
2024-09-13,9,257,Pedra de Guaratiba,XXVI,XXVI — Guaratiba,-22.9961,-43.6339,2.21,3.0,,0.49,0.84,,,,29.68,39.37,22.73,43.260000000000005,,0.0,0.02,-0.45,6688.26,,47.37,50.02,34.88,57.19,23.62,62.51,12.81,8163.0,63703.0,90.66,Boa,0,0,1
2024-09-14,9,258,Pedra de Guaratiba,XXVI,XXVI — Guaratiba,-22.9961,-43.6339,2.523676470588235,,,88.0,121.01,,,,29.630769230769232,,,44.14,,0.0,0.31,-0.05,6690.62,,47.37,50.02,34.88,57.19,23.62,62.51,12.81,8163.0,63703.0,90.66,Boa,1,0,1
2024-09-15,9,259,Pedra de Guaratiba,XXVI,XXVI — Guaratiba,-22.9961,-43.6339,2.8373529411764706,,,92.98,113.88,,,,29.58153846153846,,,45.02,,0.0,0.31,-0.05,6693.3,,47.37,50.02,34.88,57.19,23.62,62.51,12.81,8163.0,63703.0,90.66,Boa,1,0,1
2024-09-16,9,260,Pedra de Guaratiba,XXVI,XXVI — Guaratiba,-22.9961,-43.6339,3.1510294117647057,,,76.34,103.14,,,,29.532307692307693,,,45.900000000000006,,0.0,0.31,-0.05,6696.3,,47.37,50.02,34.88,57.19,23.62,62.51,12.81,8163.0,63703.0,90.66,Boa,1,0,1
2024-09-17,9,261,Pedra de Guaratiba,XXVI,XXVI — Guaratiba,-22.9961,-43.6339,3.4647058823529413,,,97.2,110.38,,,,29.483076923076922,,,46.78,,0.0,0.31,-0.05,6699.6,,47.37,50.02,34.88,57.19,23.62,62.51,12.81,8163.0,63703.0,90.66,Boa,1,0,1
2024-09-18,9,262,Pedra de Guaratiba,XXVI,XXVI — Guaratiba,-22.9961,-43.6339,3.7783823529411764,,,58.53,97.78,,,,29.433846153846154,,,47.660000000000004,,0.0,0.31,-0.05,6703.23,,47.37,50.02,34.88,57.19,23.62,62.51,12.81,8163.0,63703.0,90.66,Boa,1,0,1
2024-09-19,9,263,Pedra de Guaratiba,XXVI,XXVI — Guaratiba,-22.9961,-43.6339,4.0920588235294115,,,55.94,114.34,,,,29.384615384615383,,,48.54,,0.0,0.31,-0.05,6707.16,,47.37,50.02,34.88,57.19,23.62,62.51,12.81,8163.0,63703.0,90.66,Boa,1,0,1
2024-09-20,9,264,Pedra de Guaratiba,XXVI,XXVI — Guaratiba,-22.9961,-43.6339,4.4057352941176475,,,61.41,156.64,,,,29.335384615384616,,,49.42,,0.0,0.31,-0.05,6711.41,,47.37,50.02,34.88,57.19,23.62,62.51,12.81,8163.0,63703.0,90.66,Boa,1,0,1
2024-09-21,9,265,Pedra de Guaratiba,XXVI,XXVI — Guaratiba,-22.9961,-43.6339,4.719411764705882,,,78.14,106.2,,,,29.286153846153848,,,50.300000000000004,,0.0,0.31,-0.05,6715.97,,47.37,50.02,34.88,57.19,23.62,62.51,12.81,8163.0,63703.0,90.66,Boa,1,0,1
2024-09-22,9,266,Pedra de Guaratiba,XXVI,XXVI — Guaratiba,-22.9961,-43.6339,5.033088235294118,,,93.95,116.11,,,,29.236923076923077,,,51.18,,0.0,0.31,-0.05,6720.85,,47.37,50.02,34.88,57.19,23.62,62.51,12.81,8163.0,63703.0,90.66,Boa,1,0,1
2024-09-23,9,267,Pedra de Guaratiba,XXVI,XXVI — Guaratiba,-22.9961,-43.6339,5.346764705882353,,,92.96,151.36,,,,29.18769230769231,,,52.06,,0.0,0.31,-0.05,6726.04,,47.37,50.02,34.88,57.19,23.62,62.51,12.81,8163.0,63703.0,90.66,Boa,1,0,1
2024-09-24,9,268,Pedra de Guaratiba,XXVI,XXVI — Guaratiba,-22.9961,-43.6339,5.660441176470588,,,76.61,144.4,,,,29.138461538461538,,,52.94,,0.0,0.31,-0.05,6731.54,,47.37,50.02,34.88,57.19,23.62,62.51,12.81,8163.0,63703.0,90.66,Boa,1,0,1
2024-09-25,9,269,Pedra de Guaratiba,XXVI,XXVI — Guaratiba,-22.9961,-43.6339,5.974117647058823,,,68.0,148.11,,,,29.08923076923077,,,53.82,,0.0,0.31,-0.05,6737.36,,47.37,50.02,34.88,57.19,23.62,62.51,12.81,8163.0,63703.0,90.66,Boa,1,0,1
2024-09-26,9,270,Pedra de Guaratiba,XXVI,XXVI — Guaratiba,-22.9961,-43.6339,6.287794117647058,,,68.45,106.82,,,,29.04,,,54.7,,0.0,0.31,-0.05,6743.49,,47.37,50.02,34.88,57.19,23.62,62.51,12.81,8163.0,63703.0,90.66,Boa,1,0,1
2024-09-27,9,271,Pedra de Guaratiba,XXVI,XXVI — Guaratiba,-22.9961,-43.6339,6.601470588235294,,,92.26,109.2,,,,28.99076923076923,,,55.58,,0.0,0.31,-0.05,6749.94,,47.37,50.02,34.88,57.19,23.62,62.51,12.81,8163.0,63703.0,90.66,Boa,1,0,1
2024-09-28,9,272,Pedra de Guaratiba,XXVI,XXVI — Guaratiba,-22.9961,-43.6339,6.915147058823529,,,86.7,95.97,,,,28.94153846153846,,,56.46,,0.0,0.31,-0.05,6756.69,,47.37,50.02,34.88,57.19,23.62,62.51,12.81,8163.0,63703.0,90.66,Boa,1,0,1
2024-09-29,9,273,Pedra de Guaratiba,XXVI,XXVI — Guaratiba,-22.9961,-43.6339,7.228823529411764,,,69.17,104.0,,,,28.892307692307693,,,57.34,,0.0,0.31,-0.05,6763.77,,47.37,50.02,34.88,57.19,23.62,62.51,12.81,8163.0,63703.0,90.66,Boa,1,0,1
2024-09-30,9,274,Pedra de Guaratiba,XXVI,XXVI — Guaratiba,-22.9961,-43.6339,7.5424999999999995,,,68.88,148.35,,,,28.843076923076925,,,58.22,,0.0,0.31,-0.05,6771.15,,47.37,50.02,34.88,57.19,23.62,62.51,12.81,8163.0,63703.0,90.66,Boa,1,0,1
2024-10-01,10,275,Pedra de Guaratiba,XXVI,XXVI — Guaratiba,-22.9961,-43.6339,7.856176470588235,,,82.02,160.02,,,,28.793846153846154,,,59.1,,0.0,0.31,-0.05,6778.85,,47.37,50.02,34.88,57.19,23.62,62.51,12.81,8163.0,63703.0,80.45,Boa,1,0,1
2024-10-02,10,276,Pedra de Guaratiba,XXVI,XXVI — Guaratiba,-22.9961,-43.6339,8.16985294117647,,,89.7,132.54,,,,28.744615384615386,,,59.980000000000004,,0.0,0.31,-0.05,6786.86,,47.37,50.02,34.88,57.19,23.62,62.51,12.81,8163.0,63703.0,80.45,Boa,1,0,1
2024-10-03,10,277,Pedra de Guaratiba,XXVI,XXVI — Guaratiba,-22.9961,-43.6339,8.483529411764707,,,99.3,126.63,,,,28.695384615384615,,,60.86,,0.0,0.31,-0.05,6795.19,,47.37,50.02,34.88,57.19,23.62,62.51,12.81,8163.0,63703.0,80.45,Boa,1,0,1
2024-10-04,10,278,Pedra de Guaratiba,XXVI,XXVI — Guaratiba,-22.9961,-43.6339,8.79720588235294,,,80.55,87.78,,,,28.646153846153847,,,61.74,,0.0,0.31,-0.05,6803.83,,47.37,50.02,34.88,57.19,23.62,62.51,12.81,8163.0,63703.0,80.45,Boa,1,0,1
2024-10-05,10,279,Pedra de Guaratiba,XXVI,XXVI — Guaratiba,-22.9961,-43.6339,9.110882352941175,,,58.32,78.17,,,,28.596923076923076,,,62.620000000000005,,0.0,0.31,-0.05,6812.78,,47.37,50.02,34.88,57.19,23.62,62.51,12.81,8163.0,63703.0,80.45,Boa,1,0,1
2024-10-06,10,280,Pedra de Guaratiba,XXVI,XXVI — Guaratiba,-22.9961,-43.6339,9.424558823529411,,,57.57,85.85,,,,28.54769230769231,,,63.5,,0.2,0.31,-0.05,6822.05,,47.37,50.02,34.88,57.19,23.62,62.51,12.81,8163.0,63703.0,80.45,Boa,1,0,1
2024-10-07,10,281,Pedra de Guaratiba,XXVI,XXVI — Guaratiba,-22.9961,-43.6339,9.738235294117647,,,63.0,115.83,,,,28.49846153846154,,,64.38,,0.0,0.31,-0.05,6831.63,,47.37,50.02,34.88,57.19,23.62,62.51,12.81,8163.0,63703.0,80.45,Boa,1,0,1
2024-10-08,10,282,Pedra de Guaratiba,XXVI,XXVI — Guaratiba,-22.9961,-43.6339,10.051911764705881,,,64.83,111.72,,,,28.44923076923077,,,65.25999999999999,,0.0,0.31,-0.05,6841.53,,47.37,50.02,34.88,57.19,23.62,62.51,12.81,8163.0,63703.0,80.45,Boa,1,0,1
2024-10-09,10,283,Pedra de Guaratiba,XXVI,XXVI — Guaratiba,-22.9961,-43.6339,10.365588235294116,,,58.14,89.19,,,,28.400000000000002,,,66.14,,0.0,0.31,-0.05,6851.74,,47.37,50.02,34.88,57.19,23.62,62.51,12.81,8163.0,63703.0,80.45,Boa,1,0,1
2024-10-10,10,284,Pedra de Guaratiba,XXVI,XXVI — Guaratiba,-22.9961,-43.6339,10.679264705882353,,,45.15,59.13,,,,28.35076923076923,,,67.02,,0.0,0.31,-0.05,6862.26,,47.37,50.02,34.88,57.19,23.62,62.51,12.81,8163.0,63703.0,80.45,Boa,1,0,1
2024-10-11,10,285,Pedra de Guaratiba,XXVI,XXVI — Guaratiba,-22.9961,-43.6339,10.992941176470588,,,54.19,81.05,,,,28.301538461538463,,,67.9,,0.0,0.31,-0.05,6873.1,,47.37,50.02,34.88,57.19,23.62,62.51,12.81,8163.0,63703.0,80.45,Boa,1,0,1
2024-10-12,10,286,Pedra de Guaratiba,XXVI,XXVI — Guaratiba,-22.9961,-43.6339,11.306617647058822,,,91.06,115.53,,,,28.252307692307692,,,68.78,,0.0,0.31,-0.05,6884.25,,47.37,50.02,34.88,57.19,23.62,62.51,12.81,8163.0,63703.0,80.45,Boa,1,0,1
2024-10-13,10,287,Pedra de Guaratiba,XXVI,XXVI — Guaratiba,-22.9961,-43.6339,11.62029411764706,,,75.49,92.22,,,,28.203076923076924,,,69.66,,0.0,0.31,-0.05,6895.71,,47.37,50.02,34.88,57.19,23.62,62.51,12.81,8163.0,63703.0,80.45,Boa,1,0,1
2024-10-14,10,288,Pedra de Guaratiba,XXVI,XXVI — Guaratiba,-22.9961,-43.6339,11.933970588235294,,,67.87,77.13,,,,28.153846153846153,,,70.53999999999999,,0.0,0.31,-0.05,6907.49,,47.37,50.02,34.88,57.19,23.62,62.51,12.81,8163.0,63703.0,80.45,Boa,1,0,1
2024-10-15,10,289,Pedra de Guaratiba,XXVI,XXVI — Guaratiba,-22.9961,-43.6339,12.247647058823528,,,67.69,100.46,,,,28.104615384615386,,,71.42,,0.0,0.31,-0.05,6919.58,,47.37,50.02,34.88,57.19,23.62,62.51,12.81,8163.0,63703.0,80.45,Boa,1,0,1
2024-10-16,10,290,Pedra de Guaratiba,XXVI,XXVI — Guaratiba,-22.9961,-43.6339,12.561323529411766,,,73.88,119.01,,,,28.055384615384618,,,72.3,,0.0,0.31,-0.05,6931.98,,47.37,50.02,34.88,57.19,23.62,62.51,12.81,8163.0,63703.0,80.45,Boa,1,0,1
2024-10-17,10,291,Pedra de Guaratiba,XXVI,XXVI — Guaratiba,-22.9961,-43.6339,12.875,,,85.56,100.66,,,,28.006153846153847,,,73.18,,0.0,0.31,-0.05,6944.7,,47.37,50.02,34.88,57.19,23.62,62.51,12.81,8163.0,63703.0,80.45,Boa,1,0,1
2024-10-18,10,292,Pedra de Guaratiba,XXVI,XXVI — Guaratiba,-22.9961,-43.6339,13.188676470588234,,,66.76,96.69,,,,27.95692307692308,,,74.06,,0.0,0.31,-0.05,6957.73,,47.37,50.02,34.88,57.19,23.62,62.51,12.81,8163.0,63703.0,80.45,Boa,1,0,1
2024-10-19,10,293,Pedra de Guaratiba,XXVI,XXVI — Guaratiba,-22.9961,-43.6339,13.502352941176468,,,81.84,105.79,,,,27.907692307692308,,,74.94,,0.0,0.31,-0.05,6971.08,,47.37,50.02,34.88,57.19,23.62,62.51,12.81,8163.0,63703.0,80.45,Boa,1,0,1
2024-10-20,10,294,Pedra de Guaratiba,XXVI,XXVI — Guaratiba,-22.9961,-43.6339,13.816029411764706,,,73.5,93.27,,,,27.85846153846154,,,75.82,,0.0,0.31,-0.05,6984.74,,47.37,50.02,34.88,57.19,23.62,62.51,12.81,8163.0,63703.0,80.45,Boa,1,0,1
2024-10-21,10,295,Pedra de Guaratiba,XXVI,XXVI — Guaratiba,-22.9961,-43.6339,14.12970588235294,,,33.2,54.52,,,,27.80923076923077,26.8,22.9,76.69999999999999,82.43,0.0,0.31,-0.05,6998.71,,47.37,50.02,34.88,57.19,23.62,62.51,12.81,8163.0,63703.0,80.45,Boa,1,0,1
2024-10-22,10,296,Pedra de Guaratiba,XXVI,XXVI — Guaratiba,-22.9961,-43.6339,14.443382352941175,,,52.21,125.34,,,,27.76,36.2,22.35,77.58,49.07,0.0,0.31,-0.81,7013.0,,47.37,50.02,34.88,57.19,23.62,62.51,12.81,8163.0,63703.0,80.45,Boa,1,0,1
2024-10-23,10,297,Pedra de Guaratiba,XXVI,XXVI — Guaratiba,-22.9961,-43.6339,14.757058823529412,,,56.29,90.22,,,,26.19,29.37,23.58,84.33,69.75,0.0,0.31,-0.59,7027.6,,47.37,50.02,34.88,57.19,23.62,62.51,12.81,8163.0,63703.0,80.45,Boa,1,0,1
2024-10-24,10,298,Pedra de Guaratiba,XXVI,XXVI — Guaratiba,-22.9961,-43.6339,15.070735294117647,,,67.48,98.64,,,,26.58,35.85,23.22,86.36,51.4,19.6,0.31,2.05,7042.51,,47.37,50.02,34.88,57.19,23.62,62.51,12.81,8163.0,63703.0,80.45,Boa,1,0,1
2024-10-25,10,299,Pedra de Guaratiba,XXVI,XXVI — Guaratiba,-22.9961,-43.6339,15.384411764705881,,,72.77000000000001,,,,,30.3,36.18,22.02,83.43,,0.0,0.31,0.54,7057.74,,47.37,50.02,34.88,57.19,23.62,62.51,12.81,8163.0,63703.0,80.45,Boa,1,0,1
2024-10-26,10,300,Pedra de Guaratiba,XXVI,XXVI — Guaratiba,-22.9961,-43.6339,15.698088235294119,,,78.06,214.26,,,,27.65,36.33,23.48,80.5,50.08,0.0,0.31,-3.67,7073.28,,47.37,50.02,34.88,57.19,23.62,62.51,12.81,8163.0,63703.0,80.45,Boa,1,0,1
2024-10-27,10,301,Pedra de Guaratiba,XXVI,XXVI — Guaratiba,-22.9961,-43.6339,16.011764705882353,,,73.89,97.63,,,,22.97,25.53,20.33,86.77,74.25,12.6,0.31,-2.62,7089.13,,47.37,50.02,34.88,57.19,23.62,62.51,12.81,8163.0,63703.0,80.45,Boa,1,0,1
2024-10-28,10,302,Pedra de Guaratiba,XXVI,XXVI — Guaratiba,-22.9961,-43.6339,16.325441176470587,,,42.06,58.05,,,,22.4,24.32,21.53,90.77,82.8,0.0,0.31,0.58,7105.3,,47.37,50.02,34.88,57.19,23.62,62.51,12.81,8163.0,63703.0,80.45,Boa,1,0,1
2024-10-29,10,303,Pedra de Guaratiba,XXVI,XXVI — Guaratiba,-22.9961,-43.6339,16.63911764705882,,,38.7,78.76,,,,24.13,27.63,21.58,83.85,71.93,0.4,0.31,0.28,7121.78,,47.37,50.02,34.88,57.19,23.62,62.51,12.81,8163.0,63703.0,80.45,Boa,1,0,1
2024-10-30,10,304,Pedra de Guaratiba,XXVI,XXVI — Guaratiba,-22.9961,-43.6339,16.95279411764706,,,38.57,,,,,22.96,30.6,18.5,82.565,,0.0,0.31,0.02,7138.58,,47.37,50.02,34.88,57.19,23.62,62.51,12.81,8163.0,63703.0,80.45,Boa,1,0,1
2024-10-31,10,305,Pedra de Guaratiba,XXVI,XXVI — Guaratiba,-22.9961,-43.6339,17.266470588235293,,,38.44,70.2,,,,24.17,28.37,19.02,81.28,64.7,0.0,0.31,1.22,7155.69,,47.37,50.02,34.88,57.19,23.62,62.51,12.81,8163.0,63703.0,80.45,Boa,1,0,1
2024-11-01,11,306,Pedra de Guaratiba,XXVI,XXVI — Guaratiba,-22.9961,-43.6339,17.580147058823528,,,48.04,89.65,,,,25.4,31.07,21.0,83.06,60.7,0.0,0.31,0.98,7173.11,,47.37,50.02,34.88,57.19,23.62,62.51,12.81,8163.0,63703.0,75.7,Boa,1,0,1
2024-11-02,11,307,Pedra de Guaratiba,XXVI,XXVI — Guaratiba,-22.9961,-43.6339,17.893823529411765,,,46.72,82.4,,,,26.13,31.52,21.62,81.08,62.17,0.0,0.31,0.5,7190.85,,47.37,50.02,34.88,57.19,23.62,62.51,12.81,8163.0,63703.0,75.7,Boa,1,0,1
2024-11-03,11,308,Pedra de Guaratiba,XXVI,XXVI — Guaratiba,-22.9961,-43.6339,18.2075,,,41.76,82.99,,,,26.39,31.88,22.98,80.98,62.83,0.0,0.31,-0.06,7208.9,,47.37,50.02,34.88,57.19,23.62,62.51,12.81,8163.0,63703.0,75.7,Boa,1,0,1
2024-11-04,11,309,Pedra de Guaratiba,XXVI,XXVI — Guaratiba,-22.9961,-43.6339,18.521176470588234,,,28.3,65.49,,,,26.0,29.75,23.75,86.27,69.52,0.0,0.31,0.88,7227.27,,47.37,50.02,34.88,57.19,23.62,62.51,12.81,8163.0,63703.0,75.7,Boa,1,0,1
2024-11-05,11,310,Pedra de Guaratiba,XXVI,XXVI — Guaratiba,-22.9961,-43.6339,18.83485294117647,,,42.63,88.61,,,,28.14,33.15,24.05,74.83,55.77,0.0,0.31,1.46,7245.94,,47.37,50.02,34.88,57.19,23.62,62.51,12.81,8163.0,63703.0,75.7,Boa,1,0,1
2024-11-06,11,311,Pedra de Guaratiba,XXVI,XXVI — Guaratiba,-22.9961,-43.6339,19.148529411764706,,,39.825,71.81,,,,28.93,34.57,25.93,70.41,49.65,0.2,0.31,0.79,7264.94,,47.37,50.02,34.88,57.19,23.62,62.51,12.81,8163.0,63703.0,75.7,Boa,1,0,1
2024-11-07,11,312,Pedra de Guaratiba,XXVI,XXVI — Guaratiba,-22.9961,-43.6339,19.46220588235294,,,37.02,77.16,,,,29.72,36.4,25.57,65.99,44.28,0.8,0.31,-1.67,7284.24,,47.37,50.02,34.88,57.19,23.62,62.51,12.81,8163.0,63703.0,75.7,Boa,1,0,1
2024-11-08,11,313,Pedra de Guaratiba,XXVI,XXVI — Guaratiba,-22.9961,-43.6339,19.775882352941178,,,42.1,72.73,,,,25.59,29.2,21.52,84.16,63.27,45.8,0.31,-3.37,7303.86,,47.37,50.02,34.88,57.19,23.62,62.51,12.81,8163.0,63703.0,75.7,Boa,1,0,1
2024-11-09,11,314,Pedra de Guaratiba,XXVI,XXVI — Guaratiba,-22.9961,-43.6339,20.089558823529412,,,53.46,63.31,,,,22.98,24.42,21.92,92.4,83.1,3.0,0.31,-0.79,7323.79,,47.37,50.02,34.88,57.19,23.62,62.51,12.81,8163.0,63703.0,75.7,Boa,1,0,1
2024-11-10,11,315,Pedra de Guaratiba,XXVI,XXVI — Guaratiba,-22.9961,-43.6339,20.403235294117646,,,59.56,71.83,,,,24.02,27.58,21.9,78.72,62.88,0.0,0.31,1.37,7344.04,,47.37,50.02,34.88,57.19,23.62,62.51,12.81,8163.0,63703.0,75.7,Boa,1,0,1
2024-11-11,11,316,Pedra de Guaratiba,XXVI,XXVI — Guaratiba,-22.9961,-43.6339,20.716911764705884,,,61.02,109.62,,,,25.72,31.6,20.58,70.33,52.32,0.0,0.31,1.51,7364.6,,47.37,50.02,34.88,57.19,23.62,62.51,12.81,8163.0,63703.0,75.7,Boa,1,0,1
2024-11-12,11,317,Pedra de Guaratiba,XXVI,XXVI — Guaratiba,-22.9961,-43.6339,21.03058823529412,,,70.26,146.2,,,,27.03,37.12,22.5,74.56,44.0,0.0,0.31,-2.44,7385.47,,47.37,50.02,34.88,57.19,23.62,62.51,12.81,8163.0,63703.0,75.7,Boa,1,0,1
2024-11-13,11,318,Pedra de Guaratiba,XXVI,XXVI — Guaratiba,-22.9961,-43.6339,21.344264705882352,,,69.65,83.7,,,,20.84,23.7,19.53,99.05,91.8,30.8,0.31,-2.48,7406.66,,47.37,50.02,34.88,57.19,23.62,62.51,12.81,8163.0,63703.0,75.7,Boa,1,0,1
2024-11-14,11,319,Pedra de Guaratiba,XXVI,XXVI — Guaratiba,-22.9961,-43.6339,21.657941176470587,,,56.69,76.97,,,,22.08,25.42,19.75,88.97,75.43,0.0,0.31,1.46,7428.16,,47.37,50.02,34.88,57.19,23.62,62.51,12.81,8163.0,63703.0,75.7,Boa,1,0,1
2024-11-15,11,320,Pedra de Guaratiba,XXVI,XXVI — Guaratiba,-22.9961,-43.6339,21.971617647058824,,,53.08,74.52,,,,23.76,27.75,21.17,91.57,76.8,10.6,0.31,0.49,7449.98,,47.37,50.02,34.88,57.19,23.62,62.51,12.81,8163.0,63703.0,75.7,Boa,1,0,1
2024-11-16,11,321,Pedra de Guaratiba,XXVI,XXVI — Guaratiba,-22.9961,-43.6339,22.28529411764706,,,31.17,47.92,,,,23.05,24.48,21.98,99.9,99.9,45.8,0.31,0.7,7472.1,,47.37,50.02,34.88,57.19,23.62,62.51,12.81,8163.0,63703.0,75.7,Boa,1,0,1
2024-11-17,11,322,Pedra de Guaratiba,XXVI,XXVI — Guaratiba,-22.9961,-43.6339,22.598970588235293,,,39.12,95.42,,,,25.16,30.55,21.37,85.92,66.85,0.0,0.31,1.48,7494.55,,47.37,50.02,34.88,57.19,23.62,62.51,12.81,8163.0,63703.0,75.7,Boa,1,0,1
2024-11-18,11,323,Pedra de Guaratiba,XXVI,XXVI — Guaratiba,-22.9961,-43.6339,22.91264705882353,,,53.59,121.8,,,,26.02,33.75,21.78,83.6,53.87,0.0,0.31,-0.19,7517.3,,47.37,50.02,34.88,57.19,23.62,62.51,12.81,8163.0,63703.0,75.7,Boa,1,0,1
2024-11-19,11,324,Pedra de Guaratiba,XXVI,XXVI — Guaratiba,-22.9961,-43.6339,23.226323529411765,29.0,,58.54,86.44,,,,24.79,27.92,22.35,89.79,75.15,0.0,0.31,-0.08,7540.37,,47.37,50.02,34.88,57.19,23.62,62.51,12.81,8163.0,63703.0,75.7,Boa,1,0,1
2024-11-20,11,325,Pedra de Guaratiba,XXVI,XXVI — Guaratiba,-22.9961,-43.6339,23.54,38.0,,49.21,77.48,,,,25.86,29.37,22.93,87.37,72.08,0.0,-2.07,0.17,7563.76,,47.37,50.02,34.88,57.19,23.62,62.51,12.81,8163.0,63703.0,75.7,Boa,0,0,0
2024-11-21,11,326,Pedra de Guaratiba,XXVI,XXVI — Guaratiba,-22.9961,-43.6339,19.08,43.0,,50.74,65.37,,,,25.12,28.23,22.95,91.31,79.35,0.6,-2.31,-0.96,7585.07,,47.37,50.02,34.88,57.19,23.62,62.51,12.81,8163.0,63703.0,75.7,Boa,0,0,0
2024-11-22,11,327,Pedra de Guaratiba,XXVI,XXVI — Guaratiba,-22.9961,-43.6339,18.92,36.0,,46.54,53.46,,,,23.93,27.65,21.77,88.28,74.08,0.2,-0.45,-1.43,7604.07,,47.37,50.02,34.88,57.19,23.62,62.51,12.81,8163.0,63703.0,75.7,Boa,0,0,0
2024-11-23,11,328,Pedra de Guaratiba,XXVI,XXVI — Guaratiba,-22.9961,-43.6339,18.17,42.0,,40.7,53.97,,,,22.27,26.2,20.7,87.85,72.18,1.2,1.31,-0.46,7622.61,,47.37,50.02,34.88,57.19,23.62,62.51,12.81,8163.0,63703.0,75.7,Boa,0,0,0
2024-11-24,11,329,Pedra de Guaratiba,XXVI,XXVI — Guaratiba,-22.9961,-43.6339,21.54,43.0,,42.01,59.68,,,,23.01,27.03,19.62,81.61,60.98,0.0,4.52,0.72,7642.47,,47.37,50.02,34.88,57.19,23.62,62.51,12.81,8163.0,63703.0,75.7,Boa,0,0,0
2024-11-25,11,330,Pedra de Guaratiba,XXVI,XXVI — Guaratiba,-22.9961,-43.6339,27.22,47.0,,41.98,82.88,,,,23.71,29.4,18.38,75.06,57.5,0.0,10.4,2.4,7666.85,,47.37,50.02,34.88,57.19,23.62,62.51,12.81,8163.0,63703.0,75.7,Boa,0,0,0
2024-11-26,11,331,Pedra de Guaratiba,XXVI,XXVI — Guaratiba,-22.9961,-43.6339,42.35,73.0,,64.11,113.56,,,,27.81,36.5,21.13,63.96,40.45,0.0,9.52,3.74,7701.63,,47.37,50.02,34.88,57.19,23.62,62.51,12.81,8163.0,63703.0,75.7,Boa,0,1,0
2024-11-27,11,332,Pedra de Guaratiba,XXVI,XXVI — Guaratiba,-22.9961,-43.6339,46.25,77.0,,88.64,160.13,,,,31.19,39.0,23.88,56.4,37.4,0.0,6.04,2.17,7745.93,,47.37,50.02,34.88,57.19,23.62,62.51,12.81,8163.0,63703.0,75.7,Boa,0,1,0
2024-11-28,11,333,Pedra de Guaratiba,XXVI,XXVI — Guaratiba,-22.9961,-43.6339,54.42,85.0,,104.01,169.15,,,,32.16,41.25,25.22,58.77,35.45,0.0,-5.11,-2.62,7796.27,,47.37,50.02,34.88,57.19,23.62,62.51,12.81,8163.0,63703.0,75.7,Boa,0,1,0
2024-11-29,11,334,Pedra de Guaratiba,XXVI,XXVI — Guaratiba,-22.9961,-43.6339,36.04,61.0,,72.0,115.45,,,,25.96,28.42,24.67,85.73,75.07,2.0,-7.82,-2.98,7841.5,,47.37,50.02,34.88,57.19,23.62,62.51,12.81,8163.0,63703.0,75.7,Boa,0,0,0
2024-11-30,11,335,Pedra de Guaratiba,XXVI,XXVI — Guaratiba,-22.9961,-43.6339,38.79,53.0,,82.8,153.95,,,,26.19,29.9,23.88,89.38,74.08,0.6,-8.83,0.42,7878.91,,47.37,50.02,34.88,57.19,23.62,62.51,12.81,8163.0,63703.0,75.7,Boa,0,0,0
2024-12-01,12,336,Pedra de Guaratiba,XXVI,XXVI — Guaratiba,-22.9961,-43.6339,18.38,28.0,,67.07,92.76,,,,26.8,32.02,24.18,85.62,66.68,0.0,-2.68,2.02,7907.5,,47.37,50.02,34.88,57.19,23.62,62.51,12.81,8163.0,63703.0,73.26,Boa,0,0,0
2024-12-02,12,337,Pedra de Guaratiba,XXVI,XXVI — Guaratiba,-22.9961,-43.6339,33.42,50.0,,73.26,154.0,,,,30.24,38.13,23.9,72.19,50.38,0.0,1.44,-0.13,7933.4,,47.37,50.02,34.88,57.19,23.62,62.51,12.81,8163.0,63703.0,73.26,Boa,0,0,0
2024-12-03,12,338,Pedra de Guaratiba,XXVI,XXVI — Guaratiba,-22.9961,-43.6339,21.25,44.0,,74.51,102.7,,,,26.53,29.93,25.17,88.21,73.68,0.4,-12.23,-3.64,7960.73,,47.37,50.02,34.88,57.19,23.62,62.51,12.81,8163.0,63703.0,73.26,Boa,0,0,0
2024-12-04,12,339,Pedra de Guaratiba,XXVI,XXVI — Guaratiba,-22.9961,-43.6339,8.96,19.0,,58.17,84.99,,,,22.95,25.42,21.4,99.22,94.48,14.4,-4.73,-1.61,7975.84,,47.37,50.02,34.88,57.19,23.62,62.51,12.81,8163.0,63703.0,73.26,Boa,0,0,0
2024-12-05,12,340,Pedra de Guaratiba,XXVI,XXVI — Guaratiba,-22.9961,-43.6339,11.79,27.0,,38.24,48.96,,,,23.31,25.15,21.4,98.86,92.97,6.6,17.15,3.89,7986.21,,47.37,50.02,34.88,57.19,23.62,62.51,12.81,8163.0,63703.0,73.26,Boa,0,0,0
2024-12-06,12,341,Pedra de Guaratiba,XXVI,XXVI — Guaratiba,-22.9961,-43.6339,43.26,129.0,,51.78,107.35,,,,30.74,39.72,23.22,72.84,37.58,0.0,9.86,4.23,8013.74,,47.37,50.02,34.88,57.19,23.62,62.51,12.81,8163.0,63703.0,73.26,Boa,0,1,0
2024-12-07,12,342,Pedra de Guaratiba,XXVI,XXVI — Guaratiba,-22.9961,-43.6339,31.5,52.0,,98.6,142.3,,,,31.77,40.05,26.05,55.56,34.78,0.0,-6.04,-1.52,8051.12,,47.37,50.02,34.88,57.19,23.62,62.51,12.81,8163.0,63703.0,73.26,Boa,0,0,0
2024-12-08,12,343,Pedra de Guaratiba,XXVI,XXVI — Guaratiba,-22.9961,-43.6339,31.17,48.0,,60.55,87.9,,,,27.69,31.95,25.12,86.66,68.37,0.0,-1.53,-2.36,8082.45,,47.37,50.02,34.88,57.19,23.62,62.51,12.81,8163.0,63703.0,73.26,Boa,0,0,0
2024-12-09,12,344,Pedra de Guaratiba,XXVI,XXVI — Guaratiba,-22.9961,-43.6339,28.45,58.0,,55.58,97.22,,,,27.06,34.88,24.43,87.67,57.47,4.2,-5.46,-0.54,8112.26,,47.37,50.02,34.88,57.19,23.62,62.51,12.81,8163.0,63703.0,73.26,Boa,0,0,0
2024-12-10,12,345,Pedra de Guaratiba,XXVI,XXVI — Guaratiba,-22.9961,-43.6339,20.25,36.0,,47.86,91.41,,,,26.62,32.22,23.08,87.98,62.72,6.6,-4.31,-1.13,8136.61,,47.37,50.02,34.88,57.19,23.62,62.51,12.81,8163.0,63703.0,73.26,Boa,0,0,0
2024-12-11,12,346,Pedra de Guaratiba,XXVI,XXVI — Guaratiba,-22.9961,-43.6339,19.83,28.0,,54.64,63.36,,,,24.79,28.65,22.32,86.63,68.82,2.0,2.38,-0.8,8156.65,,47.37,50.02,34.88,57.19,23.62,62.51,12.81,8163.0,63703.0,73.26,Boa,0,0,0
2024-12-12,12,347,Pedra de Guaratiba,XXVI,XXVI — Guaratiba,-22.9961,-43.6339,25.0,38.0,,48.26,87.38,,,,25.03,29.57,20.25,78.6,60.53,0.2,8.67,0.66,8179.06,,47.37,50.02,34.88,57.19,23.62,62.51,12.81,8163.0,63703.0,73.26,Boa,0,0,0
2024-12-13,12,348,Pedra de Guaratiba,XXVI,XXVI — Guaratiba,-22.9961,-43.6339,37.17,64.0,,53.53,100.03,,,,26.11,31.53,22.28,75.54,60.23,0.0,1.91,1.14,8210.15,,47.37,50.02,34.88,57.19,23.62,62.51,12.81,8163.0,63703.0,73.26,Boa,0,0,0
2024-12-14,12,349,Pedra de Guaratiba,XXVI,XXVI — Guaratiba,-22.9961,-43.6339,28.83,53.0,,44.01,69.31,,,,27.32,33.78,23.48,77.77,53.42,16.6,-11.17,1.56,8243.15,,47.37,50.02,34.88,57.19,23.62,62.51,12.81,8163.0,63703.0,73.26,Boa,0,0,0
2024-12-15,12,350,Pedra de Guaratiba,XXVI,XXVI — Guaratiba,-22.9961,-43.6339,14.83,50.0,,58.08,77.13,,,,29.23,35.58,25.05,68.31,47.53,1.0,-4.22,0.72,8264.98,,47.37,50.02,34.88,57.19,23.62,62.51,12.81,8163.0,63703.0,73.26,Boa,0,0,0
2024-12-16,12,351,Pedra de Guaratiba,XXVI,XXVI — Guaratiba,-22.9961,-43.6339,20.38,51.0,,62.74,107.11,,,,28.77,36.1,23.93,72.87,49.63,14.0,8.72,-1.73,8282.58,,47.37,50.02,34.88,57.19,23.62,62.51,12.81,8163.0,63703.0,73.26,Boa,0,0,0
2024-12-17,12,352,Pedra de Guaratiba,XXVI,XXVI — Guaratiba,-22.9961,-43.6339,32.27,44.0,,34.15,86.33,,,,25.77,28.62,23.32,86.14,74.6,0.0,1.29,-1.53,8308.91,,47.37,50.02,34.88,57.19,23.62,62.51,12.81,8163.0,63703.0,73.26,Boa,0,0,0
2024-12-18,12,353,Pedra de Guaratiba,XXVI,XXVI — Guaratiba,-22.9961,-43.6339,22.96,42.0,,42.03,67.54,,,,25.71,29.22,22.88,82.36,71.38,0.2,-0.99,0.39,8336.52,,47.37,50.02,34.88,57.19,23.62,62.51,12.81,8163.0,63703.0,73.26,Boa,0,0,0
2024-12-19,12,354,Pedra de Guaratiba,XXVI,XXVI — Guaratiba,-22.9961,-43.6339,30.29,50.0,,58.69,90.99,,,,26.55,31.52,23.18,78.58,62.23,0.0,7.23,1.76,8363.15,,47.37,50.02,34.88,57.19,23.62,62.51,12.81,8163.0,63703.0,73.26,Boa,0,0,0
2024-12-20,12,355,Pedra de Guaratiba,XXVI,XXVI — Guaratiba,-22.9961,-43.6339,37.42,60.0,,50.66,83.61,,,,29.24,39.28,23.63,74.79,45.12,6.0,-5.0,0.66,8397.0,,47.37,50.02,34.88,57.19,23.62,62.51,12.81,8163.0,63703.0,73.26,Boa,0,0,0
2024-12-21,12,356,Pedra de Guaratiba,XXVI,XXVI — Guaratiba,-22.9961,-43.6339,20.29,45.0,,63.01,120.47,,,,27.88,32.62,24.1,76.53,61.37,0.0,-7.23,-1.31,8425.86,,47.37,50.02,34.88,57.19,23.62,62.51,12.81,8163.0,63703.0,73.26,Boa,0,0,0
2024-12-22,12,357,Pedra de Guaratiba,XXVI,XXVI — Guaratiba,-22.9961,-43.6339,22.96,39.0,,72.17,89.97,,,,26.62,30.02,24.47,87.46,74.03,0.0,1.96,-1.05,8447.48,,47.37,50.02,34.88,57.19,23.62,62.51,12.81,8163.0,63703.0,73.26,Boa,0,0,0
2024-12-23,12,358,Pedra de Guaratiba,XXVI,XXVI — Guaratiba,-22.9961,-43.6339,24.21,36.0,,52.44,89.56,,,,25.77,29.95,23.0,91.15,77.08,6.4,1.64,-0.65,8471.07,,47.37,50.02,34.88,57.19,23.62,62.51,12.81,8163.0,63703.0,73.26,Boa,0,0,0
2024-12-24,12,359,Pedra de Guaratiba,XXVI,XXVI — Guaratiba,-22.9961,-43.6339,26.25,37.0,,34.34,48.56,,,,25.32,28.82,23.05,88.54,72.8,2.8,1.59,1.5,8496.3,,47.37,50.02,34.88,57.19,23.62,62.51,12.81,8163.0,63703.0,73.26,Boa,0,0,0
2024-12-25,12,360,Pedra de Guaratiba,XXVI,XXVI — Guaratiba,-22.9961,-43.6339,27.39,66.0,,41.4,80.2,,,,28.76,33.98,23.52,77.3,60.67,0.0,-4.34,1.2,8523.12,,47.37,50.02,34.88,57.19,23.62,62.51,12.81,8163.0,63703.0,73.26,Boa,0,0,0
2024-12-26,12,361,Pedra de Guaratiba,XXVI,XXVI — Guaratiba,-22.9961,-43.6339,17.58,34.0,,39.38,60.55,,,,27.73,31.0,25.3,81.58,62.03,8.2,-7.14,-1.49,8545.6,,47.37,50.02,34.88,57.19,23.62,62.51,12.81,8163.0,63703.0,73.26,Boa,0,0,0
2024-12-27,12,362,Pedra de Guaratiba,XXVI,XXVI — Guaratiba,-22.9961,-43.6339,13.12,19.0,,31.72,61.73,,,,25.78,30.65,24.2,95.28,74.5,10.4,0.01,-0.62,8560.95,,47.37,50.02,34.88,57.19,23.62,62.51,12.81,8163.0,63703.0,73.26,Boa,0,0,0
2024-12-28,12,363,Pedra de Guaratiba,XXVI,XXVI — Guaratiba,-22.9961,-43.6339,17.59,32.0,,56.45,96.74,,,,26.5,29.92,23.52,87.98,74.75,0.2,4.23,0.5,8576.31,,47.37,50.02,34.88,57.19,23.62,62.51,12.81,8163.0,63703.0,73.26,Boa,0,0,0
2024-12-29,12,364,Pedra de Guaratiba,XXVI,XXVI — Guaratiba,-22.9961,-43.6339,21.58,33.0,,44.45,73.36,,,,26.78,30.48,23.95,87.99,73.4,0.0,4.19,0.24,8595.89,,47.37,50.02,34.88,57.19,23.62,62.51,12.81,8163.0,63703.0,73.26,Boa,0,0,0
2024-12-30,12,365,Pedra de Guaratiba,XXVI,XXVI — Guaratiba,-22.9961,-43.6339,25.96,52.0,,53.68,95.96,,,,26.99,30.8,24.47,87.3,71.47,0.0,8.65,-0.05,8619.66,,47.37,50.02,34.88,57.19,23.62,62.51,12.81,8163.0,63703.0,73.26,Boa,0,0,0
2024-12-31,12,366,Pedra de Guaratiba,XXVI,XXVI — Guaratiba,-22.9961,-43.6339,38.88,88.0,,42.23,73.39,,,,26.67,31.0,22.83,82.5,69.05,0.0,12.92,-0.32,8652.08,,47.37,50.02,34.88,57.19,23.62,62.51,12.81,8163.0,63703.0,73.26,Boa,0,1,0
